subject,file,region,block,direction,direction_traversal,global_traversal,map_similarity,subsample_q025,subsample_q975,is_late_reference_traversal,n_cells_available,n_cells_equalized,duration_seconds,moving_speed_mean,moving_speed_median,moving_sample_fraction
M01,sub-M01_ses-20240318T100000_behavior+ecephys.nwb,CA1,1,LtoR,1,1,0.23894058803342003,-0.019290920485516075,0.5261383482409883,False,74,11,11.340047333333132,17.243480700746698,8.003864764716932,0.5547703180212014
M01,sub-M01_ses-20240318T100000_behavior+ecephys.nwb,CA1,1,LtoR,2,3,0.22084057609046157,-0.03140890212470317,0.41889317691167305,False,74,11,7.047368571428706,19.48670126677177,12.371251261900557,0.6404494382022472
M01,sub-M01_ses-20240318T100000_behavior+ecephys.nwb,CA1,1,LtoR,3,5,0.4050458948355339,0.05286214647072444,0.6670658733123146,False,74,11,23.142555714285663,17.366925372312053,6.821043842990839,0.28324697754749567
M01,sub-M01_ses-20240318T100000_behavior+ecephys.nwb,CA1,1,LtoR,4,7,0.41674174361970673,-0.03208915879820511,0.7242559001342802,False,74,11,16.28552380952351,16.839754311579846,6.8162040211325206,0.4034229828850856
M01,sub-M01_ses-20240318T100000_behavior+ecephys.nwb,CA1,1,LtoR,5,9,0.5233434899175586,0.07343271399928686,0.8389774752562383,False,74,11,17.78990533333399,17.827967580205353,6.413190889118473,0.35874439461883406
M01,sub-M01_ses-20240318T100000_behavior+ecephys.nwb,CA1,1,LtoR,6,11,0.44681492490353525,0.06145474058798801,0.763859197569773,False,74,11,22.108283999999912,21.593058592013136,22.361841399721122,0.22382671480144403
M01,sub-M01_ses-20240318T100000_behavior+ecephys.nwb,CA1,1,LtoR,7,13,0.35416337845962387,0.07936152641838148,0.6128560586501612,False,74,11,20.54466870588203,12.012043209077392,8.780482396405777,0.4591439688715953
M01,sub-M01_ses-20240318T100000_behavior+ecephys.nwb,CA1,1,LtoR,8,15,0.482974944081345,-0.03957660855277967,0.8634179994664735,False,74,11,10.709259428571386,20.15004477264774,15.479878952454499,0.5298507462686567
M01,sub-M01_ses-20240318T100000_behavior+ecephys.nwb,CA1,1,LtoR,9,17,0.42163216185671265,0.0687433198084367,0.7865599991152601,False,74,11,10.434304000000338,21.494520893547822,10.056191974295304,0.4770992366412214
M01,sub-M01_ses-20240318T100000_behavior+ecephys.nwb,CA1,1,LtoR,10,19,0.4646979780815156,-0.018460708321634038,0.8699763093158953,False,74,11,8.875037999999222,23.887602258364748,22.874956094366837,0.5044642857142857
M01,sub-M01_ses-20240318T100000_behavior+ecephys.nwb,CA1,1,LtoR,11,21,0.44830861024359414,0.09868597218979984,0.8173834449811915,False,74,11,11.061992476191335,20.568655269152828,15.221881231197486,0.48375451263537905
M01,sub-M01_ses-20240318T100000_behavior+ecephys.nwb,CA1,1,LtoR,12,23,0.42572862344184886,-0.14750153874852107,0.8550398836187152,False,74,11,6.035704575163436,30.90940907649348,35.36195720481549,0.5629139072847682
M01,sub-M01_ses-20240318T100000_behavior+ecephys.nwb,CA1,1,LtoR,13,25,0.4217745497812534,0.07450817768597298,0.8203725277080546,False,74,11,10.834732666666241,19.527598413023686,10.548788171267562,0.5
M01,sub-M01_ses-20240318T100000_behavior+ecephys.nwb,CA1,1,LtoR,14,27,0.35028261817143497,-0.08740175191628546,0.7676232405065089,False,74,11,5.465764857142858,34.63600805444017,43.90223313266152,0.5328467153284672
M01,sub-M01_ses-20240318T100000_behavior+ecephys.nwb,CA1,1,LtoR,15,29,0.4997960547114253,0.0642436203135093,0.8570114210449423,False,74,11,15.323848235294463,22.2412334268532,13.541747771922877,0.3020833333333333
M01,sub-M01_ses-20240318T100000_behavior+ecephys.nwb,CA1,1,LtoR,16,31,0.4942181410627088,0.13958189769812637,0.838865611207105,False,74,11,42.618317333333835,17.91834179765073,8.019958093142357,0.14634146341463414
M01,sub-M01_ses-20240318T100000_behavior+ecephys.nwb,CA1,1,LtoR,17,33,0.4030471135442869,0.028250884933089488,0.7658673471188281,False,74,11,8.010249088435557,28.324055853118846,33.170681370153076,0.44776119402985076
M01,sub-M01_ses-20240318T100000_behavior+ecephys.nwb,CA1,1,LtoR,18,35,0.5158416742877564,0.06044333801354541,0.889090267847533,False,74,11,10.229664705881987,24.45779423264304,23.61688222082009,0.38671875
M01,sub-M01_ses-20240318T100000_behavior+ecephys.nwb,CA1,1,LtoR,19,37,0.4342430448053776,0.07777564603630797,0.8465237904600689,False,74,11,13.552493333333587,14.36075332385111,13.481153458840097,0.5486725663716814
M01,sub-M01_ses-20240318T100000_behavior+ecephys.nwb,CA1,1,LtoR,20,39,0.46543956415016263,0.025728416080275738,0.8212439824876823,True,74,11,13.974813228758649,20.384005528508528,11.796491723932698,0.3742857142857143
M01,sub-M01_ses-20240318T100000_behavior+ecephys.nwb,CA1,1,LtoR,21,41,0.4968167735489504,0.014830885240076055,0.8148127927971441,True,74,11,9.83603542857145,22.247433382884324,11.523892147713703,0.49193548387096775
M01,sub-M01_ses-20240318T100000_behavior+ecephys.nwb,CA1,1,LtoR,22,43,0.5284954542424678,0.10198113570475931,0.8866179908323382,True,74,11,48.45449133333295,15.064764396401118,6.924037000395101,0.17341040462427745
M01,sub-M01_ses-20240318T100000_behavior+ecephys.nwb,CA1,1,LtoR,23,45,0.4038943635268507,0.09124749144156002,0.7754305301565497,True,74,11,19.47011733333329,15.477417946058445,13.296164699481167,0.351129363449692
M01,sub-M01_ses-20240318T100000_behavior+ecephys.nwb,CA1,1,LtoR,24,47,0.505370387039294,0.04510726360914042,0.8734972265528101,True,74,11,11.957139945579002,14.849797620366159,10.318840890938825,0.6166666666666667
M01,sub-M01_ses-20240318T100000_behavior+ecephys.nwb,CA1,1,LtoR,25,49,0.4920306452124077,0.07887146743037388,0.8564815808743734,True,74,11,8.39581999999973,23.473676578226264,22.134716496273857,0.5450236966824644
M01,sub-M01_ses-20240318T100000_behavior+ecephys.nwb,CA1,1,LtoR,26,51,0.4184991696712978,0.016507935860117433,0.8558565429519468,True,74,11,9.952084816326533,21.708088164296303,13.110423787253888,0.5
M01,sub-M01_ses-20240318T100000_behavior+ecephys.nwb,CA1,1,LtoR,27,53,0.4244214178234075,0.019444977826884823,0.8518330250833714,True,74,11,7.735007000000223,24.598131841413704,16.158426874919602,0.520618556701031
M01,sub-M01_ses-20240318T100000_behavior+ecephys.nwb,CA1,1,LtoR,28,55,0.4520670181868416,0.11071320763635681,0.8706959338120006,True,74,11,28.7443126666667,15.76977172553174,5.002543969743531,0.25
M01,sub-M01_ses-20240318T100000_behavior+ecephys.nwb,CA1,1,LtoR,29,57,0.4741537731978943,0.09259914402563507,0.8164349158296361,True,74,11,9.996759850339913,17.617714962178187,16.0060537362446,0.6031746031746031
M01,sub-M01_ses-20240318T100000_behavior+ecephys.nwb,CA1,1,RtoL,1,2,0.26758215043648853,-0.018623342633040666,0.59845973652212,False,74,11,13.940990761904686,15.153224197602658,7.33173690470726,0.5214899713467048
M01,sub-M01_ses-20240318T100000_behavior+ecephys.nwb,CA1,1,RtoL,2,4,0.34166045072483653,0.034461183601902506,0.6092241815204287,False,74,11,11.757740952381027,19.710354660914504,11.298012291788659,0.4745762711864407
M01,sub-M01_ses-20240318T100000_behavior+ecephys.nwb,CA1,1,RtoL,3,6,0.39921560098601594,0.00010646080489948973,0.6652488347388024,False,74,11,13.89860619047613,18.691663904044287,11.069283508484151,0.4339080459770115
M01,sub-M01_ses-20240318T100000_behavior+ecephys.nwb,CA1,1,RtoL,4,8,0.3513440668637984,-0.04674062202160814,0.7047589664037439,False,74,11,13.03345199999967,20.266615082229805,8.452598497618732,0.4110429447852761
M01,sub-M01_ses-20240318T100000_behavior+ecephys.nwb,CA1,1,RtoL,5,10,0.30219556693894284,-0.08914473431920182,0.67343120400315,False,74,11,9.0751213333333,19.922685444949675,10.474203739120169,0.6096491228070176
M01,sub-M01_ses-20240318T100000_behavior+ecephys.nwb,CA1,1,RtoL,6,12,0.29570524212394855,-0.039490329910143784,0.6838598208222665,False,74,11,14.156372627450764,18.335087665580364,9.35367667446561,0.4309859154929577
M01,sub-M01_ses-20240318T100000_behavior+ecephys.nwb,CA1,1,RtoL,7,14,0.33627846021601315,-0.03965044600776413,0.7053575360265306,False,74,11,9.839424571428935,25.2140944673257,28.30039042805508,0.41935483870967744
M01,sub-M01_ses-20240318T100000_behavior+ecephys.nwb,CA1,1,RtoL,8,16,0.42184484787094345,-0.0056760593067973755,0.7318517548764755,False,74,11,7.916954666666243,28.127140334341696,33.62477974677362,0.49748743718592964
M01,sub-M01_ses-20240318T100000_behavior+ecephys.nwb,CA1,1,RtoL,9,18,0.31962017579773416,-0.13933604027663857,0.727136116814233,False,74,11,18.510176666667576,14.750294735606062,6.818156605130977,0.42548596112311016
M01,sub-M01_ses-20240318T100000_behavior+ecephys.nwb,CA1,1,RtoL,10,20,0.44504494013900064,-0.007621639622149888,0.7854397846968443,False,74,11,7.887781523809281,30.370074414368897,38.207090503824176,0.4494949494949495
M01,sub-M01_ses-20240318T100000_behavior+ecephys.nwb,CA1,1,RtoL,11,22,0.39524090289854535,-0.005302553104951087,0.7775959775821537,False,74,11,8.31662675816915,23.913581190378043,15.659445428637078,0.5333333333333333
M01,sub-M01_ses-20240318T100000_behavior+ecephys.nwb,CA1,1,RtoL,12,24,0.4405487701921253,0.032516279009233824,0.7222812916413451,False,74,11,12.033888666666826,24.973097599442664,23.69847545693282,0.3543046357615894
M01,sub-M01_ses-20240318T100000_behavior+ecephys.nwb,CA1,1,RtoL,13,26,0.4125998785516507,-0.044478234051575125,0.6528800576522336,False,74,11,11.073556666667173,19.53302808597029,11.467523151561586,0.4892086330935252
M01,sub-M01_ses-20240318T100000_behavior+ecephys.nwb,CA1,1,RtoL,14,28,0.3254658634952634,0.04627635807861947,0.6314360053181954,False,74,11,17.15066890756316,21.682553406666436,12.217136726825338,0.28837209302325584
M01,sub-M01_ses-20240318T100000_behavior+ecephys.nwb,CA1,1,RtoL,15,30,0.44475493078044465,0.0013933992071666352,0.7194705545395893,False,74,11,18.709793333332527,20.07862751177142,10.741597968841457,0.29850746268656714
M01,sub-M01_ses-20240318T100000_behavior+ecephys.nwb,CA1,1,RtoL,16,32,0.5082523437903426,0.02138499987118976,0.7315260761766654,False,74,11,17.430134666666163,19.169653541720145,7.193433510450017,0.33638443935926776
M01,sub-M01_ses-20240318T100000_behavior+ecephys.nwb,CA1,1,RtoL,17,34,0.4120199397363529,-0.0320680059392502,0.8022625415439096,False,74,11,11.260145578231459,25.990276208708313,30.407003543199785,0.3745583038869258
M01,sub-M01_ses-20240318T100000_behavior+ecephys.nwb,CA1,1,RtoL,18,36,0.44183833446445014,0.026906811898795808,0.7643852504777982,False,74,11,16.475443294118122,14.86998735754853,7.944338649860187,0.463768115942029
M01,sub-M01_ses-20240318T100000_behavior+ecephys.nwb,CA1,1,RtoL,19,38,0.40554593988827525,-0.024921835424216797,0.7195320737698289,False,74,11,14.810226771241105,21.98313225515757,18.979508954915296,0.3225806451612903
M01,sub-M01_ses-20240318T100000_behavior+ecephys.nwb,CA1,1,RtoL,20,40,0.48886646070512263,0.014379609045030089,0.7651387264418189,True,74,11,8.83368723809508,24.65591051920607,32.99482676137171,0.502262443438914
M01,sub-M01_ses-20240318T100000_behavior+ecephys.nwb,CA1,1,RtoL,21,42,0.5043735032917587,0.15563385592036397,0.7763882545258465,True,74,11,22.588173333333543,22.573727870656246,19.380719000249744,0.558303886925795
M01,sub-M01_ses-20240318T100000_behavior+ecephys.nwb,CA1,1,RtoL,22,44,0.412089367612192,0.0037829816504129656,0.8034154397773203,True,74,11,9.395428666666703,22.014381392622482,18.435408927875596,0.5147679324894515
M01,sub-M01_ses-20240318T100000_behavior+ecephys.nwb,CA1,1,RtoL,23,46,0.41107624265922904,0.03104678283692709,0.7510300258272441,True,74,11,14.068294721088023,16.616676297343346,9.291315654811324,0.47592067988668557
M01,sub-M01_ses-20240318T100000_behavior+ecephys.nwb,CA1,1,RtoL,24,48,0.45682086315814596,0.07708190306384964,0.6994492891484928,True,74,11,12.353689999999915,19.992259276455812,15.055868968113066,0.43870967741935485
M01,sub-M01_ses-20240318T100000_behavior+ecephys.nwb,CA1,1,RtoL,25,50,0.36383887689465444,-0.06150458625464566,0.7545047129195336,True,74,11,13.39250333333348,18.699467090386978,16.43434825519579,0.4208955223880597
M01,sub-M01_ses-20240318T100000_behavior+ecephys.nwb,CA1,1,RtoL,26,52,0.4113236082364478,-0.046698446799381635,0.769209893220654,True,74,11,12.876043850340466,17.927247080595848,12.552232655161513,0.47368421052631576
M01,sub-M01_ses-20240318T100000_behavior+ecephys.nwb,CA1,1,RtoL,27,54,0.37766177718874466,0.049009397006269544,0.6833395324390618,True,74,11,9.256605666666474,22.5535753204808,22.41731126946185,0.4978540772532189
M01,sub-M01_ses-20240318T100000_behavior+ecephys.nwb,CA1,1,RtoL,28,56,0.43571061897115115,0.06295396836209474,0.6917201888513093,True,74,11,13.592756000000008,19.689508239304658,14.036815751741571,0.4117647058823529
M01,sub-M01_ses-20240318T100000_behavior+ecephys.nwb,CA1,1,RtoL,29,58,0.45322655840165044,-0.03483040480628133,0.7018782540621715,True,74,11,13.95005148299333,16.073079930423503,10.375680708493697,0.501432664756447
M01,sub-M01_ses-20240318T100000_behavior+ecephys.nwb,CA1,2,LtoR,1,60,0.06580153330078325,-0.09188331763873113,0.38267891822176653,False,74,11,12.110577755101076,13.237608196360943,5.319072742519209,0.6336633663366337
M01,sub-M01_ses-20240318T100000_behavior+ecephys.nwb,CA1,2,LtoR,2,62,0.07436910776654684,-0.12726447780742092,0.46638215700010577,False,74,11,11.089662588235115,14.021287718671951,8.77243524937232,0.6115107913669064
M01,sub-M01_ses-20240318T100000_behavior+ecephys.nwb,CA1,2,LtoR,3,64,0.09104896395010173,-0.0529516009154302,0.5262174567157073,False,74,11,12.48319695238115,13.414116875703586,5.683185308576501,0.5987261146496815
M01,sub-M01_ses-20240318T100000_behavior+ecephys.nwb,CA1,2,LtoR,4,66,0.034791342930568736,-0.08433292941856205,0.44586725432156565,False,74,11,11.905641387754258,15.326285578178261,6.828525944418624,0.5284280936454849
M01,sub-M01_ses-20240318T100000_behavior+ecephys.nwb,CA1,2,LtoR,5,68,0.04806831460170492,-0.17577393491855825,0.5188432562723684,False,74,11,11.513779999999315,15.391211489836772,9.477102977869587,0.5640138408304498
M01,sub-M01_ses-20240318T100000_behavior+ecephys.nwb,CA1,2,LtoR,6,70,0.09265835978984281,-0.10581224226852533,0.5303883284049139,False,74,11,11.529717830064328,13.85791444294562,6.293570992309825,0.6137931034482759
M01,sub-M01_ses-20240318T100000_behavior+ecephys.nwb,CA1,2,LtoR,7,72,0.18137711048333777,-0.053629056061943396,0.5162672228538292,False,74,11,19.988873333332776,10.404592167685259,9.022548498651311,0.43912175648702595
M01,sub-M01_ses-20240318T100000_behavior+ecephys.nwb,CA1,2,LtoR,8,74,0.15168730993732638,-0.018637406334740276,0.4856852496760985,False,74,11,16.531156734694378,12.895462660217811,7.052752449868525,0.463768115942029
M01,sub-M01_ses-20240318T100000_behavior+ecephys.nwb,CA1,2,LtoR,9,76,0.1397171554415209,-0.01781550379842147,0.5035731876692882,False,74,11,21.56694134693862,10.85545080348125,5.0733997816375505,0.4359925788497217
M01,sub-M01_ses-20240318T100000_behavior+ecephys.nwb,CA1,2,LtoR,10,78,0.21208324001043027,-0.03165655554436198,0.4629748157327444,False,74,11,10.413394997998694,15.211027960079834,9.055710777389542,0.5534351145038168
M01,sub-M01_ses-20240318T100000_behavior+ecephys.nwb,CA1,2,LtoR,11,80,0.2358964997841514,0.03001926168297742,0.4641098328859159,False,74,11,22.267567333333318,11.617016372413412,6.992900574282976,0.37455197132616486
M01,sub-M01_ses-20240318T100000_behavior+ecephys.nwb,CA1,2,LtoR,12,82,0.25374840852235786,-0.03916410820708178,0.5884786380589202,False,74,11,29.396026797385275,9.170294671976894,5.473434841232528,0.45108695652173914
M01,sub-M01_ses-20240318T100000_behavior+ecephys.nwb,CA1,2,LtoR,13,84,0.31036694767097217,0.009596015490545198,0.5547740551194777,False,74,11,30.331434353742225,8.325613138337399,7.419197620333901,0.4268774703557312
M01,sub-M01_ses-20240318T100000_behavior+ecephys.nwb,CA1,2,LtoR,14,86,0.2626450204022684,-0.023720977346933375,0.4940795220118518,False,74,11,14.749556392157501,12.120729698245373,8.100428572874621,0.5756756756756757
M01,sub-M01_ses-20240318T100000_behavior+ecephys.nwb,CA1,2,LtoR,15,88,0.30994891268892594,0.03360609276514415,0.5888901551900041,False,74,11,18.84683673469408,10.977625215578735,7.493471371877878,0.4587737843551797
M01,sub-M01_ses-20240318T100000_behavior+ecephys.nwb,CA1,2,LtoR,16,90,0.32097580045011465,0.01057432602589668,0.6048529615620892,False,74,11,39.53977933333317,7.54579409567652,4.9066557736025445,0.4161616161616162
M01,sub-M01_ses-20240318T100000_behavior+ecephys.nwb,CA1,2,LtoR,17,92,0.23707439086104257,0.013535879915818413,0.5491430180771013,False,74,11,30.656806255834454,8.778781030678712,4.64230302018825,0.43359375
M01,sub-M01_ses-20240318T100000_behavior+ecephys.nwb,CA1,2,LtoR,18,94,0.2259849577794084,-0.012897961128782953,0.5431245483428963,True,74,11,28.509637904761803,8.593557382744663,6.788498355671051,0.4103641456582633
M01,sub-M01_ses-20240318T100000_behavior+ecephys.nwb,CA1,2,LtoR,19,96,0.3677379167488731,0.019979986028972562,0.6570600762815783,True,74,11,38.23532389115735,7.653667189994318,5.224020509943966,0.44723092998955066
M01,sub-M01_ses-20240318T100000_behavior+ecephys.nwb,CA1,2,LtoR,20,98,0.27423188145088917,-0.008793539698784578,0.5310538884324996,True,74,11,37.825926857142804,9.202306997227696,6.849550971370872,0.3111814345991561
M01,sub-M01_ses-20240318T100000_behavior+ecephys.nwb,CA1,2,LtoR,21,100,0.4756650439544169,0.10789209178038556,0.6747399281084095,True,74,11,58.008973333333415,6.029023683461621,5.291363882492415,0.27360441075120606
M01,sub-M01_ses-20240318T100000_behavior+ecephys.nwb,CA1,2,LtoR,22,102,0.35175301873871856,0.11874753950587684,0.5370632003972635,True,74,11,32.0629806666675,7.5921006680673475,6.3247060692449875,0.39975093399750933
M01,sub-M01_ses-20240318T100000_behavior+ecephys.nwb,CA1,2,LtoR,23,104,0.41278885184678593,0.07247903125743493,0.6444135395177806,True,74,11,77.4668773333342,5.718765817208198,5.075334937790021,0.24922600619195046
M01,sub-M01_ses-20240318T100000_behavior+ecephys.nwb,CA1,2,LtoR,24,106,0.4663045908175822,-0.013460790103148094,0.6905349270354377,True,74,11,38.36500549019638,6.329428436642983,5.6794086138856805,0.39479166666666665
M01,sub-M01_ses-20240318T100000_behavior+ecephys.nwb,CA1,2,LtoR,25,108,0.2678779741473877,0.03532912305925569,0.5204637482021236,True,74,11,19.55757581699345,9.941944405543234,6.204447578002309,0.4857142857142857
M01,sub-M01_ses-20240318T100000_behavior+ecephys.nwb,CA1,2,LtoR,26,110,0.4224663093940074,0.06474827750313704,0.6041493481645714,True,74,11,63.20572933333278,5.296252967446177,4.367778005076134,0.3206831119544592
M01,sub-M01_ses-20240318T100000_behavior+ecephys.nwb,CA1,2,LtoR,27,112,0.3128403267379057,0.0627111183348815,0.5760845410569582,True,74,11,51.093788666667024,6.492849834494473,5.691702372770358,0.3377638780297107
M01,sub-M01_ses-20240318T100000_behavior+ecephys.nwb,CA1,2,RtoL,1,59,-0.0036559632776020116,-0.1783869528203095,0.2720881869748033,False,74,11,7.328078911565171,14.675320097428413,14.869816585123559,0.7663043478260869
M01,sub-M01_ses-20240318T100000_behavior+ecephys.nwb,CA1,2,RtoL,2,61,0.11758766218781211,-0.07590068528802092,0.30066855201464143,False,74,11,10.537972745098159,14.031500774291464,8.416616877091784,0.6226415094339622
M01,sub-M01_ses-20240318T100000_behavior+ecephys.nwb,CA1,2,RtoL,3,63,0.06749372378471735,-0.1069002696917104,0.3919382511360662,False,74,11,15.541593714286137,10.696241656250594,6.120233552992348,0.6246786632390745
M01,sub-M01_ses-20240318T100000_behavior+ecephys.nwb,CA1,2,RtoL,4,65,0.0873060194201202,-0.1411167725418529,0.457035098452906,False,74,11,11.714245333333565,15.432171356724137,14.01521851715355,0.4778156996587031
M01,sub-M01_ses-20240318T100000_behavior+ecephys.nwb,CA1,2,RtoL,5,67,0.08123177196978702,-0.09065376149832073,0.4551623445208876,False,74,11,15.359990612245383,11.130699139825511,5.663840389758067,0.6233766233766234
M01,sub-M01_ses-20240318T100000_behavior+ecephys.nwb,CA1,2,RtoL,6,69,0.06326899864088113,-0.15866016943673927,0.4226412453611049,False,74,11,14.296884836602658,12.112979574088353,8.384391987888904,0.5418994413407822
M01,sub-M01_ses-20240318T100000_behavior+ecephys.nwb,CA1,2,RtoL,7,71,0.13282549200255156,-0.06166120604717925,0.5309575140698614,False,74,11,19.58898400000089,11.745391705751274,7.917106379072746,0.42448979591836733
M01,sub-M01_ses-20240318T100000_behavior+ecephys.nwb,CA1,2,RtoL,8,73,0.1218551764311396,-0.0529356483387953,0.5517463120570776,False,74,11,18.551113333332978,9.225958429519,5.366966040773968,0.6430107526881721
M01,sub-M01_ses-20240318T100000_behavior+ecephys.nwb,CA1,2,RtoL,9,75,0.3578683096010117,0.03344482413761939,0.625339707564528,False,74,11,14.291889265306054,11.102415930142516,8.740865104168822,0.5682451253481894
M01,sub-M01_ses-20240318T100000_behavior+ecephys.nwb,CA1,2,RtoL,10,77,0.3423751454171676,-0.017579393289095274,0.6823782464665822,False,74,11,20.43781020408187,11.160796249009197,6.888296431674757,0.41796875
M01,sub-M01_ses-20240318T100000_behavior+ecephys.nwb,CA1,2,RtoL,11,79,0.40587102587638724,-0.11348922618485897,0.765456699802596,False,74,11,19.344310117647183,13.303731924509622,9.688140235622633,0.371900826446281
M01,sub-M01_ses-20240318T100000_behavior+ecephys.nwb,CA1,2,RtoL,12,81,0.2831522286401776,0.010413733906255307,0.7003801633526499,False,74,11,13.45596503268007,13.629051196280377,12.413134881511454,0.5103857566765578
M01,sub-M01_ses-20240318T100000_behavior+ecephys.nwb,CA1,2,RtoL,13,83,0.3352549499232903,-0.048798818045305385,0.6557476025456223,False,74,11,22.712774836601056,9.86343665295204,6.169875379395238,0.44639718804920914
M01,sub-M01_ses-20240318T100000_behavior+ecephys.nwb,CA1,2,RtoL,14,85,0.3071770684891124,-0.0024234947526560044,0.7341470283562102,False,74,11,22.52423525410086,10.019518886725574,6.9607450149081735,0.44778761061946903
M01,sub-M01_ses-20240318T100000_behavior+ecephys.nwb,CA1,2,RtoL,15,87,0.3677979987692266,0.05743567990789505,0.638356676161229,False,74,11,22.694719238094876,10.398630241395882,5.8010061460120905,0.43209876543209874
M01,sub-M01_ses-20240318T100000_behavior+ecephys.nwb,CA1,2,RtoL,16,89,0.4572489561322992,0.05127792813019652,0.737570620220405,False,74,11,29.859345360544467,8.602067052423077,5.079786755822994,0.42168674698795183
M01,sub-M01_ses-20240318T100000_behavior+ecephys.nwb,CA1,2,RtoL,17,91,0.39400772972681974,0.04160875476705125,0.7293103291763428,False,74,11,27.83527993464122,10.56850013161134,6.706450919622648,0.3428981348637016
M01,sub-M01_ses-20240318T100000_behavior+ecephys.nwb,CA1,2,RtoL,18,93,0.44501413386350663,0.05052462267145234,0.7877692272494708,True,74,11,31.4996811428573,9.33121298326783,5.858490758685235,0.36928934010152287
M01,sub-M01_ses-20240318T100000_behavior+ecephys.nwb,CA1,2,RtoL,19,95,0.3419801143963813,0.02671311539312471,0.6518872514847766,True,74,11,26.341942095237755,8.538561050885283,6.000847009074116,0.5007587253414264
M01,sub-M01_ses-20240318T100000_behavior+ecephys.nwb,CA1,2,RtoL,20,97,0.3713510466925376,0.05587414043475963,0.6549763524973329,True,74,11,40.876829251700656,7.48414668273195,5.633000173346894,0.5058708414872799
M01,sub-M01_ses-20240318T100000_behavior+ecephys.nwb,CA1,2,RtoL,21,99,0.3777993625575613,-0.012445482287211745,0.5551191747705135,True,74,11,74.03989999999976,5.213274731254621,4.381359183974332,0.28363047001620745
M01,sub-M01_ses-20240318T100000_behavior+ecephys.nwb,CA1,2,RtoL,22,101,0.5565359890658934,0.1424466994996819,0.7766995856896867,True,74,11,18.829901999999493,9.164619100040335,7.2270715657012365,0.559322033898305
M01,sub-M01_ses-20240318T100000_behavior+ecephys.nwb,CA1,2,RtoL,23,103,0.4785401081303029,0.01280234187898652,0.7519176154155645,True,74,11,33.302382666665835,10.357786364254336,5.370917024994462,0.2845138055222089
M01,sub-M01_ses-20240318T100000_behavior+ecephys.nwb,CA1,2,RtoL,24,105,0.564006905713584,0.1557996524874026,0.7892504333261291,True,74,11,32.95365333333302,9.048913075704172,5.8624092464342805,0.2896969696969697
M01,sub-M01_ses-20240318T100000_behavior+ecephys.nwb,CA1,2,RtoL,25,107,0.5065534486797956,0.11587375379705567,0.7568540033519956,True,74,11,50.914404575162735,6.157704656691684,4.985523216269635,0.36891679748822603
M01,sub-M01_ses-20240318T100000_behavior+ecephys.nwb,CA1,2,RtoL,26,109,0.559604431006189,0.20316731840444255,0.7955539987054859,True,74,11,37.28625411764733,6.158804223094256,5.5156129089958625,0.4255091103965702
M01,sub-M01_ses-20240318T100000_behavior+ecephys.nwb,CA1,2,RtoL,27,111,0.5453875825889396,0.13343726664076508,0.7443512518247754,True,74,11,47.77457333333405,6.922499950863295,5.326782124789515,0.4092050209205021
M01,sub-M01_ses-20240318T100000_behavior+ecephys.nwb,CA3,1,LtoR,1,1,-0.0366187589155748,-0.03661875891557483,-0.03661875891557477,False,11,11,11.340047333333132,17.243480700746698,8.003864764716932,0.5547703180212014
M01,sub-M01_ses-20240318T100000_behavior+ecephys.nwb,CA3,1,LtoR,2,3,0.09905079927564785,0.09905079927564782,0.09905079927564787,False,11,11,7.047368571428706,19.48670126677177,12.371251261900557,0.6404494382022472
M01,sub-M01_ses-20240318T100000_behavior+ecephys.nwb,CA3,1,LtoR,3,5,0.2594538921207673,0.25945389212076725,0.2594538921207676,False,11,11,23.142555714285663,17.366925372312053,6.821043842990839,0.28324697754749567
M01,sub-M01_ses-20240318T100000_behavior+ecephys.nwb,CA3,1,LtoR,4,7,0.1217132753681767,0.12171327536817658,0.12171327536817675,False,11,11,16.28552380952351,16.839754311579846,6.8162040211325206,0.4034229828850856
M01,sub-M01_ses-20240318T100000_behavior+ecephys.nwb,CA3,1,LtoR,5,9,0.17876411729264105,0.17876411729264094,0.17876411729264116,False,11,11,17.78990533333399,17.827967580205353,6.413190889118473,0.35874439461883406
M01,sub-M01_ses-20240318T100000_behavior+ecephys.nwb,CA3,1,LtoR,6,11,0.21335554499503037,0.21335554499503015,0.21335554499503062,False,11,11,22.108283999999912,21.593058592013136,22.361841399721122,0.22382671480144403
M01,sub-M01_ses-20240318T100000_behavior+ecephys.nwb,CA3,1,LtoR,7,13,0.06574289263983486,0.06574289263983482,0.0657428926398349,False,11,11,20.54466870588203,12.012043209077392,8.780482396405777,0.4591439688715953
M01,sub-M01_ses-20240318T100000_behavior+ecephys.nwb,CA3,1,LtoR,8,15,0.20222677191376473,0.20222677191376465,0.20222677191376484,False,11,11,10.709259428571386,20.15004477264774,15.479878952454499,0.5298507462686567
M01,sub-M01_ses-20240318T100000_behavior+ecephys.nwb,CA3,1,LtoR,9,17,0.23544425199401148,0.2354442519940114,0.23544425199401156,False,11,11,10.434304000000338,21.494520893547822,10.056191974295304,0.4770992366412214
M01,sub-M01_ses-20240318T100000_behavior+ecephys.nwb,CA3,1,LtoR,10,19,0.31165739577449847,0.3116573957744983,0.3116573957744986,False,11,11,8.875037999999222,23.887602258364748,22.874956094366837,0.5044642857142857
M01,sub-M01_ses-20240318T100000_behavior+ecephys.nwb,CA3,1,LtoR,11,21,0.16746593009305244,0.16746593009305236,0.16746593009305252,False,11,11,11.061992476191335,20.568655269152828,15.221881231197486,0.48375451263537905
M01,sub-M01_ses-20240318T100000_behavior+ecephys.nwb,CA3,1,LtoR,12,23,0.07743988922093951,0.07743988922093947,0.07743988922093956,False,11,11,6.035704575163436,30.90940907649348,35.36195720481549,0.5629139072847682
M01,sub-M01_ses-20240318T100000_behavior+ecephys.nwb,CA3,1,LtoR,13,25,0.2374320571357422,0.23743205713574211,0.2374320571357423,False,11,11,10.834732666666241,19.527598413023686,10.548788171267562,0.5
M01,sub-M01_ses-20240318T100000_behavior+ecephys.nwb,CA3,1,LtoR,14,27,-0.04819395633770762,-0.04819395633770765,-0.0481939563377076,False,11,11,5.465764857142858,34.63600805444017,43.90223313266152,0.5328467153284672
M01,sub-M01_ses-20240318T100000_behavior+ecephys.nwb,CA3,1,LtoR,15,29,0.29289155267554473,0.2928915526755446,0.292891552675545,False,11,11,15.323848235294463,22.2412334268532,13.541747771922877,0.3020833333333333
M01,sub-M01_ses-20240318T100000_behavior+ecephys.nwb,CA3,1,LtoR,16,31,0.24834756279041578,0.24834756279041553,0.24834756279041606,False,11,11,42.618317333333835,17.91834179765073,8.019958093142357,0.14634146341463414
M01,sub-M01_ses-20240318T100000_behavior+ecephys.nwb,CA3,1,LtoR,17,33,0.1651084084729201,0.16510840847292005,0.16510840847292016,False,11,11,8.010249088435557,28.324055853118846,33.170681370153076,0.44776119402985076
M01,sub-M01_ses-20240318T100000_behavior+ecephys.nwb,CA3,1,LtoR,18,35,0.21189134890800715,0.21189134890800704,0.21189134890800737,False,11,11,10.229664705881987,24.45779423264304,23.61688222082009,0.38671875
M01,sub-M01_ses-20240318T100000_behavior+ecephys.nwb,CA3,1,LtoR,19,37,0.29568001246416875,0.29568001246416864,0.2956800124641689,False,11,11,13.552493333333587,14.36075332385111,13.481153458840097,0.5486725663716814
M01,sub-M01_ses-20240318T100000_behavior+ecephys.nwb,CA3,1,LtoR,20,39,0.2607947370120468,0.26079473701204664,0.26079473701204703,True,11,11,13.974813228758649,20.384005528508528,11.796491723932698,0.3742857142857143
M01,sub-M01_ses-20240318T100000_behavior+ecephys.nwb,CA3,1,LtoR,21,41,0.16853852085888468,0.16853852085888463,0.16853852085888482,True,11,11,9.83603542857145,22.247433382884324,11.523892147713703,0.49193548387096775
M01,sub-M01_ses-20240318T100000_behavior+ecephys.nwb,CA3,1,LtoR,22,43,0.16241501406801828,0.16241501406801817,0.16241501406801834,True,11,11,48.45449133333295,15.064764396401118,6.924037000395101,0.17341040462427745
M01,sub-M01_ses-20240318T100000_behavior+ecephys.nwb,CA3,1,LtoR,23,45,0.08361913150384295,0.0836191315038429,0.08361913150384302,True,11,11,19.47011733333329,15.477417946058445,13.296164699481167,0.351129363449692
M01,sub-M01_ses-20240318T100000_behavior+ecephys.nwb,CA3,1,LtoR,24,47,0.16619665004671927,0.16619665004671916,0.16619665004671938,True,11,11,11.957139945579002,14.849797620366159,10.318840890938825,0.6166666666666667
M01,sub-M01_ses-20240318T100000_behavior+ecephys.nwb,CA3,1,LtoR,25,49,0.35774670174050566,0.3577467017405056,0.35774670174050577,True,11,11,8.39581999999973,23.473676578226264,22.134716496273857,0.5450236966824644
M01,sub-M01_ses-20240318T100000_behavior+ecephys.nwb,CA3,1,LtoR,26,51,0.3118780705297318,0.3118780705297317,0.3118780705297319,True,11,11,9.952084816326533,21.708088164296303,13.110423787253888,0.5
M01,sub-M01_ses-20240318T100000_behavior+ecephys.nwb,CA3,1,LtoR,27,53,0.1885597069910289,0.18855970699102878,0.18855970699102897,True,11,11,7.735007000000223,24.598131841413704,16.158426874919602,0.520618556701031
M01,sub-M01_ses-20240318T100000_behavior+ecephys.nwb,CA3,1,LtoR,28,55,0.26354085304090247,0.26354085304090225,0.2635408530409025,True,11,11,28.7443126666667,15.76977172553174,5.002543969743531,0.25
M01,sub-M01_ses-20240318T100000_behavior+ecephys.nwb,CA3,1,LtoR,29,57,0.22957359574423217,0.22957359574423206,0.22957359574423228,True,11,11,9.996759850339913,17.617714962178187,16.0060537362446,0.6031746031746031
M01,sub-M01_ses-20240318T100000_behavior+ecephys.nwb,CA3,1,RtoL,1,2,-0.026413802640526583,-0.026413802640526618,-0.026413802640526552,False,11,11,13.940990761904686,15.153224197602658,7.33173690470726,0.5214899713467048
M01,sub-M01_ses-20240318T100000_behavior+ecephys.nwb,CA3,1,RtoL,2,4,3.8053748065599325e-07,3.8053748062948747e-07,3.805374806950699e-07,False,11,11,11.757740952381027,19.710354660914504,11.298012291788659,0.4745762711864407
M01,sub-M01_ses-20240318T100000_behavior+ecephys.nwb,CA3,1,RtoL,3,6,0.20010362990574201,0.20010362990574193,0.20010362990574213,False,11,11,13.89860619047613,18.691663904044287,11.069283508484151,0.4339080459770115
M01,sub-M01_ses-20240318T100000_behavior+ecephys.nwb,CA3,1,RtoL,4,8,0.05993377491631821,0.0599337749163182,0.05993377491631824,False,11,11,13.03345199999967,20.266615082229805,8.452598497618732,0.4110429447852761
M01,sub-M01_ses-20240318T100000_behavior+ecephys.nwb,CA3,1,RtoL,5,10,0.23701581326928492,0.2370158132692848,0.23701581326928503,False,11,11,9.0751213333333,19.922685444949675,10.474203739120169,0.6096491228070176
M01,sub-M01_ses-20240318T100000_behavior+ecephys.nwb,CA3,1,RtoL,6,12,0.09094293337223763,0.09094293337223759,0.09094293337223767,False,11,11,14.156372627450764,18.335087665580364,9.35367667446561,0.4309859154929577
M01,sub-M01_ses-20240318T100000_behavior+ecephys.nwb,CA3,1,RtoL,7,14,0.2338752479630909,0.23387524796309084,0.2338752479630911,False,11,11,9.839424571428935,25.2140944673257,28.30039042805508,0.41935483870967744
M01,sub-M01_ses-20240318T100000_behavior+ecephys.nwb,CA3,1,RtoL,8,16,0.13610103765823103,0.13610103765823098,0.13610103765823112,False,11,11,7.916954666666243,28.127140334341696,33.62477974677362,0.49748743718592964
M01,sub-M01_ses-20240318T100000_behavior+ecephys.nwb,CA3,1,RtoL,9,18,0.18101613515669043,0.18101613515669038,0.18101613515669054,False,11,11,18.510176666667576,14.750294735606062,6.818156605130977,0.42548596112311016
M01,sub-M01_ses-20240318T100000_behavior+ecephys.nwb,CA3,1,RtoL,10,20,0.12212454652169272,0.12212454652169266,0.12212454652169277,False,11,11,7.887781523809281,30.370074414368897,38.207090503824176,0.4494949494949495
M01,sub-M01_ses-20240318T100000_behavior+ecephys.nwb,CA3,1,RtoL,11,22,0.09874627902885982,0.0987462790288598,0.09874627902885988,False,11,11,8.31662675816915,23.913581190378043,15.659445428637078,0.5333333333333333
M01,sub-M01_ses-20240318T100000_behavior+ecephys.nwb,CA3,1,RtoL,12,24,0.12106399257657627,0.12106399257657623,0.12106399257657632,False,11,11,12.033888666666826,24.973097599442664,23.69847545693282,0.3543046357615894
M01,sub-M01_ses-20240318T100000_behavior+ecephys.nwb,CA3,1,RtoL,13,26,0.12316162453304094,0.12316162453304089,0.12316162453304101,False,11,11,11.073556666667173,19.53302808597029,11.467523151561586,0.4892086330935252
M01,sub-M01_ses-20240318T100000_behavior+ecephys.nwb,CA3,1,RtoL,14,28,-0.08683282217427778,-0.08683282217427783,-0.08683282217427775,False,11,11,17.15066890756316,21.682553406666436,12.217136726825338,0.28837209302325584
M01,sub-M01_ses-20240318T100000_behavior+ecephys.nwb,CA3,1,RtoL,15,30,-0.028912075695954893,-0.028912075695954925,-0.028912075695954866,False,11,11,18.709793333332527,20.07862751177142,10.741597968841457,0.29850746268656714
M01,sub-M01_ses-20240318T100000_behavior+ecephys.nwb,CA3,1,RtoL,16,32,0.2625368249434372,0.26253682494343716,0.2625368249434374,False,11,11,17.430134666666163,19.169653541720145,7.193433510450017,0.33638443935926776
M01,sub-M01_ses-20240318T100000_behavior+ecephys.nwb,CA3,1,RtoL,17,34,0.15139047745339496,0.15139047745339487,0.15139047745339504,False,11,11,11.260145578231459,25.990276208708313,30.407003543199785,0.3745583038869258
M01,sub-M01_ses-20240318T100000_behavior+ecephys.nwb,CA3,1,RtoL,18,36,0.18867835740738884,0.18867835740738878,0.18867835740738892,False,11,11,16.475443294118122,14.86998735754853,7.944338649860187,0.463768115942029
M01,sub-M01_ses-20240318T100000_behavior+ecephys.nwb,CA3,1,RtoL,19,38,0.14442507763621037,0.14442507763621032,0.14442507763621043,False,11,11,14.810226771241105,21.98313225515757,18.979508954915296,0.3225806451612903
M01,sub-M01_ses-20240318T100000_behavior+ecephys.nwb,CA3,1,RtoL,20,40,0.14367490278175768,0.1436749027817576,0.14367490278175776,True,11,11,8.83368723809508,24.65591051920607,32.99482676137171,0.502262443438914
M01,sub-M01_ses-20240318T100000_behavior+ecephys.nwb,CA3,1,RtoL,21,42,0.2810439640175512,0.28104396401755116,0.28104396401755133,True,11,11,22.588173333333543,22.573727870656246,19.380719000249744,0.558303886925795
M01,sub-M01_ses-20240318T100000_behavior+ecephys.nwb,CA3,1,RtoL,22,44,0.3206212595066983,0.3206212595066981,0.32062125950669856,True,11,11,9.395428666666703,22.014381392622482,18.435408927875596,0.5147679324894515
M01,sub-M01_ses-20240318T100000_behavior+ecephys.nwb,CA3,1,RtoL,23,46,0.1704886179637242,0.17048861796372408,0.1704886179637243,True,11,11,14.068294721088023,16.616676297343346,9.291315654811324,0.47592067988668557
M01,sub-M01_ses-20240318T100000_behavior+ecephys.nwb,CA3,1,RtoL,24,48,0.22019605179976479,0.2201960517997647,0.2201960517997649,True,11,11,12.353689999999915,19.992259276455812,15.055868968113066,0.43870967741935485
M01,sub-M01_ses-20240318T100000_behavior+ecephys.nwb,CA3,1,RtoL,25,50,0.13194070275371966,0.13194070275371955,0.13194070275371972,True,11,11,13.39250333333348,18.699467090386978,16.43434825519579,0.4208955223880597
M01,sub-M01_ses-20240318T100000_behavior+ecephys.nwb,CA3,1,RtoL,26,52,0.00983790933651526,0.009837909336515245,0.00983790933651528,True,11,11,12.876043850340466,17.927247080595848,12.552232655161513,0.47368421052631576
M01,sub-M01_ses-20240318T100000_behavior+ecephys.nwb,CA3,1,RtoL,27,54,0.09423551161575487,0.09423551161575484,0.0942355116157549,True,11,11,9.256605666666474,22.5535753204808,22.41731126946185,0.4978540772532189
M01,sub-M01_ses-20240318T100000_behavior+ecephys.nwb,CA3,1,RtoL,28,56,0.26410563441744567,0.2641056344174456,0.2641056344174457,True,11,11,13.592756000000008,19.689508239304658,14.036815751741571,0.4117647058823529
M01,sub-M01_ses-20240318T100000_behavior+ecephys.nwb,CA3,1,RtoL,29,58,0.035488454098597355,0.03548845409859732,0.03548845409859738,True,11,11,13.95005148299333,16.073079930423503,10.375680708493697,0.501432664756447
M01,sub-M01_ses-20240318T100000_behavior+ecephys.nwb,CA3,2,LtoR,1,60,0.008864056841171121,0.008864056841171109,0.008864056841171137,False,11,11,12.110577755101076,13.237608196360943,5.319072742519209,0.6336633663366337
M01,sub-M01_ses-20240318T100000_behavior+ecephys.nwb,CA3,2,LtoR,2,62,0.20110449865123156,0.2011044986512315,0.20110449865123173,False,11,11,11.089662588235115,14.021287718671951,8.77243524937232,0.6115107913669064
M01,sub-M01_ses-20240318T100000_behavior+ecephys.nwb,CA3,2,LtoR,3,64,0.06858591136465293,0.06858591136465288,0.06858591136465296,False,11,11,12.48319695238115,13.414116875703586,5.683185308576501,0.5987261146496815
M01,sub-M01_ses-20240318T100000_behavior+ecephys.nwb,CA3,2,LtoR,4,66,0.1212294329191487,0.12122943291914864,0.12122943291914877,False,11,11,11.905641387754258,15.326285578178261,6.828525944418624,0.5284280936454849
M01,sub-M01_ses-20240318T100000_behavior+ecephys.nwb,CA3,2,LtoR,5,68,0.10286972858224308,0.10286972858224304,0.10286972858224312,False,11,11,11.513779999999315,15.391211489836772,9.477102977869587,0.5640138408304498
M01,sub-M01_ses-20240318T100000_behavior+ecephys.nwb,CA3,2,LtoR,6,70,0.1907058792022775,0.19070587920227744,0.19070587920227755,False,11,11,11.529717830064328,13.85791444294562,6.293570992309825,0.6137931034482759
M01,sub-M01_ses-20240318T100000_behavior+ecephys.nwb,CA3,2,LtoR,7,72,0.08680387263092719,0.08680387263092715,0.08680387263092723,False,11,11,19.988873333332776,10.404592167685259,9.022548498651311,0.43912175648702595
M01,sub-M01_ses-20240318T100000_behavior+ecephys.nwb,CA3,2,LtoR,8,74,0.10117204321184034,0.10117204321184028,0.10117204321184038,False,11,11,16.531156734694378,12.895462660217811,7.052752449868525,0.463768115942029
M01,sub-M01_ses-20240318T100000_behavior+ecephys.nwb,CA3,2,LtoR,9,76,0.08761133726466351,0.08761133726466347,0.08761133726466355,False,11,11,21.56694134693862,10.85545080348125,5.0733997816375505,0.4359925788497217
M01,sub-M01_ses-20240318T100000_behavior+ecephys.nwb,CA3,2,LtoR,10,78,0.1519702631084957,0.15197026310849565,0.1519702631084958,False,11,11,10.413394997998694,15.211027960079834,9.055710777389542,0.5534351145038168
M01,sub-M01_ses-20240318T100000_behavior+ecephys.nwb,CA3,2,LtoR,11,80,0.10854792768281085,0.1085479276828108,0.1085479276828109,False,11,11,22.267567333333318,11.617016372413412,6.992900574282976,0.37455197132616486
M01,sub-M01_ses-20240318T100000_behavior+ecephys.nwb,CA3,2,LtoR,12,82,0.09634806472062114,0.09634806472062109,0.09634806472062121,False,11,11,29.396026797385275,9.170294671976894,5.473434841232528,0.45108695652173914
M01,sub-M01_ses-20240318T100000_behavior+ecephys.nwb,CA3,2,LtoR,13,84,0.09207859195555751,0.09207859195555747,0.09207859195555758,False,11,11,30.331434353742225,8.325613138337399,7.419197620333901,0.4268774703557312
M01,sub-M01_ses-20240318T100000_behavior+ecephys.nwb,CA3,2,LtoR,14,86,0.1519815408610147,0.15198154086101462,0.15198154086101476,False,11,11,14.749556392157501,12.120729698245373,8.100428572874621,0.5756756756756757
M01,sub-M01_ses-20240318T100000_behavior+ecephys.nwb,CA3,2,LtoR,15,88,0.21661255903078694,0.21661255903078683,0.21661255903078705,False,11,11,18.84683673469408,10.977625215578735,7.493471371877878,0.4587737843551797
M01,sub-M01_ses-20240318T100000_behavior+ecephys.nwb,CA3,2,LtoR,16,90,0.10587958869223728,0.10587958869223724,0.10587958869223733,False,11,11,39.53977933333317,7.54579409567652,4.9066557736025445,0.4161616161616162
M01,sub-M01_ses-20240318T100000_behavior+ecephys.nwb,CA3,2,LtoR,17,92,0.05915983473651983,0.059159834736519805,0.05915983473651987,False,11,11,30.656806255834454,8.778781030678712,4.64230302018825,0.43359375
M01,sub-M01_ses-20240318T100000_behavior+ecephys.nwb,CA3,2,LtoR,18,94,0.01006086055972626,0.010060860559726246,0.010060860559726277,True,11,11,28.509637904761803,8.593557382744663,6.788498355671051,0.4103641456582633
M01,sub-M01_ses-20240318T100000_behavior+ecephys.nwb,CA3,2,LtoR,19,96,0.10737128730359907,0.10737128730359898,0.10737128730359911,True,11,11,38.23532389115735,7.653667189994318,5.224020509943966,0.44723092998955066
M01,sub-M01_ses-20240318T100000_behavior+ecephys.nwb,CA3,2,LtoR,20,98,-0.013228181288136692,-0.01322818128813671,-0.013228181288136668,True,11,11,37.825926857142804,9.202306997227696,6.849550971370872,0.3111814345991561
M01,sub-M01_ses-20240318T100000_behavior+ecephys.nwb,CA3,2,LtoR,21,100,0.04509798853076154,0.045097988530761524,0.04509798853076156,True,11,11,58.008973333333415,6.029023683461621,5.291363882492415,0.27360441075120606
M01,sub-M01_ses-20240318T100000_behavior+ecephys.nwb,CA3,2,LtoR,22,102,0.035782490643470014,0.03578249064346999,0.035782490643470034,True,11,11,32.0629806666675,7.5921006680673475,6.3247060692449875,0.39975093399750933
M01,sub-M01_ses-20240318T100000_behavior+ecephys.nwb,CA3,2,LtoR,23,104,-0.005762599809705389,-0.0057625998097054106,-0.0057625998097053715,True,11,11,77.4668773333342,5.718765817208198,5.075334937790021,0.24922600619195046
M01,sub-M01_ses-20240318T100000_behavior+ecephys.nwb,CA3,2,LtoR,24,106,0.22235990622223878,0.2223599062222387,0.2223599062222389,True,11,11,38.36500549019638,6.329428436642983,5.6794086138856805,0.39479166666666665
M01,sub-M01_ses-20240318T100000_behavior+ecephys.nwb,CA3,2,LtoR,25,108,-0.023711985461099643,-0.023711985461099667,-0.02371198546109962,True,11,11,19.55757581699345,9.941944405543234,6.204447578002309,0.4857142857142857
M01,sub-M01_ses-20240318T100000_behavior+ecephys.nwb,CA3,2,LtoR,26,110,0.1752078362705547,0.17520783627055464,0.17520783627055478,True,11,11,63.20572933333278,5.296252967446177,4.367778005076134,0.3206831119544592
M01,sub-M01_ses-20240318T100000_behavior+ecephys.nwb,CA3,2,LtoR,27,112,0.07853085228543204,0.078530852285432,0.07853085228543208,True,11,11,51.093788666667024,6.492849834494473,5.691702372770358,0.3377638780297107
M01,sub-M01_ses-20240318T100000_behavior+ecephys.nwb,CA3,2,RtoL,1,59,-0.22150167330446427,-0.22150167330446432,-0.22150167330446419,False,11,11,7.328078911565171,14.675320097428413,14.869816585123559,0.7663043478260869
M01,sub-M01_ses-20240318T100000_behavior+ecephys.nwb,CA3,2,RtoL,2,61,0.16174707152768264,0.16174707152768256,0.16174707152768267,False,11,11,10.537972745098159,14.031500774291464,8.416616877091784,0.6226415094339622
M01,sub-M01_ses-20240318T100000_behavior+ecephys.nwb,CA3,2,RtoL,3,63,0.11088986980335697,0.1108898698033569,0.11088986980335701,False,11,11,15.541593714286137,10.696241656250594,6.120233552992348,0.6246786632390745
M01,sub-M01_ses-20240318T100000_behavior+ecephys.nwb,CA3,2,RtoL,4,65,0.10266589504947689,0.10266589504947685,0.10266589504947693,False,11,11,11.714245333333565,15.432171356724137,14.01521851715355,0.4778156996587031
M01,sub-M01_ses-20240318T100000_behavior+ecephys.nwb,CA3,2,RtoL,5,67,0.09950790884518909,0.09950790884518904,0.09950790884518915,False,11,11,15.359990612245383,11.130699139825511,5.663840389758067,0.6233766233766234
M01,sub-M01_ses-20240318T100000_behavior+ecephys.nwb,CA3,2,RtoL,6,69,0.011975071269026135,0.011975071269026118,0.01197507126902615,False,11,11,14.296884836602658,12.112979574088353,8.384391987888904,0.5418994413407822
M01,sub-M01_ses-20240318T100000_behavior+ecephys.nwb,CA3,2,RtoL,7,71,0.08733026518746584,0.0873302651874658,0.08733026518746588,False,11,11,19.58898400000089,11.745391705751274,7.917106379072746,0.42448979591836733
M01,sub-M01_ses-20240318T100000_behavior+ecephys.nwb,CA3,2,RtoL,8,73,0.10166670638640163,0.10166670638640157,0.1016667063864017,False,11,11,18.551113333332978,9.225958429519,5.366966040773968,0.6430107526881721
M01,sub-M01_ses-20240318T100000_behavior+ecephys.nwb,CA3,2,RtoL,9,75,-0.008713790474471997,-0.008713790474472015,-0.00871379047447198,False,11,11,14.291889265306054,11.102415930142516,8.740865104168822,0.5682451253481894
M01,sub-M01_ses-20240318T100000_behavior+ecephys.nwb,CA3,2,RtoL,10,77,0.17916078983643954,0.1791607898364395,0.17916078983643963,False,11,11,20.43781020408187,11.160796249009197,6.888296431674757,0.41796875
M01,sub-M01_ses-20240318T100000_behavior+ecephys.nwb,CA3,2,RtoL,11,79,0.09062999568706616,0.09062999568706614,0.0906299956870662,False,11,11,19.344310117647183,13.303731924509622,9.688140235622633,0.371900826446281
M01,sub-M01_ses-20240318T100000_behavior+ecephys.nwb,CA3,2,RtoL,12,81,0.07331378292625884,0.07331378292625879,0.07331378292625888,False,11,11,13.45596503268007,13.629051196280377,12.413134881511454,0.5103857566765578
M01,sub-M01_ses-20240318T100000_behavior+ecephys.nwb,CA3,2,RtoL,13,83,0.14200298163237993,0.14200298163237987,0.14200298163237998,False,11,11,22.712774836601056,9.86343665295204,6.169875379395238,0.44639718804920914
M01,sub-M01_ses-20240318T100000_behavior+ecephys.nwb,CA3,2,RtoL,14,85,0.14744040305992046,0.14744040305992037,0.1474404030599205,False,11,11,22.52423525410086,10.019518886725574,6.9607450149081735,0.44778761061946903
M01,sub-M01_ses-20240318T100000_behavior+ecephys.nwb,CA3,2,RtoL,15,87,0.14395257211576568,0.14395257211576562,0.14395257211576573,False,11,11,22.694719238094876,10.398630241395882,5.8010061460120905,0.43209876543209874
M01,sub-M01_ses-20240318T100000_behavior+ecephys.nwb,CA3,2,RtoL,16,89,0.08283654540383631,0.08283654540383627,0.08283654540383634,False,11,11,29.859345360544467,8.602067052423077,5.079786755822994,0.42168674698795183
M01,sub-M01_ses-20240318T100000_behavior+ecephys.nwb,CA3,2,RtoL,17,91,-0.02917432567722121,-0.02917432567722123,-0.029174325677221186,False,11,11,27.83527993464122,10.56850013161134,6.706450919622648,0.3428981348637016
M01,sub-M01_ses-20240318T100000_behavior+ecephys.nwb,CA3,2,RtoL,18,93,0.018681406311222188,0.018681406311222167,0.01868140631122221,True,11,11,31.4996811428573,9.33121298326783,5.858490758685235,0.36928934010152287
M01,sub-M01_ses-20240318T100000_behavior+ecephys.nwb,CA3,2,RtoL,19,95,0.06214874566502485,0.06214874566502482,0.06214874566502488,True,11,11,26.341942095237755,8.538561050885283,6.000847009074116,0.5007587253414264
M01,sub-M01_ses-20240318T100000_behavior+ecephys.nwb,CA3,2,RtoL,20,97,0.08979898386752068,0.08979898386752064,0.08979898386752072,True,11,11,40.876829251700656,7.48414668273195,5.633000173346894,0.5058708414872799
M01,sub-M01_ses-20240318T100000_behavior+ecephys.nwb,CA3,2,RtoL,21,99,0.019595268052695607,0.019595268052695583,0.019595268052695625,True,11,11,74.03989999999976,5.213274731254621,4.381359183974332,0.28363047001620745
M01,sub-M01_ses-20240318T100000_behavior+ecephys.nwb,CA3,2,RtoL,22,101,-0.05375442473686132,-0.05375442473686135,-0.05375442473686129,True,11,11,18.829901999999493,9.164619100040335,7.2270715657012365,0.559322033898305
M01,sub-M01_ses-20240318T100000_behavior+ecephys.nwb,CA3,2,RtoL,23,103,0.12613959743037742,0.12613959743037736,0.12613959743037745,True,11,11,33.302382666665835,10.357786364254336,5.370917024994462,0.2845138055222089
M01,sub-M01_ses-20240318T100000_behavior+ecephys.nwb,CA3,2,RtoL,24,105,-0.06615667157293172,-0.06615667157293176,-0.06615667157293169,True,11,11,32.95365333333302,9.048913075704172,5.8624092464342805,0.2896969696969697
M01,sub-M01_ses-20240318T100000_behavior+ecephys.nwb,CA3,2,RtoL,25,107,0.16441564081790047,0.1644156408179004,0.16441564081790053,True,11,11,50.914404575162735,6.157704656691684,4.985523216269635,0.36891679748822603
M01,sub-M01_ses-20240318T100000_behavior+ecephys.nwb,CA3,2,RtoL,26,109,0.04374895513167332,0.043748955131673296,0.043748955131673345,True,11,11,37.28625411764733,6.158804223094256,5.5156129089958625,0.4255091103965702
M01,sub-M01_ses-20240318T100000_behavior+ecephys.nwb,CA3,2,RtoL,27,111,0.09817482862578637,0.09817482862578633,0.09817482862578643,True,11,11,47.77457333333405,6.922499950863295,5.326782124789515,0.4092050209205021
M01,sub-M01_ses-20240318T100000_behavior+ecephys.nwb,RSC,1,LtoR,1,1,-0.004192393322178274,-0.09679716104910654,0.08590940305843843,False,38,11,11.340047333333132,17.243480700746698,8.003864764716932,0.5547703180212014
M01,sub-M01_ses-20240318T100000_behavior+ecephys.nwb,RSC,1,LtoR,2,3,0.09281542666734151,-0.017529293724829302,0.206926987915895,False,38,11,7.047368571428706,19.48670126677177,12.371251261900557,0.6404494382022472
M01,sub-M01_ses-20240318T100000_behavior+ecephys.nwb,RSC,1,LtoR,3,5,0.04661857389928373,-0.06186444427815413,0.14281970067826683,False,38,11,23.142555714285663,17.366925372312053,6.821043842990839,0.28324697754749567
M01,sub-M01_ses-20240318T100000_behavior+ecephys.nwb,RSC,1,LtoR,4,7,0.03864746578913896,-0.06397534076830581,0.13226342371630775,False,38,11,16.28552380952351,16.839754311579846,6.8162040211325206,0.4034229828850856
M01,sub-M01_ses-20240318T100000_behavior+ecephys.nwb,RSC,1,LtoR,5,9,0.08786767637388235,-0.0814602031388447,0.2197431985222084,False,38,11,17.78990533333399,17.827967580205353,6.413190889118473,0.35874439461883406
M01,sub-M01_ses-20240318T100000_behavior+ecephys.nwb,RSC,1,LtoR,6,11,0.038511790108763114,-0.09483566643088975,0.151557013774372,False,38,11,22.108283999999912,21.593058592013136,22.361841399721122,0.22382671480144403
M01,sub-M01_ses-20240318T100000_behavior+ecephys.nwb,RSC,1,LtoR,7,13,0.15887831194419513,0.05351294355526482,0.27594059979990854,False,38,11,20.54466870588203,12.012043209077392,8.780482396405777,0.4591439688715953
M01,sub-M01_ses-20240318T100000_behavior+ecephys.nwb,RSC,1,LtoR,8,15,0.14274746928161242,0.012304654783602572,0.2870498796312265,False,38,11,10.709259428571386,20.15004477264774,15.479878952454499,0.5298507462686567
M01,sub-M01_ses-20240318T100000_behavior+ecephys.nwb,RSC,1,LtoR,9,17,0.0852740571116473,-0.04101766995811316,0.23091148936682632,False,38,11,10.434304000000338,21.494520893547822,10.056191974295304,0.4770992366412214
M01,sub-M01_ses-20240318T100000_behavior+ecephys.nwb,RSC,1,LtoR,10,19,0.09289286295116551,-0.03237453322432291,0.23629583654562164,False,38,11,8.875037999999222,23.887602258364748,22.874956094366837,0.5044642857142857
M01,sub-M01_ses-20240318T100000_behavior+ecephys.nwb,RSC,1,LtoR,11,21,0.17359851218820715,0.06398756313390229,0.30201729526286175,False,38,11,11.061992476191335,20.568655269152828,15.221881231197486,0.48375451263537905
M01,sub-M01_ses-20240318T100000_behavior+ecephys.nwb,RSC,1,LtoR,12,23,0.09355429286573355,-0.0629065555721575,0.23818885110995813,False,38,11,6.035704575163436,30.90940907649348,35.36195720481549,0.5629139072847682
M01,sub-M01_ses-20240318T100000_behavior+ecephys.nwb,RSC,1,LtoR,13,25,0.13680160506078315,0.015649317781198335,0.25921073772950043,False,38,11,10.834732666666241,19.527598413023686,10.548788171267562,0.5
M01,sub-M01_ses-20240318T100000_behavior+ecephys.nwb,RSC,1,LtoR,14,27,0.14155278570729302,0.039748452018883364,0.25030253480847836,False,38,11,5.465764857142858,34.63600805444017,43.90223313266152,0.5328467153284672
M01,sub-M01_ses-20240318T100000_behavior+ecephys.nwb,RSC,1,LtoR,15,29,0.2211623233334268,0.06567005844690678,0.3577067085930082,False,38,11,15.323848235294463,22.2412334268532,13.541747771922877,0.3020833333333333
M01,sub-M01_ses-20240318T100000_behavior+ecephys.nwb,RSC,1,LtoR,16,31,0.15155551846671794,0.028906989883075752,0.2884626752884976,False,38,11,42.618317333333835,17.91834179765073,8.019958093142357,0.14634146341463414
M01,sub-M01_ses-20240318T100000_behavior+ecephys.nwb,RSC,1,LtoR,17,33,0.09537805960206316,-0.028738307748581868,0.22183102312151276,False,38,11,8.010249088435557,28.324055853118846,33.170681370153076,0.44776119402985076
M01,sub-M01_ses-20240318T100000_behavior+ecephys.nwb,RSC,1,LtoR,18,35,0.13506528528896083,0.0009825809319584796,0.26675131595828755,False,38,11,10.229664705881987,24.45779423264304,23.61688222082009,0.38671875
M01,sub-M01_ses-20240318T100000_behavior+ecephys.nwb,RSC,1,LtoR,19,37,0.21728648345074325,0.11077024037115857,0.32567203074080714,False,38,11,13.552493333333587,14.36075332385111,13.481153458840097,0.5486725663716814
M01,sub-M01_ses-20240318T100000_behavior+ecephys.nwb,RSC,1,LtoR,20,39,0.24344123180800628,0.13552028477867756,0.3327029116574987,True,38,11,13.974813228758649,20.384005528508528,11.796491723932698,0.3742857142857143
M01,sub-M01_ses-20240318T100000_behavior+ecephys.nwb,RSC,1,LtoR,21,41,0.20476540873093146,0.07639179137514081,0.3240764314370254,True,38,11,9.83603542857145,22.247433382884324,11.523892147713703,0.49193548387096775
M01,sub-M01_ses-20240318T100000_behavior+ecephys.nwb,RSC,1,LtoR,22,43,0.20660010753104774,0.062227279669058944,0.3361897808520657,True,38,11,48.45449133333295,15.064764396401118,6.924037000395101,0.17341040462427745
M01,sub-M01_ses-20240318T100000_behavior+ecephys.nwb,RSC,1,LtoR,23,45,0.1230306091716563,-0.002836020958999512,0.25314843628682066,True,38,11,19.47011733333329,15.477417946058445,13.296164699481167,0.351129363449692
M01,sub-M01_ses-20240318T100000_behavior+ecephys.nwb,RSC,1,LtoR,24,47,0.12093402026336847,0.003487618654245989,0.23185194474817353,True,38,11,11.957139945579002,14.849797620366159,10.318840890938825,0.6166666666666667
M01,sub-M01_ses-20240318T100000_behavior+ecephys.nwb,RSC,1,LtoR,25,49,0.18060586804063705,0.062395973054346486,0.2985073937246768,True,38,11,8.39581999999973,23.473676578226264,22.134716496273857,0.5450236966824644
M01,sub-M01_ses-20240318T100000_behavior+ecephys.nwb,RSC,1,LtoR,26,51,0.17711591406918628,0.05879303521293373,0.2965950731442307,True,38,11,9.952084816326533,21.708088164296303,13.110423787253888,0.5
M01,sub-M01_ses-20240318T100000_behavior+ecephys.nwb,RSC,1,LtoR,27,53,0.11740883225928174,0.004323312021698898,0.21329429579244233,True,38,11,7.735007000000223,24.598131841413704,16.158426874919602,0.520618556701031
M01,sub-M01_ses-20240318T100000_behavior+ecephys.nwb,RSC,1,LtoR,28,55,0.16510478859850414,0.02869935223677146,0.2782843437086176,True,38,11,28.7443126666667,15.76977172553174,5.002543969743531,0.25
M01,sub-M01_ses-20240318T100000_behavior+ecephys.nwb,RSC,1,LtoR,29,57,0.14207547501634,0.025917943831533678,0.24899680170024288,True,38,11,9.996759850339913,17.617714962178187,16.0060537362446,0.6031746031746031
M01,sub-M01_ses-20240318T100000_behavior+ecephys.nwb,RSC,1,RtoL,1,2,0.012908246407496143,-0.09812415129523004,0.11803211183030243,False,38,11,13.940990761904686,15.153224197602658,7.33173690470726,0.5214899713467048
M01,sub-M01_ses-20240318T100000_behavior+ecephys.nwb,RSC,1,RtoL,2,4,0.1375620361443714,0.01899446506881441,0.23808764893737777,False,38,11,11.757740952381027,19.710354660914504,11.298012291788659,0.4745762711864407
M01,sub-M01_ses-20240318T100000_behavior+ecephys.nwb,RSC,1,RtoL,3,6,0.07260101276892564,0.0047232098057617645,0.14504012500785374,False,38,11,13.89860619047613,18.691663904044287,11.069283508484151,0.4339080459770115
M01,sub-M01_ses-20240318T100000_behavior+ecephys.nwb,RSC,1,RtoL,4,8,0.15673163168398985,-0.011709174886732097,0.2870786824924519,False,38,11,13.03345199999967,20.266615082229805,8.452598497618732,0.4110429447852761
M01,sub-M01_ses-20240318T100000_behavior+ecephys.nwb,RSC,1,RtoL,5,10,0.12888946185300978,0.01941356780391737,0.2370204007907396,False,38,11,9.0751213333333,19.922685444949675,10.474203739120169,0.6096491228070176
M01,sub-M01_ses-20240318T100000_behavior+ecephys.nwb,RSC,1,RtoL,6,12,0.10255022867354832,-0.0367126336782482,0.23115737708340506,False,38,11,14.156372627450764,18.335087665580364,9.35367667446561,0.4309859154929577
M01,sub-M01_ses-20240318T100000_behavior+ecephys.nwb,RSC,1,RtoL,7,14,0.19621412301855762,0.05185639633483969,0.3125257790455421,False,38,11,9.839424571428935,25.2140944673257,28.30039042805508,0.41935483870967744
M01,sub-M01_ses-20240318T100000_behavior+ecephys.nwb,RSC,1,RtoL,8,16,0.2017524070098248,0.07942969851856166,0.3191424596657181,False,38,11,7.916954666666243,28.127140334341696,33.62477974677362,0.49748743718592964
M01,sub-M01_ses-20240318T100000_behavior+ecephys.nwb,RSC,1,RtoL,9,18,0.2271961080663576,0.06898033719717839,0.3898466492011836,False,38,11,18.510176666667576,14.750294735606062,6.818156605130977,0.42548596112311016
M01,sub-M01_ses-20240318T100000_behavior+ecephys.nwb,RSC,1,RtoL,10,20,0.159107686024061,0.01080778303703134,0.3048738427966519,False,38,11,7.887781523809281,30.370074414368897,38.207090503824176,0.4494949494949495
M01,sub-M01_ses-20240318T100000_behavior+ecephys.nwb,RSC,1,RtoL,11,22,0.19468380421862996,0.05209484282670718,0.30750295736075695,False,38,11,8.31662675816915,23.913581190378043,15.659445428637078,0.5333333333333333
M01,sub-M01_ses-20240318T100000_behavior+ecephys.nwb,RSC,1,RtoL,12,24,0.2322722167648235,0.10439956066676945,0.36083871474144597,False,38,11,12.033888666666826,24.973097599442664,23.69847545693282,0.3543046357615894
M01,sub-M01_ses-20240318T100000_behavior+ecephys.nwb,RSC,1,RtoL,13,26,0.17295527049942583,0.010161503352495868,0.31012118636124164,False,38,11,11.073556666667173,19.53302808597029,11.467523151561586,0.4892086330935252
M01,sub-M01_ses-20240318T100000_behavior+ecephys.nwb,RSC,1,RtoL,14,28,0.15678189946688287,0.032198059383958796,0.276523869438747,False,38,11,17.15066890756316,21.682553406666436,12.217136726825338,0.28837209302325584
M01,sub-M01_ses-20240318T100000_behavior+ecephys.nwb,RSC,1,RtoL,15,30,0.1677764006781659,0.04713402709364707,0.2672937178173389,False,38,11,18.709793333332527,20.07862751177142,10.741597968841457,0.29850746268656714
M01,sub-M01_ses-20240318T100000_behavior+ecephys.nwb,RSC,1,RtoL,16,32,0.1433880238399305,0.010887503094702499,0.24747522752746373,False,38,11,17.430134666666163,19.169653541720145,7.193433510450017,0.33638443935926776
M01,sub-M01_ses-20240318T100000_behavior+ecephys.nwb,RSC,1,RtoL,17,34,0.09119240449895008,-0.03533162097202245,0.22842619609542833,False,38,11,11.260145578231459,25.990276208708313,30.407003543199785,0.3745583038869258
M01,sub-M01_ses-20240318T100000_behavior+ecephys.nwb,RSC,1,RtoL,18,36,0.1792749438350466,0.04238818924831829,0.3018221988380284,False,38,11,16.475443294118122,14.86998735754853,7.944338649860187,0.463768115942029
M01,sub-M01_ses-20240318T100000_behavior+ecephys.nwb,RSC,1,RtoL,19,38,0.16741848522010916,0.05697225849842542,0.26027088115874575,False,38,11,14.810226771241105,21.98313225515757,18.979508954915296,0.3225806451612903
M01,sub-M01_ses-20240318T100000_behavior+ecephys.nwb,RSC,1,RtoL,20,40,0.23919563730494448,0.0495544994684226,0.3948407337774319,True,38,11,8.83368723809508,24.65591051920607,32.99482676137171,0.502262443438914
M01,sub-M01_ses-20240318T100000_behavior+ecephys.nwb,RSC,1,RtoL,21,42,0.23415506727740057,0.019686385435880922,0.4101540606587132,True,38,11,22.588173333333543,22.573727870656246,19.380719000249744,0.558303886925795
M01,sub-M01_ses-20240318T100000_behavior+ecephys.nwb,RSC,1,RtoL,22,44,0.13262948884997527,0.012825018759605764,0.2628098395879313,True,38,11,9.395428666666703,22.014381392622482,18.435408927875596,0.5147679324894515
M01,sub-M01_ses-20240318T100000_behavior+ecephys.nwb,RSC,1,RtoL,23,46,0.24076634403729918,0.0855752324982171,0.36581253370593936,True,38,11,14.068294721088023,16.616676297343346,9.291315654811324,0.47592067988668557
M01,sub-M01_ses-20240318T100000_behavior+ecephys.nwb,RSC,1,RtoL,24,48,0.303854877824392,0.15480798082566605,0.4144106532934197,True,38,11,12.353689999999915,19.992259276455812,15.055868968113066,0.43870967741935485
M01,sub-M01_ses-20240318T100000_behavior+ecephys.nwb,RSC,1,RtoL,25,50,0.2094860808234737,0.08704447914090534,0.34903241920420847,True,38,11,13.39250333333348,18.699467090386978,16.43434825519579,0.4208955223880597
M01,sub-M01_ses-20240318T100000_behavior+ecephys.nwb,RSC,1,RtoL,26,52,0.18292599847419236,0.049869063958899174,0.291961007677505,True,38,11,12.876043850340466,17.927247080595848,12.552232655161513,0.47368421052631576
M01,sub-M01_ses-20240318T100000_behavior+ecephys.nwb,RSC,1,RtoL,27,54,0.27172920711136633,0.13516974227214804,0.40453220732204304,True,38,11,9.256605666666474,22.5535753204808,22.41731126946185,0.4978540772532189
M01,sub-M01_ses-20240318T100000_behavior+ecephys.nwb,RSC,1,RtoL,28,56,0.2057078609523267,0.0575580409380215,0.33775135184875593,True,38,11,13.592756000000008,19.689508239304658,14.036815751741571,0.4117647058823529
M01,sub-M01_ses-20240318T100000_behavior+ecephys.nwb,RSC,1,RtoL,29,58,0.1446215472859354,0.029486698420405417,0.2552101945492399,True,38,11,13.95005148299333,16.073079930423503,10.375680708493697,0.501432664756447
M01,sub-M01_ses-20240318T100000_behavior+ecephys.nwb,RSC,2,LtoR,1,60,0.04772225364803858,-0.08847721885076731,0.14151960297121938,False,38,11,12.110577755101076,13.237608196360943,5.319072742519209,0.6336633663366337
M01,sub-M01_ses-20240318T100000_behavior+ecephys.nwb,RSC,2,LtoR,2,62,0.04389319512238546,-0.07287138692796008,0.17278909191532912,False,38,11,11.089662588235115,14.021287718671951,8.77243524937232,0.6115107913669064
M01,sub-M01_ses-20240318T100000_behavior+ecephys.nwb,RSC,2,LtoR,3,64,0.06745291241158681,-0.055926168753050697,0.19102345176570287,False,38,11,12.48319695238115,13.414116875703586,5.683185308576501,0.5987261146496815
M01,sub-M01_ses-20240318T100000_behavior+ecephys.nwb,RSC,2,LtoR,4,66,0.05416520120453925,-0.038021214596864,0.17067148001299706,False,38,11,11.905641387754258,15.326285578178261,6.828525944418624,0.5284280936454849
M01,sub-M01_ses-20240318T100000_behavior+ecephys.nwb,RSC,2,LtoR,5,68,-0.019397479805983546,-0.13406175294066586,0.10055136786546776,False,38,11,11.513779999999315,15.391211489836772,9.477102977869587,0.5640138408304498
M01,sub-M01_ses-20240318T100000_behavior+ecephys.nwb,RSC,2,LtoR,6,70,0.091037431387932,-0.05220681365644496,0.2218466556567625,False,38,11,11.529717830064328,13.85791444294562,6.293570992309825,0.6137931034482759
M01,sub-M01_ses-20240318T100000_behavior+ecephys.nwb,RSC,2,LtoR,7,72,0.08612227825387536,-0.021348123571485238,0.20036812236734766,False,38,11,19.988873333332776,10.404592167685259,9.022548498651311,0.43912175648702595
M01,sub-M01_ses-20240318T100000_behavior+ecephys.nwb,RSC,2,LtoR,8,74,-0.010427435885028945,-0.1157341129494799,0.13825336168079702,False,38,11,16.531156734694378,12.895462660217811,7.052752449868525,0.463768115942029
M01,sub-M01_ses-20240318T100000_behavior+ecephys.nwb,RSC,2,LtoR,9,76,0.01253341447327479,-0.09208382136479305,0.12368927589312972,False,38,11,21.56694134693862,10.85545080348125,5.0733997816375505,0.4359925788497217
M01,sub-M01_ses-20240318T100000_behavior+ecephys.nwb,RSC,2,LtoR,10,78,0.13942707841255195,0.025010801179427444,0.24000890747947443,False,38,11,10.413394997998694,15.211027960079834,9.055710777389542,0.5534351145038168
M01,sub-M01_ses-20240318T100000_behavior+ecephys.nwb,RSC,2,LtoR,11,80,0.03074683082161138,-0.09860382999328586,0.14757335593468882,False,38,11,22.267567333333318,11.617016372413412,6.992900574282976,0.37455197132616486
M01,sub-M01_ses-20240318T100000_behavior+ecephys.nwb,RSC,2,LtoR,12,82,0.121158799998332,-0.01789633831816539,0.23995487140831656,False,38,11,29.396026797385275,9.170294671976894,5.473434841232528,0.45108695652173914
M01,sub-M01_ses-20240318T100000_behavior+ecephys.nwb,RSC,2,LtoR,13,84,0.0933713736668964,-0.032837465858277064,0.22705076206311695,False,38,11,30.331434353742225,8.325613138337399,7.419197620333901,0.4268774703557312
M01,sub-M01_ses-20240318T100000_behavior+ecephys.nwb,RSC,2,LtoR,14,86,0.06279151922427659,-0.04839344756753723,0.19772163580858856,False,38,11,14.749556392157501,12.120729698245373,8.100428572874621,0.5756756756756757
M01,sub-M01_ses-20240318T100000_behavior+ecephys.nwb,RSC,2,LtoR,15,88,0.11312818357849061,0.026596154596538968,0.21541823557750353,False,38,11,18.84683673469408,10.977625215578735,7.493471371877878,0.4587737843551797
M01,sub-M01_ses-20240318T100000_behavior+ecephys.nwb,RSC,2,LtoR,16,90,0.08591033306880567,-0.034545142259640484,0.229899012025589,False,38,11,39.53977933333317,7.54579409567652,4.9066557736025445,0.4161616161616162
M01,sub-M01_ses-20240318T100000_behavior+ecephys.nwb,RSC,2,LtoR,17,92,-0.011405624058263175,-0.12959122350129287,0.10112497215165567,False,38,11,30.656806255834454,8.778781030678712,4.64230302018825,0.43359375
M01,sub-M01_ses-20240318T100000_behavior+ecephys.nwb,RSC,2,LtoR,18,94,0.15308275575656982,0.033021837745361306,0.23274922855573646,True,38,11,28.509637904761803,8.593557382744663,6.788498355671051,0.4103641456582633
M01,sub-M01_ses-20240318T100000_behavior+ecephys.nwb,RSC,2,LtoR,19,96,0.1053340526425667,-0.02771567439414547,0.23507251554168346,True,38,11,38.23532389115735,7.653667189994318,5.224020509943966,0.44723092998955066
M01,sub-M01_ses-20240318T100000_behavior+ecephys.nwb,RSC,2,LtoR,20,98,0.1260384941807667,-9.099129329237263e-05,0.2520450181464585,True,38,11,37.825926857142804,9.202306997227696,6.849550971370872,0.3111814345991561
M01,sub-M01_ses-20240318T100000_behavior+ecephys.nwb,RSC,2,LtoR,21,100,0.16307149191405915,0.050093916601487855,0.27346970934857384,True,38,11,58.008973333333415,6.029023683461621,5.291363882492415,0.27360441075120606
M01,sub-M01_ses-20240318T100000_behavior+ecephys.nwb,RSC,2,LtoR,22,102,0.04452413778434151,-0.0751219570021566,0.17461664758521628,True,38,11,32.0629806666675,7.5921006680673475,6.3247060692449875,0.39975093399750933
M01,sub-M01_ses-20240318T100000_behavior+ecephys.nwb,RSC,2,LtoR,23,104,0.1417314933495831,0.008554040018745747,0.24509338006995096,True,38,11,77.4668773333342,5.718765817208198,5.075334937790021,0.24922600619195046
M01,sub-M01_ses-20240318T100000_behavior+ecephys.nwb,RSC,2,LtoR,24,106,0.10199723427503743,0.012795182897260407,0.18904310085444112,True,38,11,38.36500549019638,6.329428436642983,5.6794086138856805,0.39479166666666665
M01,sub-M01_ses-20240318T100000_behavior+ecephys.nwb,RSC,2,LtoR,25,108,0.052102024973842614,-0.05460618853192575,0.16485192745916005,True,38,11,19.55757581699345,9.941944405543234,6.204447578002309,0.4857142857142857
M01,sub-M01_ses-20240318T100000_behavior+ecephys.nwb,RSC,2,LtoR,26,110,0.04188839834763482,-0.09551687878027292,0.15257734571688464,True,38,11,63.20572933333278,5.296252967446177,4.367778005076134,0.3206831119544592
M01,sub-M01_ses-20240318T100000_behavior+ecephys.nwb,RSC,2,LtoR,27,112,0.23854506173612222,0.08879866421803373,0.383144483420194,True,38,11,51.093788666667024,6.492849834494473,5.691702372770358,0.3377638780297107
M01,sub-M01_ses-20240318T100000_behavior+ecephys.nwb,RSC,2,RtoL,1,59,0.06240311198059426,-0.050078201903320574,0.19972242844219726,False,38,11,7.328078911565171,14.675320097428413,14.869816585123559,0.7663043478260869
M01,sub-M01_ses-20240318T100000_behavior+ecephys.nwb,RSC,2,RtoL,2,61,0.11572074734925622,-0.01684772177593534,0.24522064771738228,False,38,11,10.537972745098159,14.031500774291464,8.416616877091784,0.6226415094339622
M01,sub-M01_ses-20240318T100000_behavior+ecephys.nwb,RSC,2,RtoL,3,63,0.23872882282353278,0.11742602194949796,0.3567343981076896,False,38,11,15.541593714286137,10.696241656250594,6.120233552992348,0.6246786632390745
M01,sub-M01_ses-20240318T100000_behavior+ecephys.nwb,RSC,2,RtoL,4,65,0.1763117500058321,0.04009316091625464,0.29744376776621123,False,38,11,11.714245333333565,15.432171356724137,14.01521851715355,0.4778156996587031
M01,sub-M01_ses-20240318T100000_behavior+ecephys.nwb,RSC,2,RtoL,5,67,0.07822823502819318,-0.0595622006172611,0.2007005637092543,False,38,11,15.359990612245383,11.130699139825511,5.663840389758067,0.6233766233766234
M01,sub-M01_ses-20240318T100000_behavior+ecephys.nwb,RSC,2,RtoL,6,69,0.14129223316473977,0.006259631846837143,0.25444878182642916,False,38,11,14.296884836602658,12.112979574088353,8.384391987888904,0.5418994413407822
M01,sub-M01_ses-20240318T100000_behavior+ecephys.nwb,RSC,2,RtoL,7,71,0.11744097534649756,0.007083938414773636,0.19581618253580232,False,38,11,19.58898400000089,11.745391705751274,7.917106379072746,0.42448979591836733
M01,sub-M01_ses-20240318T100000_behavior+ecephys.nwb,RSC,2,RtoL,8,73,0.19170641805819655,0.0783357963266421,0.3111152070634306,False,38,11,18.551113333332978,9.225958429519,5.366966040773968,0.6430107526881721
M01,sub-M01_ses-20240318T100000_behavior+ecephys.nwb,RSC,2,RtoL,9,75,0.138511075263545,-0.06572866686819545,0.28165340747402406,False,38,11,14.291889265306054,11.102415930142516,8.740865104168822,0.5682451253481894
M01,sub-M01_ses-20240318T100000_behavior+ecephys.nwb,RSC,2,RtoL,10,77,0.0555638852651789,-0.09117852172107564,0.16521646031089798,False,38,11,20.43781020408187,11.160796249009197,6.888296431674757,0.41796875
M01,sub-M01_ses-20240318T100000_behavior+ecephys.nwb,RSC,2,RtoL,11,79,0.0859094918552488,-0.025807826278405225,0.18324699520604362,False,38,11,19.344310117647183,13.303731924509622,9.688140235622633,0.371900826446281
M01,sub-M01_ses-20240318T100000_behavior+ecephys.nwb,RSC,2,RtoL,12,81,0.0407725209494614,-0.1375181245786734,0.1972008070161465,False,38,11,13.45596503268007,13.629051196280377,12.413134881511454,0.5103857566765578
M01,sub-M01_ses-20240318T100000_behavior+ecephys.nwb,RSC,2,RtoL,13,83,0.1623940845834151,0.035262811166700256,0.30607092257188967,False,38,11,22.712774836601056,9.86343665295204,6.169875379395238,0.44639718804920914
M01,sub-M01_ses-20240318T100000_behavior+ecephys.nwb,RSC,2,RtoL,14,85,0.12125254618802167,0.009584490123938104,0.22209112717438922,False,38,11,22.52423525410086,10.019518886725574,6.9607450149081735,0.44778761061946903
M01,sub-M01_ses-20240318T100000_behavior+ecephys.nwb,RSC,2,RtoL,15,87,0.06403831935737546,-0.07292479491250538,0.19092074176374593,False,38,11,22.694719238094876,10.398630241395882,5.8010061460120905,0.43209876543209874
M01,sub-M01_ses-20240318T100000_behavior+ecephys.nwb,RSC,2,RtoL,16,89,-0.002632305228471938,-0.11484096326221548,0.1139244410030783,False,38,11,29.859345360544467,8.602067052423077,5.079786755822994,0.42168674698795183
M01,sub-M01_ses-20240318T100000_behavior+ecephys.nwb,RSC,2,RtoL,17,91,0.1347968064059868,-0.04214530005184951,0.2720191217848134,False,38,11,27.83527993464122,10.56850013161134,6.706450919622648,0.3428981348637016
M01,sub-M01_ses-20240318T100000_behavior+ecephys.nwb,RSC,2,RtoL,18,93,-0.01734883128909686,-0.1362345524730012,0.1046409084147982,True,38,11,31.4996811428573,9.33121298326783,5.858490758685235,0.36928934010152287
M01,sub-M01_ses-20240318T100000_behavior+ecephys.nwb,RSC,2,RtoL,19,95,0.029409235053865647,-0.09574121974986045,0.15208480787629905,True,38,11,26.341942095237755,8.538561050885283,6.000847009074116,0.5007587253414264
M01,sub-M01_ses-20240318T100000_behavior+ecephys.nwb,RSC,2,RtoL,20,97,0.13247459405260814,-0.0021270295683220434,0.24594558665951025,True,38,11,40.876829251700656,7.48414668273195,5.633000173346894,0.5058708414872799
M01,sub-M01_ses-20240318T100000_behavior+ecephys.nwb,RSC,2,RtoL,21,99,0.0296335559900566,-0.14763756618616686,0.18518594958018697,True,38,11,74.03989999999976,5.213274731254621,4.381359183974332,0.28363047001620745
M01,sub-M01_ses-20240318T100000_behavior+ecephys.nwb,RSC,2,RtoL,22,101,0.007485754968749142,-0.09919784123830325,0.13016522865429098,True,38,11,18.829901999999493,9.164619100040335,7.2270715657012365,0.559322033898305
M01,sub-M01_ses-20240318T100000_behavior+ecephys.nwb,RSC,2,RtoL,23,103,0.04038242334960972,-0.05408852513902342,0.16105209405318763,True,38,11,33.302382666665835,10.357786364254336,5.370917024994462,0.2845138055222089
M01,sub-M01_ses-20240318T100000_behavior+ecephys.nwb,RSC,2,RtoL,24,105,0.04986089493686671,-0.09327839191639554,0.18469377471694876,True,38,11,32.95365333333302,9.048913075704172,5.8624092464342805,0.2896969696969697
M01,sub-M01_ses-20240318T100000_behavior+ecephys.nwb,RSC,2,RtoL,25,107,0.10758241804751237,-0.043876414256686536,0.2195222672822701,True,38,11,50.914404575162735,6.157704656691684,4.985523216269635,0.36891679748822603
M01,sub-M01_ses-20240318T100000_behavior+ecephys.nwb,RSC,2,RtoL,26,109,0.121026366940685,-0.008942271386317691,0.2586723073226117,True,38,11,37.28625411764733,6.158804223094256,5.5156129089958625,0.4255091103965702
M01,sub-M01_ses-20240318T100000_behavior+ecephys.nwb,RSC,2,RtoL,27,111,0.08074651760883712,-0.015698710079979424,0.20615540472120278,True,38,11,47.77457333333405,6.922499950863295,5.326782124789515,0.4092050209205021
M02,sub-M02_ses-20240318T100000_behavior+ecephys.nwb,CA1,1,LtoR,1,1,0.11902236650989349,0.0077071792385355505,0.24556500680180066,False,78,19,24.12810844444448,11.961001715899142,7.5557250404989595,0.39800995024875624
M02,sub-M02_ses-20240318T100000_behavior+ecephys.nwb,CA1,1,LtoR,2,3,0.1437325302454559,0.012564587791658347,0.2949104511197211,False,78,19,28.993780612244336,9.918684354113356,7.43469575357184,0.45179063360881544
M02,sub-M02_ses-20240318T100000_behavior+ecephys.nwb,CA1,1,LtoR,3,5,0.14163814494538526,0.02922826033728496,0.2640528923792673,False,78,19,22.001495691609307,11.326757854155764,8.00813943791961,0.4727272727272727
M02,sub-M02_ses-20240318T100000_behavior+ecephys.nwb,CA1,1,LtoR,4,7,0.16797841730184493,0.06803935988992715,0.25835897977997574,False,78,19,6.721210911565322,19.733678740043228,18.66599390691109,0.6804733727810651
M02,sub-M02_ses-20240318T100000_behavior+ecephys.nwb,CA1,1,LtoR,5,9,0.1811229941560504,0.05187704025256499,0.3215320114211988,False,78,19,37.2206573333342,9.849855115306722,5.673637758031335,0.3050483351235231
M02,sub-M02_ses-20240318T100000_behavior+ecephys.nwb,CA1,1,LtoR,6,11,0.2601494635233539,0.07964967492516563,0.411392284586108,False,78,19,17.993858313725468,17.25140115580109,10.65320011018176,0.3495575221238938
M02,sub-M02_ses-20240318T100000_behavior+ecephys.nwb,CA1,1,LtoR,7,13,0.28501383312426565,0.15936134870132962,0.4139256271974237,False,78,19,22.82878666666693,13.24823430848419,9.318864773191665,0.3688811188811189
M02,sub-M02_ses-20240318T100000_behavior+ecephys.nwb,CA1,1,LtoR,8,15,0.36821001575315737,0.18603749017518784,0.5527634492256178,False,78,19,21.428728000000774,13.911897577839431,6.031705134670136,0.3917910447761194
M02,sub-M02_ses-20240318T100000_behavior+ecephys.nwb,CA1,1,LtoR,9,17,0.37592712643130477,0.2100390648861145,0.5229276569460664,False,78,19,13.441548169933412,16.858729189477167,13.82070004008615,0.4836795252225519
M02,sub-M02_ses-20240318T100000_behavior+ecephys.nwb,CA1,1,LtoR,10,19,0.4001591185330135,0.2675180653987978,0.5163206318672462,False,78,19,22.62836800000059,12.746697738027727,9.284788849678069,0.3880070546737213
M02,sub-M02_ses-20240318T100000_behavior+ecephys.nwb,CA1,1,LtoR,11,21,0.4103089911046773,0.2503849380307401,0.5657536079728521,False,78,19,10.393426666666528,20.62303719274684,19.30037626993865,0.5076923076923077
M02,sub-M02_ses-20240318T100000_behavior+ecephys.nwb,CA1,1,LtoR,12,23,0.40948386267142906,0.27029412346020854,0.5473906715687795,False,78,19,14.122264261438431,15.229041151183678,7.679886644376115,0.5267605633802817
M02,sub-M02_ses-20240318T100000_behavior+ecephys.nwb,CA1,1,LtoR,13,25,0.3578644110097248,0.21990019194181928,0.5023242434812251,True,78,19,16.23082400000021,15.328739683453712,9.71265135040288,0.44717444717444715
M02,sub-M02_ses-20240318T100000_behavior+ecephys.nwb,CA1,1,LtoR,14,27,0.42777711910117155,0.24834756623287174,0.5756524914835376,True,78,19,34.29769615384612,11.470506092178148,4.604640232634074,0.32828870779976715
M02,sub-M02_ses-20240318T100000_behavior+ecephys.nwb,CA1,1,LtoR,15,29,0.45092270074233143,0.26919319647832995,0.5923354170265797,True,78,19,12.733228052287814,15.63599401660605,5.597372384442005,0.55625
M02,sub-M02_ses-20240318T100000_behavior+ecephys.nwb,CA1,1,LtoR,16,31,0.37948396446025445,0.21493421222413725,0.5066800494955327,True,78,19,19.59075333333294,15.094457060732799,7.887836246742339,0.3971486761710794
M02,sub-M02_ses-20240318T100000_behavior+ecephys.nwb,CA1,1,LtoR,17,33,0.43044034599493997,0.25018632393655693,0.5734500455432371,True,78,19,12.473881999999321,18.945879494062304,10.764729435167917,0.476038338658147
M02,sub-M02_ses-20240318T100000_behavior+ecephys.nwb,CA1,1,LtoR,18,35,0.4274288642284937,0.17681167343542945,0.5800554609277231,True,78,19,11.823098535947793,19.004969812753814,9.567889546426606,0.5033783783783784
M02,sub-M02_ses-20240318T100000_behavior+ecephys.nwb,CA1,1,LtoR,19,37,0.4786073101763629,0.2838724126402157,0.6262895281751545,True,78,19,20.83279804081576,19.12871804304548,14.186572457246998,0.2739463601532567
M02,sub-M02_ses-20240318T100000_behavior+ecephys.nwb,CA1,1,LtoR,20,39,0.4728878280113994,0.28472785419611507,0.5948247764735001,True,78,19,14.457907959183103,19.28338913244553,17.985904975884445,0.39669421487603307
M02,sub-M02_ses-20240318T100000_behavior+ecephys.nwb,CA1,1,LtoR,21,41,0.4430830336252667,0.26626255555925255,0.5940204592239928,True,78,19,12.033883999999489,20.77056399142966,14.70943493251076,0.43853820598006643
M02,sub-M02_ses-20240318T100000_behavior+ecephys.nwb,CA1,1,LtoR,22,43,0.36877976430412185,0.20512943126712346,0.5003544264450858,True,78,19,12.303756870747748,18.49455049617651,19.083471887969477,0.4805194805194805
M02,sub-M02_ses-20240318T100000_behavior+ecephys.nwb,CA1,1,RtoL,1,2,0.0706651564342788,-0.05584222118655408,0.2173546914229354,False,78,19,25.46658600000046,10.771151846885488,7.065370724307461,0.4278996865203762
M02,sub-M02_ses-20240318T100000_behavior+ecephys.nwb,CA1,1,RtoL,2,4,0.14832195302441867,-0.023000476148040547,0.2898585751027136,False,78,19,40.223795918367614,10.547366074971,8.63444601048721,0.27209533267130087
M02,sub-M02_ses-20240318T100000_behavior+ecephys.nwb,CA1,1,RtoL,3,6,0.20251157201841088,0.08977265822618795,0.30965532560484105,False,78,19,34.75501244444422,9.365047032017117,6.968990795076098,0.35246842709529275
M02,sub-M02_ses-20240318T100000_behavior+ecephys.nwb,CA1,1,RtoL,4,8,0.10902747181735498,-0.005616380191785687,0.22027239549225117,False,78,19,50.809254421767946,7.911206631536053,6.892097403248008,0.3044846577498033
M02,sub-M02_ses-20240318T100000_behavior+ecephys.nwb,CA1,1,RtoL,5,10,0.1962231907454401,0.06544484137994884,0.31884841224320315,False,78,19,33.85939168627465,11.698335091745184,8.797300090048601,0.2809917355371901
M02,sub-M02_ses-20240318T100000_behavior+ecephys.nwb,CA1,1,RtoL,6,12,0.20436140207274078,0.09136716186657219,0.3056826245614553,False,78,19,30.143584666666356,8.76199861106054,5.16506277492703,0.4708222811671088
M02,sub-M02_ses-20240318T100000_behavior+ecephys.nwb,CA1,1,RtoL,7,14,0.28038466360738745,0.11312492792741728,0.40253237075558995,False,78,19,27.50573866666582,9.183314939933908,8.123931828611763,0.44847605224963716
M02,sub-M02_ses-20240318T100000_behavior+ecephys.nwb,CA1,1,RtoL,8,16,0.3016581306692995,0.13813807624793212,0.4499833739042889,False,78,19,20.029964666667183,15.390236139311908,11.554504866358645,0.3645418326693227
M02,sub-M02_ses-20240318T100000_behavior+ecephys.nwb,CA1,1,RtoL,9,18,0.3841551429416861,0.22575465214959312,0.48412534734190044,False,78,19,18.94150316339892,13.512436650064883,11.955229075298595,0.4240506329113924
M02,sub-M02_ses-20240318T100000_behavior+ecephys.nwb,CA1,1,RtoL,10,20,0.30478824000436433,0.13771564500588357,0.46438602210566876,False,78,19,26.82633733333296,9.935430943065287,7.944524934459487,0.41369047619047616
M02,sub-M02_ses-20240318T100000_behavior+ecephys.nwb,CA1,1,RtoL,11,22,0.27992031234298476,0.136319944555571,0.41961373810288954,False,78,19,22.946929333333173,13.202163820445193,11.360953761824078,0.36869565217391304
M02,sub-M02_ses-20240318T100000_behavior+ecephys.nwb,CA1,1,RtoL,12,24,0.31193033546362725,0.12477094786224033,0.46326836733666105,True,78,19,17.420805071895302,15.17400142962713,11.226012107953663,0.44724770642201833
M02,sub-M02_ses-20240318T100000_behavior+ecephys.nwb,CA1,1,RtoL,13,26,0.43774685831617804,0.233006774330745,0.5720242127107981,True,78,19,15.631283999999141,14.97556020177411,9.51617750828821,0.4833759590792839
M02,sub-M02_ses-20240318T100000_behavior+ecephys.nwb,CA1,1,RtoL,14,28,0.4161006449494289,0.2311506513248719,0.5445317018554298,True,78,19,19.894839793866595,14.329368293318726,11.881920634849159,0.39558232931726905
M02,sub-M02_ses-20240318T100000_behavior+ecephys.nwb,CA1,1,RtoL,15,30,0.3917267376956072,0.21047587653216324,0.5279035703573369,True,78,19,15.391613333333225,15.27842520053405,11.877145273430958,0.4675324675324675
M02,sub-M02_ses-20240318T100000_behavior+ecephys.nwb,CA1,1,RtoL,16,32,0.36962182329426063,0.19479277257535563,0.5092781445877907,True,78,19,12.632852666667532,16.62959043809683,9.665973286869109,0.5394321766561514
M02,sub-M02_ses-20240318T100000_behavior+ecephys.nwb,CA1,1,RtoL,17,34,0.2726480040182706,0.11791335968519194,0.4157952995851443,True,78,19,51.5432281307194,8.833992429252799,6.268591481527091,0.27364341085271315
M02,sub-M02_ses-20240318T100000_behavior+ecephys.nwb,CA1,1,RtoL,18,36,0.3779076100583666,0.24694297557182424,0.5094241099753296,True,78,19,28.066045333333022,13.355555612278364,9.74694225411202,0.2901849217638691
M02,sub-M02_ses-20240318T100000_behavior+ecephys.nwb,CA1,1,RtoL,19,38,0.4236292609396088,0.2739689758126161,0.5481276271056537,True,78,19,20.47950000000128,18.873437880257807,17.896829991490613,0.279296875
M02,sub-M02_ses-20240318T100000_behavior+ecephys.nwb,CA1,1,RtoL,20,40,0.40009411967518427,0.23144380639760553,0.5324587294197742,True,78,19,22.548561999999947,17.535730682078547,13.860766910903704,0.2849557522123894
M02,sub-M02_ses-20240318T100000_behavior+ecephys.nwb,CA1,1,RtoL,21,42,0.3898753686527211,0.22542900398692844,0.5185992084831114,True,78,19,14.722133795919035,17.69748283927378,14.66000716629885,0.41621621621621624
M02,sub-M02_ses-20240318T100000_behavior+ecephys.nwb,CA1,2,LtoR,1,45,0.04873663168880024,-0.0554247519236489,0.15271442403378513,False,78,19,17.55057133333321,9.208826796793591,6.296078175440654,0.6181818181818182
M02,sub-M02_ses-20240318T100000_behavior+ecephys.nwb,CA1,2,LtoR,2,47,0.1286149142143362,0.0072545318791377555,0.25130078195396505,False,78,19,29.57840983006554,8.696502409274771,5.35188382014384,0.4702702702702703
M02,sub-M02_ses-20240318T100000_behavior+ecephys.nwb,CA1,2,LtoR,3,49,0.09395306117891064,-0.025083492257073826,0.20366595135945864,False,78,19,25.722716179805502,9.616150774449075,4.9101933115393255,0.4930232558139535
M02,sub-M02_ses-20240318T100000_behavior+ecephys.nwb,CA1,2,LtoR,4,51,0.16491443251350085,0.06795803623989655,0.273002045606957,False,78,19,29.74471733333303,8.934805026019754,5.095520908745513,0.40939597315436244
M02,sub-M02_ses-20240318T100000_behavior+ecephys.nwb,CA1,2,LtoR,5,53,0.05707976478297108,-0.05358051069331583,0.18496097038369064,False,78,19,35.777985088435344,8.314885427750296,5.3967416657515646,0.4575892857142857
M02,sub-M02_ses-20240318T100000_behavior+ecephys.nwb,CA1,2,LtoR,6,55,0.17407678512374924,0.06500951600530386,0.2937174636885827,False,78,19,34.785365959183764,8.376152786543269,5.401170979142172,0.4489092996555683
M02,sub-M02_ses-20240318T100000_behavior+ecephys.nwb,CA1,2,LtoR,7,57,0.11933806242362383,0.006247810997558868,0.2274939035678394,False,78,19,27.405829281045953,9.043862410973183,6.312024346557209,0.47959183673469385
M02,sub-M02_ses-20240318T100000_behavior+ecephys.nwb,CA1,2,LtoR,8,59,0.18412046129067206,0.08453271289703526,0.2795987953999684,False,78,19,29.319264707482944,8.673315334227551,5.2634997200739555,0.4604904632152589
M02,sub-M02_ses-20240318T100000_behavior+ecephys.nwb,CA1,2,LtoR,9,61,0.15073482617887074,0.035068934756806815,0.2554791565839858,False,78,19,22.387810666667065,10.899869451896457,6.463385315067363,0.5008912655971479
M02,sub-M02_ses-20240318T100000_behavior+ecephys.nwb,CA1,2,LtoR,10,63,0.2113028255820268,0.11289332341353177,0.31498092055675175,False,78,19,32.58290666666744,7.240079231536242,5.843240210567241,0.6073619631901841
M02,sub-M02_ses-20240318T100000_behavior+ecephys.nwb,CA1,2,LtoR,11,65,0.23156123573565562,0.12701554451187158,0.33159200877180356,False,78,19,68.39314101960827,7.3110124831078425,5.20265945126531,0.27177089421391
M02,sub-M02_ses-20240318T100000_behavior+ecephys.nwb,CA1,2,LtoR,12,67,0.17798432811888984,0.04509149284953336,0.2727489818349073,False,78,19,23.51576536054472,8.933494054707042,6.898686276492065,0.5280135823429541
M02,sub-M02_ses-20240318T100000_behavior+ecephys.nwb,CA1,2,LtoR,13,69,0.15984013724191443,0.03976899790429984,0.26085933949888795,False,78,19,24.427936000000045,10.545224087178767,5.92719999365119,0.4493464052287582
M02,sub-M02_ses-20240318T100000_behavior+ecephys.nwb,CA1,2,LtoR,14,72,0.24376700368966414,0.1270137961035979,0.3450314070532712,False,78,19,43.73716400000012,8.716050337587705,5.3901747186285975,0.29863013698630136
M02,sub-M02_ses-20240318T100000_behavior+ecephys.nwb,CA1,2,LtoR,15,74,0.1709094419272145,0.07962541791288431,0.296536001742946,False,78,19,30.117971714285886,8.48328562423083,7.136314089654238,0.3941798941798942
M02,sub-M02_ses-20240318T100000_behavior+ecephys.nwb,CA1,2,LtoR,16,76,0.2016277701180944,0.09868977338913827,0.29724187513324873,False,78,19,20.12854961240282,10.684439107914617,8.903237017161633,0.48214285714285715
M02,sub-M02_ses-20240318T100000_behavior+ecephys.nwb,CA1,2,LtoR,17,78,0.14448247079652077,0.049708864701081074,0.249375380266184,True,78,19,58.265791554467796,9.003187192876538,5.625534754200665,0.25806451612903225
M02,sub-M02_ses-20240318T100000_behavior+ecephys.nwb,CA1,2,LtoR,18,80,0.16978765697731188,0.042071012537953034,0.2679278381255445,True,78,19,36.10671792248104,8.63518471204693,6.418264524966119,0.42175360710321863
M02,sub-M02_ses-20240318T100000_behavior+ecephys.nwb,CA1,2,LtoR,19,82,0.1780122710021357,0.04458887765608688,0.32474397099186386,True,78,19,36.799365986928024,7.638047014350542,5.910739706599367,0.42996742671009774
M02,sub-M02_ses-20240318T100000_behavior+ecephys.nwb,CA1,2,LtoR,20,84,0.21526839784401308,0.07478770186829467,0.3207855977463603,True,78,19,28.58637077124149,10.641738566989648,6.942158158377413,0.44273743016759776
M02,sub-M02_ses-20240318T100000_behavior+ecephys.nwb,CA1,2,LtoR,21,86,0.1017944099516914,-0.02838666354619257,0.2222768685867637,True,78,19,57.450048000000606,8.214893771159243,5.287158131637928,0.30486111111111114
M02,sub-M02_ses-20240318T100000_behavior+ecephys.nwb,CA1,2,LtoR,22,88,0.11422774541956258,-0.009587027531725112,0.2115294653744508,True,78,19,36.261625999999524,7.487169203247859,6.09459051876349,0.5325248070562293
M02,sub-M02_ses-20240318T100000_behavior+ecephys.nwb,CA1,2,LtoR,23,90,0.20992626669411768,0.08665093502886878,0.3241281383941203,True,78,19,27.899718088049667,9.23609552719662,7.4977673687724335,0.47421203438395415
M02,sub-M02_ses-20240318T100000_behavior+ecephys.nwb,CA1,2,LtoR,24,92,0.20023080921720293,0.05460287699866587,0.3073225508942791,True,78,19,61.3073650780143,8.316289248979286,5.760262969612777,0.2896281800391389
M02,sub-M02_ses-20240318T100000_behavior+ecephys.nwb,CA1,2,LtoR,25,94,0.18811653134614242,0.06589015380153104,0.29694870606532386,True,78,19,21.187944261438133,13.955042161988953,12.122237921867812,0.439622641509434
M02,sub-M02_ses-20240318T100000_behavior+ecephys.nwb,CA1,2,LtoR,26,96,0.19081781038836748,0.08894851238648593,0.2885750192123645,True,78,19,20.643318352941606,11.170207789944936,8.051323083951134,0.48936170212765956
M02,sub-M02_ses-20240318T100000_behavior+ecephys.nwb,CA1,2,RtoL,1,44,0.057332435433635365,-0.05527020004202656,0.15123312433721917,False,78,19,22.553658666666706,9.475046697751239,7.568218314581836,0.4946808510638298
M02,sub-M02_ses-20240318T100000_behavior+ecephys.nwb,CA1,2,RtoL,2,46,0.10896192971226376,-0.02415926682164109,0.2421430809238779,False,78,19,25.22676866666734,9.431176610834903,7.52581602773264,0.4525316455696203
M02,sub-M02_ses-20240318T100000_behavior+ecephys.nwb,CA1,2,RtoL,3,48,0.05718049795184488,-0.07700791814197273,0.2055057658632618,False,78,19,15.432795584900305,12.715245176677756,7.39581718360131,0.5569948186528497
M02,sub-M02_ses-20240318T100000_behavior+ecephys.nwb,CA1,2,RtoL,4,50,0.12504003995975377,-0.026147493535624344,0.27221464621574526,False,78,19,18.50001307189541,12.367600299093844,9.654590988120098,0.468682505399568
M02,sub-M02_ses-20240318T100000_behavior+ecephys.nwb,CA1,2,RtoL,5,52,0.07778922329365706,-0.05838114211651419,0.19066836949021934,False,78,19,12.396994911565344,15.810134032674174,12.762988963068874,0.5080385852090032
M02,sub-M02_ses-20240318T100000_behavior+ecephys.nwb,CA1,2,RtoL,6,54,0.1321133198495529,-0.011061953436141088,0.2921374100055594,False,78,19,13.353034666666645,11.400160233823614,9.390711926357081,0.6826347305389222
M02,sub-M02_ses-20240318T100000_behavior+ecephys.nwb,CA1,2,RtoL,7,56,0.17180718535655187,0.030411053696555057,0.27908436159992844,False,78,19,15.468842040815616,11.640133280871883,9.566033785902823,0.6005154639175257
M02,sub-M02_ses-20240318T100000_behavior+ecephys.nwb,CA1,2,RtoL,8,58,0.0893198626399581,0.008468361194038303,0.16928787939173026,False,78,19,34.26839534480405,7.531945745743424,6.1213921620210145,0.43990665110851807
M02,sub-M02_ses-20240318T100000_behavior+ecephys.nwb,CA1,2,RtoL,9,60,0.18742267574431043,0.06783150000352176,0.30591536880153924,False,78,19,22.028205333333062,11.22963906850245,9.412874675074175,0.44021739130434784
M02,sub-M02_ses-20240318T100000_behavior+ecephys.nwb,CA1,2,RtoL,10,62,0.2228716012394134,0.08935155770728957,0.34627879398599076,False,78,19,27.546183999999812,8.019203892722846,6.024304050358436,0.5579710144927537
M02,sub-M02_ses-20240318T100000_behavior+ecephys.nwb,CA1,2,RtoL,11,64,0.18902931680319696,0.027239303809383292,0.31636092450609665,False,78,19,16.20298164705855,8.62990426152133,7.88231238190253,0.770935960591133
M02,sub-M02_ses-20240318T100000_behavior+ecephys.nwb,CA1,2,RtoL,12,66,0.1337374213206584,0.005474666674714463,0.2293861553714,False,78,19,33.69547330612204,9.128876973556995,6.946641108528365,0.4139976275207592
M02,sub-M02_ses-20240318T100000_behavior+ecephys.nwb,CA1,2,RtoL,13,68,0.22681592482289512,0.05451846843253347,0.36630738503971216,False,78,19,33.62223333333259,8.285961563089055,6.090354628336081,0.4418052256532066
M02,sub-M02_ses-20240318T100000_behavior+ecephys.nwb,CA1,2,RtoL,14,70,0.26187721812616566,0.12201656551882871,0.39074835351103654,False,78,19,26.1458360000006,10.287133185473863,8.128558677170027,0.39602446483180426
M02,sub-M02_ses-20240318T100000_behavior+ecephys.nwb,CA1,2,RtoL,15,71,0.1225129155988047,-0.013940434077010651,0.26960338607214424,False,78,19,56.82285346405297,7.308692648519787,6.308544119842005,0.2315270935960591
M02,sub-M02_ses-20240318T100000_behavior+ecephys.nwb,CA1,2,RtoL,16,73,0.26425957226247254,0.11558806332472792,0.39392350865261405,False,78,19,51.57320666666601,7.614351399927884,5.876675039341408,0.29767441860465116
M02,sub-M02_ses-20240318T100000_behavior+ecephys.nwb,CA1,2,RtoL,17,75,0.22864798739741943,0.0964614295433276,0.34373481926037197,False,78,19,13.98383095238114,10.829308410831194,8.853251505809594,0.7293447293447294
M02,sub-M02_ses-20240318T100000_behavior+ecephys.nwb,CA1,2,RtoL,18,77,0.15286003035923412,0.015004216910725652,0.26683276295175695,True,78,19,42.007969685842,7.392088110425045,5.406257392067353,0.4306083650190114
M02,sub-M02_ses-20240318T100000_behavior+ecephys.nwb,CA1,2,RtoL,19,79,0.1600899700926156,0.030762288015949716,0.28697450899582855,True,78,19,20.035532558139494,10.993523176363226,10.336634721659113,0.45219123505976094
M02,sub-M02_ses-20240318T100000_behavior+ecephys.nwb,CA1,2,RtoL,20,81,0.20552335924704274,0.08451386188208669,0.313324133647572,True,78,19,28.744873333334,9.66199175398294,6.648911643613776,0.425
M02,sub-M02_ses-20240318T100000_behavior+ecephys.nwb,CA1,2,RtoL,21,83,0.22072937713837307,0.07186741956062913,0.3336470708879811,True,78,19,24.927571241829355,8.921392436050997,5.622845852231433,0.5248796147672552
M02,sub-M02_ses-20240318T100000_behavior+ecephys.nwb,CA1,2,RtoL,22,85,0.26609107957100997,0.11328228877781897,0.3647664740851738,True,78,19,29.86464266666644,8.161229529475442,6.415406673548599,0.5681818181818182
M02,sub-M02_ses-20240318T100000_behavior+ecephys.nwb,CA1,2,RtoL,23,87,0.1898867640895325,0.06944613524583929,0.3005184908951293,True,78,19,43.17768666666689,7.469767336233188,6.190865212597071,0.42207792207792205
M02,sub-M02_ses-20240318T100000_behavior+ecephys.nwb,CA1,2,RtoL,24,89,0.2191296962893436,0.08264494206514068,0.33501140337816704,True,78,19,18.671190000000934,9.188887537347751,7.619730111985266,0.6944444444444444
M02,sub-M02_ses-20240318T100000_behavior+ecephys.nwb,CA1,2,RtoL,25,91,0.15311365396964158,0.027828629806102637,0.26043036432080946,True,78,19,26.932116833935652,8.656244181207052,7.258953192077238,0.4881656804733728
M02,sub-M02_ses-20240318T100000_behavior+ecephys.nwb,CA1,2,RtoL,26,93,0.1626492360560176,0.036959142125206616,0.2767402469273303,True,78,19,17.591643738562198,12.9093837245034,8.449287132118181,0.47845804988662133
M02,sub-M02_ses-20240318T100000_behavior+ecephys.nwb,CA1,2,RtoL,27,95,0.22215340855044052,0.05240323274668658,0.3512420095109509,True,78,19,13.473339999998643,14.217466047647104,12.111050732040894,0.47337278106508873
M02,sub-M02_ses-20240318T100000_behavior+ecephys.nwb,CA3,1,LtoR,1,1,0.32317641166719,0.3231764116671897,0.32317641166719024,False,19,19,24.12810844444448,11.961001715899142,7.5557250404989595,0.39800995024875624
M02,sub-M02_ses-20240318T100000_behavior+ecephys.nwb,CA3,1,LtoR,2,3,0.15965726123994473,0.15965726123994453,0.15965726123994506,False,19,19,28.993780612244336,9.918684354113356,7.43469575357184,0.45179063360881544
M02,sub-M02_ses-20240318T100000_behavior+ecephys.nwb,CA3,1,LtoR,3,5,0.04800930264701563,0.04800930264701554,0.0480093026470157,False,19,19,22.001495691609307,11.326757854155764,8.00813943791961,0.4727272727272727
M02,sub-M02_ses-20240318T100000_behavior+ecephys.nwb,CA3,1,LtoR,4,7,0.12490370415005822,0.12490370415005804,0.12490370415005828,False,19,19,6.721210911565322,19.733678740043228,18.66599390691109,0.6804733727810651
M02,sub-M02_ses-20240318T100000_behavior+ecephys.nwb,CA3,1,LtoR,5,9,0.15816700759681454,0.15816700759681426,0.15816700759681468,False,19,19,37.2206573333342,9.849855115306722,5.673637758031335,0.3050483351235231
M02,sub-M02_ses-20240318T100000_behavior+ecephys.nwb,CA3,1,LtoR,6,11,0.11627350601805934,0.11627350601805923,0.11627350601805946,False,19,19,17.993858313725468,17.25140115580109,10.65320011018176,0.3495575221238938
M02,sub-M02_ses-20240318T100000_behavior+ecephys.nwb,CA3,1,LtoR,7,13,0.20461025255680904,0.2046102525568088,0.2046102525568092,False,19,19,22.82878666666693,13.24823430848419,9.318864773191665,0.3688811188811189
M02,sub-M02_ses-20240318T100000_behavior+ecephys.nwb,CA3,1,LtoR,8,15,0.132168245223592,0.13216824522359188,0.13216824522359225,False,19,19,21.428728000000774,13.911897577839431,6.031705134670136,0.3917910447761194
M02,sub-M02_ses-20240318T100000_behavior+ecephys.nwb,CA3,1,LtoR,9,17,0.14230174978593915,0.14230174978593893,0.14230174978593932,False,19,19,13.441548169933412,16.858729189477167,13.82070004008615,0.4836795252225519
M02,sub-M02_ses-20240318T100000_behavior+ecephys.nwb,CA3,1,LtoR,10,19,0.3418243216634834,0.3418243216634829,0.3418243216634836,False,19,19,22.62836800000059,12.746697738027727,9.284788849678069,0.3880070546737213
M02,sub-M02_ses-20240318T100000_behavior+ecephys.nwb,CA3,1,LtoR,11,21,0.19572276566003885,0.19572276566003854,0.19572276566003896,False,19,19,10.393426666666528,20.62303719274684,19.30037626993865,0.5076923076923077
M02,sub-M02_ses-20240318T100000_behavior+ecephys.nwb,CA3,1,LtoR,12,23,0.19998221817263895,0.19998221817263867,0.19998221817263911,False,19,19,14.122264261438431,15.229041151183678,7.679886644376115,0.5267605633802817
M02,sub-M02_ses-20240318T100000_behavior+ecephys.nwb,CA3,1,LtoR,13,25,0.32236504198246896,0.32236504198246846,0.3223650419824695,True,19,19,16.23082400000021,15.328739683453712,9.71265135040288,0.44717444717444715
M02,sub-M02_ses-20240318T100000_behavior+ecephys.nwb,CA3,1,LtoR,14,27,0.20329832432212894,0.20329832432212874,0.20329832432212913,True,19,19,34.29769615384612,11.470506092178148,4.604640232634074,0.32828870779976715
M02,sub-M02_ses-20240318T100000_behavior+ecephys.nwb,CA3,1,LtoR,15,29,0.20173084361952262,0.2017308436195224,0.20173084361952293,True,19,19,12.733228052287814,15.63599401660605,5.597372384442005,0.55625
M02,sub-M02_ses-20240318T100000_behavior+ecephys.nwb,CA3,1,LtoR,16,31,0.22878962171329778,0.22878962171329753,0.22878962171329822,True,19,19,19.59075333333294,15.094457060732799,7.887836246742339,0.3971486761710794
M02,sub-M02_ses-20240318T100000_behavior+ecephys.nwb,CA3,1,LtoR,17,33,0.2942471178151018,0.29424711781510154,0.2942471178151023,True,19,19,12.473881999999321,18.945879494062304,10.764729435167917,0.476038338658147
M02,sub-M02_ses-20240318T100000_behavior+ecephys.nwb,CA3,1,LtoR,18,35,0.201663598238667,0.20166359823866684,0.20166359823866714,True,19,19,11.823098535947793,19.004969812753814,9.567889546426606,0.5033783783783784
M02,sub-M02_ses-20240318T100000_behavior+ecephys.nwb,CA3,1,LtoR,19,37,0.10959403238805117,0.109594032388051,0.10959403238805122,True,19,19,20.83279804081576,19.12871804304548,14.186572457246998,0.2739463601532567
M02,sub-M02_ses-20240318T100000_behavior+ecephys.nwb,CA3,1,LtoR,20,39,0.27395687895541154,0.2739568789554112,0.2739568789554119,True,19,19,14.457907959183103,19.28338913244553,17.985904975884445,0.39669421487603307
M02,sub-M02_ses-20240318T100000_behavior+ecephys.nwb,CA3,1,LtoR,21,41,0.3715930571986189,0.3715930571986187,0.37159305719861924,True,19,19,12.033883999999489,20.77056399142966,14.70943493251076,0.43853820598006643
M02,sub-M02_ses-20240318T100000_behavior+ecephys.nwb,CA3,1,LtoR,22,43,0.24637256587559703,0.2463725658755966,0.24637256587559725,True,19,19,12.303756870747748,18.49455049617651,19.083471887969477,0.4805194805194805
M02,sub-M02_ses-20240318T100000_behavior+ecephys.nwb,CA3,1,RtoL,1,2,0.29483430588759146,0.29483430588759135,0.2948343058875918,False,19,19,25.46658600000046,10.771151846885488,7.065370724307461,0.4278996865203762
M02,sub-M02_ses-20240318T100000_behavior+ecephys.nwb,CA3,1,RtoL,2,4,0.2861255101578483,0.2861255101578481,0.2861255101578487,False,19,19,40.223795918367614,10.547366074971,8.63444601048721,0.27209533267130087
M02,sub-M02_ses-20240318T100000_behavior+ecephys.nwb,CA3,1,RtoL,3,6,0.2657457711337757,0.26574577113377545,0.26574577113377584,False,19,19,34.75501244444422,9.365047032017117,6.968990795076098,0.35246842709529275
M02,sub-M02_ses-20240318T100000_behavior+ecephys.nwb,CA3,1,RtoL,4,8,0.1834783737442596,0.1834783737442595,0.18347837374425965,False,19,19,50.809254421767946,7.911206631536053,6.892097403248008,0.3044846577498033
M02,sub-M02_ses-20240318T100000_behavior+ecephys.nwb,CA3,1,RtoL,5,10,0.21929531274472824,0.2192953127447281,0.2192953127447284,False,19,19,33.85939168627465,11.698335091745184,8.797300090048601,0.2809917355371901
M02,sub-M02_ses-20240318T100000_behavior+ecephys.nwb,CA3,1,RtoL,6,12,0.22680926286842992,0.22680926286842984,0.2268092628684301,False,19,19,30.143584666666356,8.76199861106054,5.16506277492703,0.4708222811671088
M02,sub-M02_ses-20240318T100000_behavior+ecephys.nwb,CA3,1,RtoL,7,14,0.4284511808172887,0.4284511808172882,0.42845118081728906,False,19,19,27.50573866666582,9.183314939933908,8.123931828611763,0.44847605224963716
M02,sub-M02_ses-20240318T100000_behavior+ecephys.nwb,CA3,1,RtoL,8,16,0.2932211864715652,0.293221186471565,0.2932211864715655,False,19,19,20.029964666667183,15.390236139311908,11.554504866358645,0.3645418326693227
M02,sub-M02_ses-20240318T100000_behavior+ecephys.nwb,CA3,1,RtoL,9,18,0.31111848815062704,0.31111848815062676,0.31111848815062737,False,19,19,18.94150316339892,13.512436650064883,11.955229075298595,0.4240506329113924
M02,sub-M02_ses-20240318T100000_behavior+ecephys.nwb,CA3,1,RtoL,10,20,0.40055182386589655,0.40055182386589644,0.4005518238658968,False,19,19,26.82633733333296,9.935430943065287,7.944524934459487,0.41369047619047616
M02,sub-M02_ses-20240318T100000_behavior+ecephys.nwb,CA3,1,RtoL,11,22,0.11612856448636455,0.11612856448636448,0.11612856448636462,False,19,19,22.946929333333173,13.202163820445193,11.360953761824078,0.36869565217391304
M02,sub-M02_ses-20240318T100000_behavior+ecephys.nwb,CA3,1,RtoL,12,24,0.39443739797054234,0.3944373979705419,0.3944373979705428,True,19,19,17.420805071895302,15.17400142962713,11.226012107953663,0.44724770642201833
M02,sub-M02_ses-20240318T100000_behavior+ecephys.nwb,CA3,1,RtoL,13,26,0.3784269659119488,0.3784269659119485,0.37842696591194924,True,19,19,15.631283999999141,14.97556020177411,9.51617750828821,0.4833759590792839
M02,sub-M02_ses-20240318T100000_behavior+ecephys.nwb,CA3,1,RtoL,14,28,0.4152345982823477,0.4152345982823475,0.415234598282348,True,19,19,19.894839793866595,14.329368293318726,11.881920634849159,0.39558232931726905
M02,sub-M02_ses-20240318T100000_behavior+ecephys.nwb,CA3,1,RtoL,15,30,0.3790079365411042,0.37900793654110404,0.37900793654110454,True,19,19,15.391613333333225,15.27842520053405,11.877145273430958,0.4675324675324675
M02,sub-M02_ses-20240318T100000_behavior+ecephys.nwb,CA3,1,RtoL,16,32,0.26135915718688274,0.2613591571868825,0.26135915718688285,True,19,19,12.632852666667532,16.62959043809683,9.665973286869109,0.5394321766561514
M02,sub-M02_ses-20240318T100000_behavior+ecephys.nwb,CA3,1,RtoL,17,34,0.32990170018822196,0.32990170018822185,0.3299017001882221,True,19,19,51.5432281307194,8.833992429252799,6.268591481527091,0.27364341085271315
M02,sub-M02_ses-20240318T100000_behavior+ecephys.nwb,CA3,1,RtoL,18,36,0.2581375120064235,0.2581375120064233,0.25813751200642354,True,19,19,28.066045333333022,13.355555612278364,9.74694225411202,0.2901849217638691
M02,sub-M02_ses-20240318T100000_behavior+ecephys.nwb,CA3,1,RtoL,19,38,0.3378970474588823,0.33789704745888216,0.33789704745888255,True,19,19,20.47950000000128,18.873437880257807,17.896829991490613,0.279296875
M02,sub-M02_ses-20240318T100000_behavior+ecephys.nwb,CA3,1,RtoL,20,40,0.28291831641866805,0.2829183164186679,0.2829183164186682,True,19,19,22.548561999999947,17.535730682078547,13.860766910903704,0.2849557522123894
M02,sub-M02_ses-20240318T100000_behavior+ecephys.nwb,CA3,1,RtoL,21,42,0.26614143276914676,0.2661414327691466,0.2661414327691469,True,19,19,14.722133795919035,17.69748283927378,14.66000716629885,0.41621621621621624
M02,sub-M02_ses-20240318T100000_behavior+ecephys.nwb,CA3,2,LtoR,1,45,0.15938136379064186,0.15938136379064177,0.15938136379064197,False,19,19,17.55057133333321,9.208826796793591,6.296078175440654,0.6181818181818182
M02,sub-M02_ses-20240318T100000_behavior+ecephys.nwb,CA3,2,LtoR,2,47,0.17963037206673632,0.17963037206673596,0.1796303720667365,False,19,19,29.57840983006554,8.696502409274771,5.35188382014384,0.4702702702702703
M02,sub-M02_ses-20240318T100000_behavior+ecephys.nwb,CA3,2,LtoR,3,49,0.1321757192650249,0.1321757192650248,0.13217571926502508,False,19,19,25.722716179805502,9.616150774449075,4.9101933115393255,0.4930232558139535
M02,sub-M02_ses-20240318T100000_behavior+ecephys.nwb,CA3,2,LtoR,4,51,0.34789933329688344,0.34789933329688333,0.3478993332968837,False,19,19,29.74471733333303,8.934805026019754,5.095520908745513,0.40939597315436244
M02,sub-M02_ses-20240318T100000_behavior+ecephys.nwb,CA3,2,LtoR,5,53,0.24696912276039532,0.24696912276039518,0.24696912276039565,False,19,19,35.777985088435344,8.314885427750296,5.3967416657515646,0.4575892857142857
M02,sub-M02_ses-20240318T100000_behavior+ecephys.nwb,CA3,2,LtoR,6,55,0.20736666743389284,0.2073666674338925,0.20736666743389304,False,19,19,34.785365959183764,8.376152786543269,5.401170979142172,0.4489092996555683
M02,sub-M02_ses-20240318T100000_behavior+ecephys.nwb,CA3,2,LtoR,7,57,0.314198404459685,0.31419840445968467,0.3141984044596854,False,19,19,27.405829281045953,9.043862410973183,6.312024346557209,0.47959183673469385
M02,sub-M02_ses-20240318T100000_behavior+ecephys.nwb,CA3,2,LtoR,8,59,0.31573786888400035,0.3157378688840002,0.31573786888400046,False,19,19,29.319264707482944,8.673315334227551,5.2634997200739555,0.4604904632152589
M02,sub-M02_ses-20240318T100000_behavior+ecephys.nwb,CA3,2,LtoR,9,61,0.2140620214340133,0.21406202143401318,0.21406202143401357,False,19,19,22.387810666667065,10.899869451896457,6.463385315067363,0.5008912655971479
M02,sub-M02_ses-20240318T100000_behavior+ecephys.nwb,CA3,2,LtoR,10,63,0.2690285525251884,0.2690285525251883,0.26902855252518865,False,19,19,32.58290666666744,7.240079231536242,5.843240210567241,0.6073619631901841
M02,sub-M02_ses-20240318T100000_behavior+ecephys.nwb,CA3,2,LtoR,11,65,0.3901286800655499,0.3901286800655497,0.39012868006555046,False,19,19,68.39314101960827,7.3110124831078425,5.20265945126531,0.27177089421391
M02,sub-M02_ses-20240318T100000_behavior+ecephys.nwb,CA3,2,LtoR,12,67,0.22843486397420248,0.22843486397420232,0.22843486397420268,False,19,19,23.51576536054472,8.933494054707042,6.898686276492065,0.5280135823429541
M02,sub-M02_ses-20240318T100000_behavior+ecephys.nwb,CA3,2,LtoR,13,69,0.4117617877472526,0.41176178774725225,0.4117617877472534,False,19,19,24.427936000000045,10.545224087178767,5.92719999365119,0.4493464052287582
M02,sub-M02_ses-20240318T100000_behavior+ecephys.nwb,CA3,2,LtoR,14,72,0.3973277236393591,0.3973277236393588,0.3973277236393595,False,19,19,43.73716400000012,8.716050337587705,5.3901747186285975,0.29863013698630136
M02,sub-M02_ses-20240318T100000_behavior+ecephys.nwb,CA3,2,LtoR,15,74,0.3563535029988916,0.35635350299889135,0.35635350299889185,False,19,19,30.117971714285886,8.48328562423083,7.136314089654238,0.3941798941798942
M02,sub-M02_ses-20240318T100000_behavior+ecephys.nwb,CA3,2,LtoR,16,76,0.3101272720082861,0.31012727200828594,0.31012727200828644,False,19,19,20.12854961240282,10.684439107914617,8.903237017161633,0.48214285714285715
M02,sub-M02_ses-20240318T100000_behavior+ecephys.nwb,CA3,2,LtoR,17,78,0.36238366784818576,0.36238366784818526,0.36238366784818604,True,19,19,58.265791554467796,9.003187192876538,5.625534754200665,0.25806451612903225
M02,sub-M02_ses-20240318T100000_behavior+ecephys.nwb,CA3,2,LtoR,18,80,0.34984824805058506,0.3498482480505848,0.3498482480505854,True,19,19,36.10671792248104,8.63518471204693,6.418264524966119,0.42175360710321863
M02,sub-M02_ses-20240318T100000_behavior+ecephys.nwb,CA3,2,LtoR,19,82,0.27146318326197466,0.27146318326197444,0.2714631832619751,True,19,19,36.799365986928024,7.638047014350542,5.910739706599367,0.42996742671009774
M02,sub-M02_ses-20240318T100000_behavior+ecephys.nwb,CA3,2,LtoR,20,84,0.3275785089780711,0.3275785089780709,0.32757850897807134,True,19,19,28.58637077124149,10.641738566989648,6.942158158377413,0.44273743016759776
M02,sub-M02_ses-20240318T100000_behavior+ecephys.nwb,CA3,2,LtoR,21,86,0.27589111326215404,0.2758911132621539,0.2758911132621543,True,19,19,57.450048000000606,8.214893771159243,5.287158131637928,0.30486111111111114
M02,sub-M02_ses-20240318T100000_behavior+ecephys.nwb,CA3,2,LtoR,22,88,0.3043297871225066,0.3043297871225063,0.30432978712250675,True,19,19,36.261625999999524,7.487169203247859,6.09459051876349,0.5325248070562293
M02,sub-M02_ses-20240318T100000_behavior+ecephys.nwb,CA3,2,LtoR,23,90,0.294520113483615,0.29452011348361484,0.2945201134836153,True,19,19,27.899718088049667,9.23609552719662,7.4977673687724335,0.47421203438395415
M02,sub-M02_ses-20240318T100000_behavior+ecephys.nwb,CA3,2,LtoR,24,92,0.23347885841225688,0.23347885841225652,0.2334788584122572,True,19,19,61.3073650780143,8.316289248979286,5.760262969612777,0.2896281800391389
M02,sub-M02_ses-20240318T100000_behavior+ecephys.nwb,CA3,2,LtoR,25,94,0.24972204531771192,0.2497220453177116,0.24972204531771222,True,19,19,21.187944261438133,13.955042161988953,12.122237921867812,0.439622641509434
M02,sub-M02_ses-20240318T100000_behavior+ecephys.nwb,CA3,2,LtoR,26,96,0.319680383272813,0.3196803832728128,0.3196803832728132,True,19,19,20.643318352941606,11.170207789944936,8.051323083951134,0.48936170212765956
M02,sub-M02_ses-20240318T100000_behavior+ecephys.nwb,CA3,2,RtoL,1,44,0.12844654914336673,0.12844654914336665,0.12844654914336684,False,19,19,22.553658666666706,9.475046697751239,7.568218314581836,0.4946808510638298
M02,sub-M02_ses-20240318T100000_behavior+ecephys.nwb,CA3,2,RtoL,2,46,0.1981191829456625,0.19811918294566233,0.19811918294566258,False,19,19,25.22676866666734,9.431176610834903,7.52581602773264,0.4525316455696203
M02,sub-M02_ses-20240318T100000_behavior+ecephys.nwb,CA3,2,RtoL,3,48,0.2552376332234154,0.2552376332234153,0.2552376332234157,False,19,19,15.432795584900305,12.715245176677756,7.39581718360131,0.5569948186528497
M02,sub-M02_ses-20240318T100000_behavior+ecephys.nwb,CA3,2,RtoL,4,50,0.2951002909799079,0.2951002909799078,0.29510029097990814,False,19,19,18.50001307189541,12.367600299093844,9.654590988120098,0.468682505399568
M02,sub-M02_ses-20240318T100000_behavior+ecephys.nwb,CA3,2,RtoL,5,52,0.41185479221938015,0.4118547922193798,0.41185479221938026,False,19,19,12.396994911565344,15.810134032674174,12.762988963068874,0.5080385852090032
M02,sub-M02_ses-20240318T100000_behavior+ecephys.nwb,CA3,2,RtoL,6,54,0.34990224641031686,0.3499022464103166,0.3499022464103173,False,19,19,13.353034666666645,11.400160233823614,9.390711926357081,0.6826347305389222
M02,sub-M02_ses-20240318T100000_behavior+ecephys.nwb,CA3,2,RtoL,7,56,0.299257941588452,0.29925794158845187,0.29925794158845215,False,19,19,15.468842040815616,11.640133280871883,9.566033785902823,0.6005154639175257
M02,sub-M02_ses-20240318T100000_behavior+ecephys.nwb,CA3,2,RtoL,8,58,0.36615490991282407,0.3661549099128236,0.3661549099128243,False,19,19,34.26839534480405,7.531945745743424,6.1213921620210145,0.43990665110851807
M02,sub-M02_ses-20240318T100000_behavior+ecephys.nwb,CA3,2,RtoL,9,60,0.37044815400600406,0.37044815400600395,0.3704481540060042,False,19,19,22.028205333333062,11.22963906850245,9.412874675074175,0.44021739130434784
M02,sub-M02_ses-20240318T100000_behavior+ecephys.nwb,CA3,2,RtoL,10,62,0.43203034495092496,0.4320303449509246,0.43203034495092507,False,19,19,27.546183999999812,8.019203892722846,6.024304050358436,0.5579710144927537
M02,sub-M02_ses-20240318T100000_behavior+ecephys.nwb,CA3,2,RtoL,11,64,0.39628033453741596,0.39628033453741573,0.3962803345374162,False,19,19,16.20298164705855,8.62990426152133,7.88231238190253,0.770935960591133
M02,sub-M02_ses-20240318T100000_behavior+ecephys.nwb,CA3,2,RtoL,12,66,0.3552154229472849,0.35521542294728475,0.3552154229472853,False,19,19,33.69547330612204,9.128876973556995,6.946641108528365,0.4139976275207592
M02,sub-M02_ses-20240318T100000_behavior+ecephys.nwb,CA3,2,RtoL,13,68,0.40122631031215994,0.40122631031215966,0.4012263103121602,False,19,19,33.62223333333259,8.285961563089055,6.090354628336081,0.4418052256532066
M02,sub-M02_ses-20240318T100000_behavior+ecephys.nwb,CA3,2,RtoL,14,70,0.45337486685721784,0.4533748668572176,0.45337486685721806,False,19,19,26.1458360000006,10.287133185473863,8.128558677170027,0.39602446483180426
M02,sub-M02_ses-20240318T100000_behavior+ecephys.nwb,CA3,2,RtoL,15,71,0.36187359734758273,0.36187359734758257,0.36187359734758295,False,19,19,56.82285346405297,7.308692648519787,6.308544119842005,0.2315270935960591
M02,sub-M02_ses-20240318T100000_behavior+ecephys.nwb,CA3,2,RtoL,16,73,0.4982334574295786,0.49823345742957825,0.49823345742957886,False,19,19,51.57320666666601,7.614351399927884,5.876675039341408,0.29767441860465116
M02,sub-M02_ses-20240318T100000_behavior+ecephys.nwb,CA3,2,RtoL,17,75,0.44408574322102845,0.4440857432210283,0.4440857432210288,False,19,19,13.98383095238114,10.829308410831194,8.853251505809594,0.7293447293447294
M02,sub-M02_ses-20240318T100000_behavior+ecephys.nwb,CA3,2,RtoL,18,77,0.42464180119609235,0.4246418011960921,0.4246418011960927,True,19,19,42.007969685842,7.392088110425045,5.406257392067353,0.4306083650190114
M02,sub-M02_ses-20240318T100000_behavior+ecephys.nwb,CA3,2,RtoL,19,79,0.4143796250032377,0.41437962500323744,0.4143796250032381,True,19,19,20.035532558139494,10.993523176363226,10.336634721659113,0.45219123505976094
M02,sub-M02_ses-20240318T100000_behavior+ecephys.nwb,CA3,2,RtoL,20,81,0.4339144509876017,0.43391445098760145,0.43391445098760195,True,19,19,28.744873333334,9.66199175398294,6.648911643613776,0.425
M02,sub-M02_ses-20240318T100000_behavior+ecephys.nwb,CA3,2,RtoL,21,83,0.4363613088652035,0.43636130886520297,0.4363613088652038,True,19,19,24.927571241829355,8.921392436050997,5.622845852231433,0.5248796147672552
M02,sub-M02_ses-20240318T100000_behavior+ecephys.nwb,CA3,2,RtoL,22,85,0.4454240956759271,0.44542409567592695,0.4454240956759274,True,19,19,29.86464266666644,8.161229529475442,6.415406673548599,0.5681818181818182
M02,sub-M02_ses-20240318T100000_behavior+ecephys.nwb,CA3,2,RtoL,23,87,0.3450166383637141,0.3450166383637139,0.3450166383637144,True,19,19,43.17768666666689,7.469767336233188,6.190865212597071,0.42207792207792205
M02,sub-M02_ses-20240318T100000_behavior+ecephys.nwb,CA3,2,RtoL,24,89,0.49781235678897723,0.49781235678897695,0.4978123567889775,True,19,19,18.671190000000934,9.188887537347751,7.619730111985266,0.6944444444444444
M02,sub-M02_ses-20240318T100000_behavior+ecephys.nwb,CA3,2,RtoL,25,91,0.4364228279804361,0.43642282798043575,0.4364228279804364,True,19,19,26.932116833935652,8.656244181207052,7.258953192077238,0.4881656804733728
M02,sub-M02_ses-20240318T100000_behavior+ecephys.nwb,CA3,2,RtoL,26,93,0.3360355080838733,0.336035508083873,0.33603550808387356,True,19,19,17.591643738562198,12.9093837245034,8.449287132118181,0.47845804988662133
M02,sub-M02_ses-20240318T100000_behavior+ecephys.nwb,CA3,2,RtoL,27,95,0.35684856353358435,0.35684856353358413,0.3568485635335845,True,19,19,13.473339999998643,14.217466047647104,12.111050732040894,0.47337278106508873
M02,sub-M02_ses-20240318T100000_behavior+ecephys.nwb,RSC,1,LtoR,1,1,0.19157329659706548,0.19157329659706532,0.19157329659706554,False,19,19,24.12810844444448,11.961001715899142,7.5557250404989595,0.39800995024875624
M02,sub-M02_ses-20240318T100000_behavior+ecephys.nwb,RSC,1,LtoR,2,3,0.1305973167045559,0.13059731670455582,0.130597316704556,False,19,19,28.993780612244336,9.918684354113356,7.43469575357184,0.45179063360881544
M02,sub-M02_ses-20240318T100000_behavior+ecephys.nwb,RSC,1,LtoR,3,5,0.13312458447976397,0.13312458447976383,0.13312458447976402,False,19,19,22.001495691609307,11.326757854155764,8.00813943791961,0.4727272727272727
M02,sub-M02_ses-20240318T100000_behavior+ecephys.nwb,RSC,1,LtoR,4,7,0.1722710727732714,0.1722710727732713,0.17227107277327147,False,19,19,6.721210911565322,19.733678740043228,18.66599390691109,0.6804733727810651
M02,sub-M02_ses-20240318T100000_behavior+ecephys.nwb,RSC,1,LtoR,5,9,0.133421044006786,0.13342104400678592,0.1334210440067861,False,19,19,37.2206573333342,9.849855115306722,5.673637758031335,0.3050483351235231
M02,sub-M02_ses-20240318T100000_behavior+ecephys.nwb,RSC,1,LtoR,6,11,0.19879349741446461,0.1987934974144645,0.19879349741446473,False,19,19,17.993858313725468,17.25140115580109,10.65320011018176,0.3495575221238938
M02,sub-M02_ses-20240318T100000_behavior+ecephys.nwb,RSC,1,LtoR,7,13,0.1752006625154367,0.17520066251543653,0.17520066251543684,False,19,19,22.82878666666693,13.24823430848419,9.318864773191665,0.3688811188811189
M02,sub-M02_ses-20240318T100000_behavior+ecephys.nwb,RSC,1,LtoR,8,15,0.16391276231965296,0.16391276231965282,0.16391276231965307,False,19,19,21.428728000000774,13.911897577839431,6.031705134670136,0.3917910447761194
M02,sub-M02_ses-20240318T100000_behavior+ecephys.nwb,RSC,1,LtoR,9,17,0.14344739613318938,0.1434473961331893,0.14344739613318952,False,19,19,13.441548169933412,16.858729189477167,13.82070004008615,0.4836795252225519
M02,sub-M02_ses-20240318T100000_behavior+ecephys.nwb,RSC,1,LtoR,10,19,0.21230808401777804,0.21230808401777793,0.21230808401777818,False,19,19,22.62836800000059,12.746697738027727,9.284788849678069,0.3880070546737213
M02,sub-M02_ses-20240318T100000_behavior+ecephys.nwb,RSC,1,LtoR,11,21,0.26829421717918267,0.2682942171791824,0.26829421717918284,False,19,19,10.393426666666528,20.62303719274684,19.30037626993865,0.5076923076923077
M02,sub-M02_ses-20240318T100000_behavior+ecephys.nwb,RSC,1,LtoR,12,23,0.1638415324743604,0.16384153247436026,0.16384153247436054,False,19,19,14.122264261438431,15.229041151183678,7.679886644376115,0.5267605633802817
M02,sub-M02_ses-20240318T100000_behavior+ecephys.nwb,RSC,1,LtoR,13,25,0.1683563975630006,0.1683563975630005,0.1683563975630007,True,19,19,16.23082400000021,15.328739683453712,9.71265135040288,0.44717444717444715
M02,sub-M02_ses-20240318T100000_behavior+ecephys.nwb,RSC,1,LtoR,14,27,0.2072616084951971,0.20726160849519698,0.20726160849519726,True,19,19,34.29769615384612,11.470506092178148,4.604640232634074,0.32828870779976715
M02,sub-M02_ses-20240318T100000_behavior+ecephys.nwb,RSC,1,LtoR,15,29,0.2214245291533726,0.2214245291533724,0.22142452915337274,True,19,19,12.733228052287814,15.63599401660605,5.597372384442005,0.55625
M02,sub-M02_ses-20240318T100000_behavior+ecephys.nwb,RSC,1,LtoR,16,31,0.2396548075307757,0.23965480753077553,0.23965480753077584,True,19,19,19.59075333333294,15.094457060732799,7.887836246742339,0.3971486761710794
M02,sub-M02_ses-20240318T100000_behavior+ecephys.nwb,RSC,1,LtoR,17,33,0.06884170775449974,0.0688417077544997,0.06884170775449978,True,19,19,12.473881999999321,18.945879494062304,10.764729435167917,0.476038338658147
M02,sub-M02_ses-20240318T100000_behavior+ecephys.nwb,RSC,1,LtoR,18,35,0.13442356521767934,0.13442356521767926,0.13442356521767942,True,19,19,11.823098535947793,19.004969812753814,9.567889546426606,0.5033783783783784
M02,sub-M02_ses-20240318T100000_behavior+ecephys.nwb,RSC,1,LtoR,19,37,0.22660964451305174,0.2266096445130516,0.22660964451305185,True,19,19,20.83279804081576,19.12871804304548,14.186572457246998,0.2739463601532567
M02,sub-M02_ses-20240318T100000_behavior+ecephys.nwb,RSC,1,LtoR,20,39,0.17993562001822766,0.17993562001822758,0.17993562001822774,True,19,19,14.457907959183103,19.28338913244553,17.985904975884445,0.39669421487603307
M02,sub-M02_ses-20240318T100000_behavior+ecephys.nwb,RSC,1,LtoR,21,41,0.10952749286313743,0.10952749286313734,0.10952749286313751,True,19,19,12.033883999999489,20.77056399142966,14.70943493251076,0.43853820598006643
M02,sub-M02_ses-20240318T100000_behavior+ecephys.nwb,RSC,1,LtoR,22,43,0.1485934866505196,0.14859348665051952,0.14859348665051975,True,19,19,12.303756870747748,18.49455049617651,19.083471887969477,0.4805194805194805
M02,sub-M02_ses-20240318T100000_behavior+ecephys.nwb,RSC,1,RtoL,1,2,0.1576156011386571,0.15761560113865702,0.15761560113865722,False,19,19,25.46658600000046,10.771151846885488,7.065370724307461,0.4278996865203762
M02,sub-M02_ses-20240318T100000_behavior+ecephys.nwb,RSC,1,RtoL,2,4,0.18714854534910225,0.1871485453491021,0.1871485453491023,False,19,19,40.223795918367614,10.547366074971,8.63444601048721,0.27209533267130087
M02,sub-M02_ses-20240318T100000_behavior+ecephys.nwb,RSC,1,RtoL,3,6,0.07664693601328212,0.07664693601328207,0.07664693601328217,False,19,19,34.75501244444422,9.365047032017117,6.968990795076098,0.35246842709529275
M02,sub-M02_ses-20240318T100000_behavior+ecephys.nwb,RSC,1,RtoL,4,8,0.10495934210681455,0.10495934210681447,0.1049593421068146,False,19,19,50.809254421767946,7.911206631536053,6.892097403248008,0.3044846577498033
M02,sub-M02_ses-20240318T100000_behavior+ecephys.nwb,RSC,1,RtoL,5,10,0.04556923569319573,0.04556923569319571,0.045569235693195764,False,19,19,33.85939168627465,11.698335091745184,8.797300090048601,0.2809917355371901
M02,sub-M02_ses-20240318T100000_behavior+ecephys.nwb,RSC,1,RtoL,6,12,0.04286045573803548,0.042860455738035444,0.04286045573803552,False,19,19,30.143584666666356,8.76199861106054,5.16506277492703,0.4708222811671088
M02,sub-M02_ses-20240318T100000_behavior+ecephys.nwb,RSC,1,RtoL,7,14,0.10114675555076662,0.10114675555076659,0.10114675555076666,False,19,19,27.50573866666582,9.183314939933908,8.123931828611763,0.44847605224963716
M02,sub-M02_ses-20240318T100000_behavior+ecephys.nwb,RSC,1,RtoL,8,16,0.08867290218972058,0.08867290218972054,0.08867290218972064,False,19,19,20.029964666667183,15.390236139311908,11.554504866358645,0.3645418326693227
M02,sub-M02_ses-20240318T100000_behavior+ecephys.nwb,RSC,1,RtoL,9,18,0.09453590373716646,0.09453590373716642,0.09453590373716651,False,19,19,18.94150316339892,13.512436650064883,11.955229075298595,0.4240506329113924
M02,sub-M02_ses-20240318T100000_behavior+ecephys.nwb,RSC,1,RtoL,10,20,0.21750514992658623,0.21750514992658612,0.21750514992658637,False,19,19,26.82633733333296,9.935430943065287,7.944524934459487,0.41369047619047616
M02,sub-M02_ses-20240318T100000_behavior+ecephys.nwb,RSC,1,RtoL,11,22,0.05721998864424043,0.057219988644240403,0.057219988644240466,False,19,19,22.946929333333173,13.202163820445193,11.360953761824078,0.36869565217391304
M02,sub-M02_ses-20240318T100000_behavior+ecephys.nwb,RSC,1,RtoL,12,24,0.08559440807082412,0.0855944080708241,0.08559440807082422,True,19,19,17.420805071895302,15.17400142962713,11.226012107953663,0.44724770642201833
M02,sub-M02_ses-20240318T100000_behavior+ecephys.nwb,RSC,1,RtoL,13,26,0.19890299727964358,0.1989029972796435,0.19890299727964367,True,19,19,15.631283999999141,14.97556020177411,9.51617750828821,0.4833759590792839
M02,sub-M02_ses-20240318T100000_behavior+ecephys.nwb,RSC,1,RtoL,14,28,0.18255856978450813,0.18255856978450805,0.18255856978450824,True,19,19,19.894839793866595,14.329368293318726,11.881920634849159,0.39558232931726905
M02,sub-M02_ses-20240318T100000_behavior+ecephys.nwb,RSC,1,RtoL,15,30,0.12403841950559231,0.12403841950559227,0.12403841950559238,True,19,19,15.391613333333225,15.27842520053405,11.877145273430958,0.4675324675324675
M02,sub-M02_ses-20240318T100000_behavior+ecephys.nwb,RSC,1,RtoL,16,32,0.14852407055768604,0.14852407055768596,0.14852407055768613,True,19,19,12.632852666667532,16.62959043809683,9.665973286869109,0.5394321766561514
M02,sub-M02_ses-20240318T100000_behavior+ecephys.nwb,RSC,1,RtoL,17,34,0.18877302123933076,0.18877302123933068,0.18877302123933082,True,19,19,51.5432281307194,8.833992429252799,6.268591481527091,0.27364341085271315
M02,sub-M02_ses-20240318T100000_behavior+ecephys.nwb,RSC,1,RtoL,18,36,0.21036036366970426,0.2103603636697042,0.2103603636697044,True,19,19,28.066045333333022,13.355555612278364,9.74694225411202,0.2901849217638691
M02,sub-M02_ses-20240318T100000_behavior+ecephys.nwb,RSC,1,RtoL,19,38,0.2326186275791627,0.23261862757916255,0.23261862757916282,True,19,19,20.47950000000128,18.873437880257807,17.896829991490613,0.279296875
M02,sub-M02_ses-20240318T100000_behavior+ecephys.nwb,RSC,1,RtoL,20,40,0.23186713767498293,0.23186713767498282,0.23186713767498301,True,19,19,22.548561999999947,17.535730682078547,13.860766910903704,0.2849557522123894
M02,sub-M02_ses-20240318T100000_behavior+ecephys.nwb,RSC,1,RtoL,21,42,0.21733877087781128,0.21733877087781117,0.2173387708778114,True,19,19,14.722133795919035,17.69748283927378,14.66000716629885,0.41621621621621624
M02,sub-M02_ses-20240318T100000_behavior+ecephys.nwb,RSC,2,LtoR,1,45,0.13576471169813933,0.13576471169813925,0.1357647116981394,False,19,19,17.55057133333321,9.208826796793591,6.296078175440654,0.6181818181818182
M02,sub-M02_ses-20240318T100000_behavior+ecephys.nwb,RSC,2,LtoR,2,47,-0.009247717765325162,-0.009247717765325179,-0.00924771776532514,False,19,19,29.57840983006554,8.696502409274771,5.35188382014384,0.4702702702702703
M02,sub-M02_ses-20240318T100000_behavior+ecephys.nwb,RSC,2,LtoR,3,49,0.012501971160722696,0.012501971160722674,0.012501971160722715,False,19,19,25.722716179805502,9.616150774449075,4.9101933115393255,0.4930232558139535
M02,sub-M02_ses-20240318T100000_behavior+ecephys.nwb,RSC,2,LtoR,4,51,-0.07338448717288738,-0.07338448717288744,-0.07338448717288734,False,19,19,29.74471733333303,8.934805026019754,5.095520908745513,0.40939597315436244
M02,sub-M02_ses-20240318T100000_behavior+ecephys.nwb,RSC,2,LtoR,5,53,0.06277456838305286,0.06277456838305283,0.06277456838305288,False,19,19,35.777985088435344,8.314885427750296,5.3967416657515646,0.4575892857142857
M02,sub-M02_ses-20240318T100000_behavior+ecephys.nwb,RSC,2,LtoR,6,55,0.14189486943538815,0.14189486943538807,0.1418948694353882,False,19,19,34.785365959183764,8.376152786543269,5.401170979142172,0.4489092996555683
M02,sub-M02_ses-20240318T100000_behavior+ecephys.nwb,RSC,2,LtoR,7,57,0.13524028974012864,0.13524028974012858,0.1352402897401287,False,19,19,27.405829281045953,9.043862410973183,6.312024346557209,0.47959183673469385
M02,sub-M02_ses-20240318T100000_behavior+ecephys.nwb,RSC,2,LtoR,8,59,0.02440503017527921,0.024405030175279185,0.02440503017527923,False,19,19,29.319264707482944,8.673315334227551,5.2634997200739555,0.4604904632152589
M02,sub-M02_ses-20240318T100000_behavior+ecephys.nwb,RSC,2,LtoR,9,61,0.0713412275113223,0.07134122751132226,0.07134122751132232,False,19,19,22.387810666667065,10.899869451896457,6.463385315067363,0.5008912655971479
M02,sub-M02_ses-20240318T100000_behavior+ecephys.nwb,RSC,2,LtoR,10,63,0.08902076813700871,0.08902076813700867,0.08902076813700875,False,19,19,32.58290666666744,7.240079231536242,5.843240210567241,0.6073619631901841
M02,sub-M02_ses-20240318T100000_behavior+ecephys.nwb,RSC,2,LtoR,11,65,0.0212740697637529,0.02127406976375288,0.021274069763752918,False,19,19,68.39314101960827,7.3110124831078425,5.20265945126531,0.27177089421391
M02,sub-M02_ses-20240318T100000_behavior+ecephys.nwb,RSC,2,LtoR,12,67,0.19345876416990482,0.1934587641699047,0.1934587641699049,False,19,19,23.51576536054472,8.933494054707042,6.898686276492065,0.5280135823429541
M02,sub-M02_ses-20240318T100000_behavior+ecephys.nwb,RSC,2,LtoR,13,69,0.04615093421061072,0.0461509342106107,0.046150934210610756,False,19,19,24.427936000000045,10.545224087178767,5.92719999365119,0.4493464052287582
M02,sub-M02_ses-20240318T100000_behavior+ecephys.nwb,RSC,2,LtoR,14,72,0.020399817062193213,0.02039981706219319,0.020399817062193234,False,19,19,43.73716400000012,8.716050337587705,5.3901747186285975,0.29863013698630136
M02,sub-M02_ses-20240318T100000_behavior+ecephys.nwb,RSC,2,LtoR,15,74,0.10183027452443323,0.10183027452443313,0.10183027452443331,False,19,19,30.117971714285886,8.48328562423083,7.136314089654238,0.3941798941798942
M02,sub-M02_ses-20240318T100000_behavior+ecephys.nwb,RSC,2,LtoR,16,76,0.059479898923494305,0.05947989892349428,0.05947989892349433,False,19,19,20.12854961240282,10.684439107914617,8.903237017161633,0.48214285714285715
M02,sub-M02_ses-20240318T100000_behavior+ecephys.nwb,RSC,2,LtoR,17,78,-0.10366834917540611,-0.10366834917540618,-0.10366834917540604,True,19,19,58.265791554467796,9.003187192876538,5.625534754200665,0.25806451612903225
M02,sub-M02_ses-20240318T100000_behavior+ecephys.nwb,RSC,2,LtoR,18,80,0.15005835329748712,0.1500583532974871,0.1500583532974872,True,19,19,36.10671792248104,8.63518471204693,6.418264524966119,0.42175360710321863
M02,sub-M02_ses-20240318T100000_behavior+ecephys.nwb,RSC,2,LtoR,19,82,0.0704424651695689,0.07044246516956887,0.07044246516956895,True,19,19,36.799365986928024,7.638047014350542,5.910739706599367,0.42996742671009774
M02,sub-M02_ses-20240318T100000_behavior+ecephys.nwb,RSC,2,LtoR,20,84,0.029489961284363313,0.02948996128436329,0.029489961284363334,True,19,19,28.58637077124149,10.641738566989648,6.942158158377413,0.44273743016759776
M02,sub-M02_ses-20240318T100000_behavior+ecephys.nwb,RSC,2,LtoR,21,86,0.10371355950256204,0.10371355950256197,0.10371355950256209,True,19,19,57.450048000000606,8.214893771159243,5.287158131637928,0.30486111111111114
M02,sub-M02_ses-20240318T100000_behavior+ecephys.nwb,RSC,2,LtoR,22,88,-0.00550156612539545,-0.005501566125395471,-0.005501566125395433,True,19,19,36.261625999999524,7.487169203247859,6.09459051876349,0.5325248070562293
M02,sub-M02_ses-20240318T100000_behavior+ecephys.nwb,RSC,2,LtoR,23,90,0.15729197306500292,0.15729197306500284,0.15729197306500303,True,19,19,27.899718088049667,9.23609552719662,7.4977673687724335,0.47421203438395415
M02,sub-M02_ses-20240318T100000_behavior+ecephys.nwb,RSC,2,LtoR,24,92,0.036073951729740275,0.03607395172974025,0.036073951729740296,True,19,19,61.3073650780143,8.316289248979286,5.760262969612777,0.2896281800391389
M02,sub-M02_ses-20240318T100000_behavior+ecephys.nwb,RSC,2,LtoR,25,94,-0.08712903043908313,-0.08712903043908317,-0.08712903043908309,True,19,19,21.187944261438133,13.955042161988953,12.122237921867812,0.439622641509434
M02,sub-M02_ses-20240318T100000_behavior+ecephys.nwb,RSC,2,LtoR,26,96,0.039481837697018726,0.03948183769701869,0.03948183769701875,True,19,19,20.643318352941606,11.170207789944936,8.051323083951134,0.48936170212765956
M02,sub-M02_ses-20240318T100000_behavior+ecephys.nwb,RSC,2,RtoL,1,44,0.10851872972350435,0.10851872972350428,0.1085187297235044,False,19,19,22.553658666666706,9.475046697751239,7.568218314581836,0.4946808510638298
M02,sub-M02_ses-20240318T100000_behavior+ecephys.nwb,RSC,2,RtoL,2,46,0.07054323165262519,0.07054323165262515,0.07054323165262523,False,19,19,25.22676866666734,9.431176610834903,7.52581602773264,0.4525316455696203
M02,sub-M02_ses-20240318T100000_behavior+ecephys.nwb,RSC,2,RtoL,3,48,0.20648949707928632,0.2064894970792862,0.20648949707928646,False,19,19,15.432795584900305,12.715245176677756,7.39581718360131,0.5569948186528497
M02,sub-M02_ses-20240318T100000_behavior+ecephys.nwb,RSC,2,RtoL,4,50,0.09596030803341458,0.09596030803341453,0.09596030803341463,False,19,19,18.50001307189541,12.367600299093844,9.654590988120098,0.468682505399568
M02,sub-M02_ses-20240318T100000_behavior+ecephys.nwb,RSC,2,RtoL,5,52,0.07424628030870624,0.0742462803087062,0.07424628030870628,False,19,19,12.396994911565344,15.810134032674174,12.762988963068874,0.5080385852090032
M02,sub-M02_ses-20240318T100000_behavior+ecephys.nwb,RSC,2,RtoL,6,54,0.147049006134448,0.14704900613444793,0.14704900613444805,False,19,19,13.353034666666645,11.400160233823614,9.390711926357081,0.6826347305389222
M02,sub-M02_ses-20240318T100000_behavior+ecephys.nwb,RSC,2,RtoL,7,56,0.05777662845239519,0.05777662845239516,0.05777662845239522,False,19,19,15.468842040815616,11.640133280871883,9.566033785902823,0.6005154639175257
M02,sub-M02_ses-20240318T100000_behavior+ecephys.nwb,RSC,2,RtoL,8,58,0.058120284033466973,0.05812028403346694,0.058120284033467,False,19,19,34.26839534480405,7.531945745743424,6.1213921620210145,0.43990665110851807
M02,sub-M02_ses-20240318T100000_behavior+ecephys.nwb,RSC,2,RtoL,9,60,0.16524971180106554,0.16524971180106549,0.1652497118010656,False,19,19,22.028205333333062,11.22963906850245,9.412874675074175,0.44021739130434784
M02,sub-M02_ses-20240318T100000_behavior+ecephys.nwb,RSC,2,RtoL,10,62,0.139519203588613,0.13951920358861294,0.13951920358861306,False,19,19,27.546183999999812,8.019203892722846,6.024304050358436,0.5579710144927537
M02,sub-M02_ses-20240318T100000_behavior+ecephys.nwb,RSC,2,RtoL,11,64,0.1578793265268972,0.15787932652689715,0.15787932652689726,False,19,19,16.20298164705855,8.62990426152133,7.88231238190253,0.770935960591133
M02,sub-M02_ses-20240318T100000_behavior+ecephys.nwb,RSC,2,RtoL,12,66,0.036220380277038874,0.036220380277038854,0.0362203802770389,False,19,19,33.69547330612204,9.128876973556995,6.946641108528365,0.4139976275207592
M02,sub-M02_ses-20240318T100000_behavior+ecephys.nwb,RSC,2,RtoL,13,68,0.12149786308616271,0.1214978630861626,0.12149786308616277,False,19,19,33.62223333333259,8.285961563089055,6.090354628336081,0.4418052256532066
M02,sub-M02_ses-20240318T100000_behavior+ecephys.nwb,RSC,2,RtoL,14,70,0.10440080387415886,0.1044008038741588,0.1044008038741589,False,19,19,26.1458360000006,10.287133185473863,8.128558677170027,0.39602446483180426
M02,sub-M02_ses-20240318T100000_behavior+ecephys.nwb,RSC,2,RtoL,15,71,0.08467454436479825,0.08467454436479822,0.08467454436479831,False,19,19,56.82285346405297,7.308692648519787,6.308544119842005,0.2315270935960591
M02,sub-M02_ses-20240318T100000_behavior+ecephys.nwb,RSC,2,RtoL,16,73,0.061671052688914436,0.06167105268891439,0.06167105268891447,False,19,19,51.57320666666601,7.614351399927884,5.876675039341408,0.29767441860465116
M02,sub-M02_ses-20240318T100000_behavior+ecephys.nwb,RSC,2,RtoL,17,75,0.04264187052002131,0.04264187052002129,0.04264187052002134,False,19,19,13.98383095238114,10.829308410831194,8.853251505809594,0.7293447293447294
M02,sub-M02_ses-20240318T100000_behavior+ecephys.nwb,RSC,2,RtoL,18,77,0.021777869783216115,0.02177786978321609,0.021777869783216136,True,19,19,42.007969685842,7.392088110425045,5.406257392067353,0.4306083650190114
M02,sub-M02_ses-20240318T100000_behavior+ecephys.nwb,RSC,2,RtoL,19,79,0.058881062078192395,0.05888106207819236,0.05888106207819244,True,19,19,20.035532558139494,10.993523176363226,10.336634721659113,0.45219123505976094
M02,sub-M02_ses-20240318T100000_behavior+ecephys.nwb,RSC,2,RtoL,20,81,0.1501735168655847,0.1501735168655846,0.15017351686558478,True,19,19,28.744873333334,9.66199175398294,6.648911643613776,0.425
M02,sub-M02_ses-20240318T100000_behavior+ecephys.nwb,RSC,2,RtoL,21,83,0.1409790466018843,0.14097904660188423,0.14097904660188437,True,19,19,24.927571241829355,8.921392436050997,5.622845852231433,0.5248796147672552
M02,sub-M02_ses-20240318T100000_behavior+ecephys.nwb,RSC,2,RtoL,22,85,0.08242134509692393,0.0824213450969239,0.08242134509692398,True,19,19,29.86464266666644,8.161229529475442,6.415406673548599,0.5681818181818182
M02,sub-M02_ses-20240318T100000_behavior+ecephys.nwb,RSC,2,RtoL,23,87,0.1395003350721128,0.13950033507211274,0.13950033507211287,True,19,19,43.17768666666689,7.469767336233188,6.190865212597071,0.42207792207792205
M02,sub-M02_ses-20240318T100000_behavior+ecephys.nwb,RSC,2,RtoL,24,89,0.1240842368804426,0.12408423688044254,0.12408423688044266,True,19,19,18.671190000000934,9.188887537347751,7.619730111985266,0.6944444444444444
M02,sub-M02_ses-20240318T100000_behavior+ecephys.nwb,RSC,2,RtoL,25,91,0.11672369555212098,0.11672369555212089,0.11672369555212106,True,19,19,26.932116833935652,8.656244181207052,7.258953192077238,0.4881656804733728
M02,sub-M02_ses-20240318T100000_behavior+ecephys.nwb,RSC,2,RtoL,26,93,0.05553917974658311,0.05553917974658308,0.055539179746583144,True,19,19,17.591643738562198,12.9093837245034,8.449287132118181,0.47845804988662133
M02,sub-M02_ses-20240318T100000_behavior+ecephys.nwb,RSC,2,RtoL,27,95,0.056393312254366876,0.05639331225436685,0.05639331225436691,True,19,19,13.473339999998643,14.217466047647104,12.111050732040894,0.47337278106508873
M03,sub-M03_ses-20240624T100000_behavior+ecephys.nwb,CA1,1,LtoR,1,1,0.10411738365751227,-0.026052663312259538,0.22730148884604115,False,123,44,7.064813333333404,18.4636192411578,22.201047428900594,0.7231638418079096
M03,sub-M03_ses-20240624T100000_behavior+ecephys.nwb,CA1,1,LtoR,2,3,0.2245509635795881,0.10540133791286913,0.3271706589180214,False,123,44,15.212026802720175,13.397887430773075,10.722176613336377,0.5235602094240838
M03,sub-M03_ses-20240624T100000_behavior+ecephys.nwb,CA1,1,LtoR,3,5,0.2215186794423895,0.09150252839231558,0.3413836111496063,False,123,44,17.08645573856211,12.10261578882719,10.81630640459677,0.5116822429906542
M03,sub-M03_ses-20240624T100000_behavior+ecephys.nwb,CA1,1,LtoR,4,7,0.2862142049298463,0.14586339244204782,0.3732559568999602,False,123,44,21.829091333333963,12.164435394258893,10.314033178456906,0.3956043956043956
M03,sub-M03_ses-20240624T100000_behavior+ecephys.nwb,CA1,1,LtoR,5,9,0.29679889174993834,0.147724195919616,0.4009457889868008,False,123,44,17.231515333333846,11.582835228955853,10.371733086291492,0.5787037037037037
M03,sub-M03_ses-20240624T100000_behavior+ecephys.nwb,CA1,1,LtoR,6,11,0.31577598635095255,0.1819387947989557,0.41520020944790637,False,123,44,12.81290679738595,15.120792152991038,11.417684671761423,0.5403726708074534
M03,sub-M03_ses-20240624T100000_behavior+ecephys.nwb,CA1,1,LtoR,7,13,0.4086582608807169,0.2223025024216267,0.5220152773033091,False,123,44,21.021609387754324,12.187556379424581,12.34270487371212,0.40874524714828897
M03,sub-M03_ses-20240624T100000_behavior+ecephys.nwb,CA1,1,LtoR,8,15,0.385457657913037,0.25514435563950505,0.4885938494465052,False,123,44,17.774492380952324,16.20676517101727,14.842942361640231,0.3789237668161435
M03,sub-M03_ses-20240624T100000_behavior+ecephys.nwb,CA1,1,LtoR,9,17,0.3278797093945975,0.22000117265842714,0.42557855817848256,False,123,44,14.93462361904767,15.274334134906857,11.83799059600832,0.5093333333333333
M03,sub-M03_ses-20240624T100000_behavior+ecephys.nwb,CA1,1,LtoR,10,19,0.35493533691590695,0.2216138833951594,0.454499742729862,False,123,44,32.74349133333271,9.427476122520615,7.0453405695581015,0.3772893772893773
M03,sub-M03_ses-20240624T100000_behavior+ecephys.nwb,CA1,1,LtoR,11,21,0.4108190447829729,0.26783210818461584,0.5241801775095793,False,123,44,16.74557975190146,11.361279024441494,10.283543845237082,0.5571428571428572
M03,sub-M03_ses-20240624T100000_behavior+ecephys.nwb,CA1,1,LtoR,12,23,0.3663625147033669,0.22017522393239788,0.4704696112436627,False,123,44,15.071627333333709,16.30228654341773,17.125952770797895,0.4417989417989418
M03,sub-M03_ses-20240624T100000_behavior+ecephys.nwb,CA1,1,LtoR,13,25,0.3826121442922762,0.2537208424721884,0.46917415489077896,False,123,44,23.34829400000035,12.844507520505017,8.880482463641469,0.39487179487179486
M03,sub-M03_ses-20240624T100000_behavior+ecephys.nwb,CA1,1,LtoR,14,27,0.37245119859751064,0.251833774381979,0.45722541124072497,True,123,44,16.2351059090297,13.01899054501584,8.938888186235676,0.515970515970516
M03,sub-M03_ses-20240624T100000_behavior+ecephys.nwb,CA1,1,LtoR,15,29,0.3935279578743832,0.27244617392320175,0.5028218241076392,True,123,44,30.064265333333424,8.715546398896969,7.143627056026672,0.4627659574468085
M03,sub-M03_ses-20240624T100000_behavior+ecephys.nwb,CA1,1,LtoR,16,31,0.39863373306299155,0.2539446819831249,0.49601398888479364,True,123,44,13.744959084967377,12.692630322795148,12.289021306069682,0.5768115942028985
M03,sub-M03_ses-20240624T100000_behavior+ecephys.nwb,CA1,1,LtoR,17,33,0.27050703053806047,0.11709017155810199,0.3868985809978015,True,123,44,24.302011372548805,11.89180536917988,8.58636301869102,0.3815789473684211
M03,sub-M03_ses-20240624T100000_behavior+ecephys.nwb,CA1,1,LtoR,18,35,0.3634056173715342,0.22888094816677806,0.47085803037660895,True,123,44,14.804196190475523,14.886571334802847,12.455802192296543,0.5080645161290323
M03,sub-M03_ses-20240624T100000_behavior+ecephys.nwb,CA1,1,LtoR,19,37,0.35477697371927097,0.21999548369063615,0.4385067079674692,True,123,44,27.53634693877575,9.238677779055589,7.61221106041042,0.41884057971014493
M03,sub-M03_ses-20240624T100000_behavior+ecephys.nwb,CA1,1,LtoR,20,39,0.26252018247814934,0.11494652570266897,0.38720907133062443,True,123,44,23.090070748298785,8.553775507477381,7.821994154203039,0.5751295336787565
M03,sub-M03_ses-20240624T100000_behavior+ecephys.nwb,CA1,1,LtoR,21,41,0.389796508498297,0.24282920190478582,0.47587808016966726,True,123,44,19.88836734693905,10.97247454037577,9.662894173657197,0.5421686746987951
M03,sub-M03_ses-20240624T100000_behavior+ecephys.nwb,CA1,1,LtoR,22,43,0.39433450056812813,0.2593320833124075,0.5212541126361026,True,123,44,24.66660733333265,9.220578991007885,6.918875136802352,0.5161812297734628
M03,sub-M03_ses-20240624T100000_behavior+ecephys.nwb,CA1,1,LtoR,23,45,0.3652074794609641,0.23547131855890469,0.45447183972523275,True,123,44,39.58009000000038,9.92765210488739,8.661562468283586,0.47373737373737373
M03,sub-M03_ses-20240624T100000_behavior+ecephys.nwb,CA1,1,RtoL,1,2,0.26291642633520673,0.15789777867557717,0.3508410143368543,False,123,44,21.587633333333542,10.406434671747833,8.128578070663893,0.45925925925925926
M03,sub-M03_ses-20240624T100000_behavior+ecephys.nwb,CA1,1,RtoL,2,4,0.22242455367941,0.09101002266534448,0.3345536665006013,False,123,44,13.758446792050563,14.129681269709751,14.162807254029197,0.5594202898550724
M03,sub-M03_ses-20240624T100000_behavior+ecephys.nwb,CA1,1,RtoL,3,6,0.3055599229697549,0.17641830811198086,0.4101013775759234,False,123,44,17.630713999999898,12.567308447397261,11.250910872218329,0.5
M03,sub-M03_ses-20240624T100000_behavior+ecephys.nwb,CA1,1,RtoL,4,8,0.382381377290015,0.23402455049533022,0.5118484437540451,False,123,44,23.14801599999919,12.814555969695888,13.255895847298738,0.3448275862068966
M03,sub-M03_ses-20240624T100000_behavior+ecephys.nwb,CA1,1,RtoL,5,10,0.40685114981094017,0.21934779173107877,0.5481748656024935,False,123,44,17.251460535947444,14.281043155127444,14.503127910469104,0.4305555555555556
M03,sub-M03_ses-20240624T100000_behavior+ecephys.nwb,CA1,1,RtoL,6,12,0.3991782811375963,0.23732835780354872,0.5179113200234927,False,123,44,22.595983945578155,14.548316787116063,15.21827345477207,0.31625441696113077
M03,sub-M03_ses-20240624T100000_behavior+ecephys.nwb,CA1,1,RtoL,7,14,0.3519279486489474,0.18292650646168088,0.46727578131954134,False,123,44,23.3638742857147,10.075778384469219,7.587619788386718,0.4444444444444444
M03,sub-M03_ses-20240624T100000_behavior+ecephys.nwb,CA1,1,RtoL,8,16,0.39392701665469687,0.2243253363871445,0.5562281395609738,False,123,44,11.554017333333832,14.406844076330023,14.827605743997065,0.615916955017301
M03,sub-M03_ses-20240624T100000_behavior+ecephys.nwb,CA1,1,RtoL,9,18,0.3873526923154437,0.25482517654994247,0.5349268997861237,False,123,44,10.731811047618976,15.340836212347817,9.916920547184962,0.6133828996282528
M03,sub-M03_ses-20240624T100000_behavior+ecephys.nwb,CA1,1,RtoL,10,20,0.37275786369656905,0.20133321916503646,0.5334072775063674,False,123,44,16.167332993197306,9.291018393695452,7.039576971028818,0.7118226600985221
M03,sub-M03_ses-20240624T100000_behavior+ecephys.nwb,CA1,1,RtoL,11,22,0.4511871976253936,0.30753648181575705,0.5843989006492575,False,123,44,18.381826588234617,12.959940801809458,9.218460221834794,0.4717391304347826
M03,sub-M03_ses-20240624T100000_behavior+ecephys.nwb,CA1,1,RtoL,12,24,0.5013434943644995,0.3488101467965372,0.6127742734860091,False,123,44,18.150232666666852,12.450447520105898,10.651823001423235,0.5462555066079295
M03,sub-M03_ses-20240624T100000_behavior+ecephys.nwb,CA1,1,RtoL,13,26,0.5167520572834527,0.35427496122346985,0.6528468901663872,False,123,44,35.42188477124182,15.706481779531368,19.067457856528673,0.1927846674182638
M03,sub-M03_ses-20240624T100000_behavior+ecephys.nwb,CA1,1,RtoL,14,28,0.5036336778830414,0.37672144140671815,0.6173795290388226,True,123,44,19.466889986394563,12.480709516973944,8.186114150429171,0.4651639344262295
M03,sub-M03_ses-20240624T100000_behavior+ecephys.nwb,CA1,1,RtoL,15,30,0.48077908669305947,0.35316397629657426,0.5732429400610074,True,123,44,13.8402315816993,14.044244094533708,16.538614516355352,0.547550432276657
M03,sub-M03_ses-20240624T100000_behavior+ecephys.nwb,CA1,1,RtoL,16,32,0.5404033250402284,0.42603533454539017,0.6151519397473655,True,123,44,10.399688627451724,16.776034362905882,18.06535885218534,0.6053639846743295
M03,sub-M03_ses-20240624T100000_behavior+ecephys.nwb,CA1,1,RtoL,17,34,0.5689900202763685,0.44811874201640567,0.6689078524854298,True,123,44,13.341443809523298,14.411195225988447,12.51702959107833,0.592814371257485
M03,sub-M03_ses-20240624T100000_behavior+ecephys.nwb,CA1,1,RtoL,18,36,0.4205959589698138,0.28027662153275645,0.5255442844314938,True,123,44,24.605494285714485,13.052355895104228,12.075292852796451,0.3181818181818182
M03,sub-M03_ses-20240624T100000_behavior+ecephys.nwb,CA1,1,RtoL,19,38,0.5707057800021509,0.4537755333402731,0.6706750249547175,True,123,44,37.327453741497266,13.761012975294353,13.124202886180653,0.21864951768488747
M03,sub-M03_ses-20240624T100000_behavior+ecephys.nwb,CA1,1,RtoL,20,40,0.4559809072694257,0.33059671845798655,0.5741860721825842,True,123,44,20.132514285714024,9.511808525004236,6.818358679922973,0.5932539682539683
M03,sub-M03_ses-20240624T100000_behavior+ecephys.nwb,CA1,1,RtoL,21,42,0.5100060761473972,0.37811181663187987,0.5972252923855005,True,123,44,14.414758653061654,15.819559018805029,14.757365074752672,0.48066298342541436
M03,sub-M03_ses-20240624T100000_behavior+ecephys.nwb,CA1,1,RtoL,22,44,0.533703953493727,0.38941582047204487,0.6368351449153676,True,123,44,12.59346000000005,13.768322397964125,12.80566564536336,0.6507936507936508
M03,sub-M03_ses-20240624T100000_behavior+ecephys.nwb,CA1,1,RtoL,23,46,0.46408084593646054,0.32161441630149623,0.5969080564433111,True,123,44,17.627273809524013,13.345734417268392,11.42971099235684,0.47058823529411764
M03,sub-M03_ses-20240624T100000_behavior+ecephys.nwb,CA1,2,LtoR,1,47,0.10383343219354382,0.01182498641495787,0.18179679297220033,False,123,44,17.07156066666721,12.32787773399158,11.56877819657045,0.3864168618266979
M03,sub-M03_ses-20240624T100000_behavior+ecephys.nwb,CA1,2,LtoR,2,49,0.1813400325736515,0.06722708206418172,0.31558064993743723,False,123,44,12.55332133333377,12.511405590903689,8.793683002367723,0.6305732484076433
M03,sub-M03_ses-20240624T100000_behavior+ecephys.nwb,CA1,2,LtoR,3,51,0.2000847663496106,0.08720464874222149,0.3139515289720257,False,123,44,13.516680190476109,12.706277460113506,12.146161758275944,0.5575221238938053
M03,sub-M03_ses-20240624T100000_behavior+ecephys.nwb,CA1,2,LtoR,4,53,0.2152512483261158,0.09204868225297257,0.3346839884774496,False,123,44,17.830952000000252,11.281987159477348,11.011759117814696,0.4282511210762332
M03,sub-M03_ses-20240624T100000_behavior+ecephys.nwb,CA1,2,LtoR,5,55,0.14222075316379057,0.057745477405575195,0.23673619026275733,False,123,44,26.026546666666036,11.146844472983151,10.803549222501333,0.3052147239263804
M03,sub-M03_ses-20240624T100000_behavior+ecephys.nwb,CA1,2,LtoR,6,57,0.2851183921836865,0.1924751197416431,0.363702863243715,False,123,44,18.990130000000136,15.301317423378912,9.06612667773619,0.3697478991596639
M03,sub-M03_ses-20240624T100000_behavior+ecephys.nwb,CA1,2,LtoR,7,59,0.158980639673772,0.0703126996969401,0.28192878560453605,False,123,44,15.71196400000008,11.847453856694356,11.037099563387251,0.4796954314720812
M03,sub-M03_ses-20240624T100000_behavior+ecephys.nwb,CA1,2,LtoR,8,61,0.26391733560637015,0.147188002819942,0.3756051853068636,False,123,44,16.65678734640551,10.972349476453513,9.04650843310047,0.5406698564593302
M03,sub-M03_ses-20240624T100000_behavior+ecephys.nwb,CA1,2,LtoR,9,63,0.2019173204857036,0.11263739825065087,0.3153975250241886,False,123,44,56.1899478095238,9.58978251009327,7.433707972648388,0.48364153627311524
M03,sub-M03_ses-20240624T100000_behavior+ecephys.nwb,CA1,2,LtoR,10,65,0.27604105418859504,0.15666307695783313,0.38819836020354986,False,123,44,30.54410000000007,9.944891952536949,10.0310054727917,0.29411764705882354
M03,sub-M03_ses-20240624T100000_behavior+ecephys.nwb,CA1,2,LtoR,11,67,0.22863908048259673,0.1304609144364054,0.34008595407180775,True,123,44,19.071078666666835,12.783670564635417,9.095401215057349,0.3723849372384937
M03,sub-M03_ses-20240624T100000_behavior+ecephys.nwb,CA1,2,LtoR,12,69,0.19805920327965004,0.08776625624140494,0.3259793553054129,True,123,44,25.36111344537767,10.149562698373304,7.725461343321759,0.3763779527559055
M03,sub-M03_ses-20240624T100000_behavior+ecephys.nwb,CA1,2,LtoR,13,71,0.1752214563975402,0.10096508271578723,0.2744133870755429,True,123,44,38.52677888888866,6.998651837300791,5.5403050961098375,0.3744813278008299
M03,sub-M03_ses-20240624T100000_behavior+ecephys.nwb,CA1,2,LtoR,14,73,0.24780315843295941,0.1411515610626656,0.32214035546488146,True,123,44,19.550946000000295,11.279698024432331,11.358924271115784,0.4110429447852761
M03,sub-M03_ses-20240624T100000_behavior+ecephys.nwb,CA1,2,LtoR,15,75,0.2655936291616532,0.18205860882209435,0.354039940172542,True,123,44,88.59408533333408,7.333873162824439,6.120090673001486,0.16561371841155234
M03,sub-M03_ses-20240624T100000_behavior+ecephys.nwb,CA1,2,LtoR,16,77,0.24555649501104337,0.16078620591584208,0.36126823971061045,True,123,44,27.33795212244877,8.573939827374534,5.885321706070819,0.4590643274853801
M03,sub-M03_ses-20240624T100000_behavior+ecephys.nwb,CA1,2,LtoR,17,79,0.13983697126401526,0.047754886001365265,0.22872458713926325,True,123,44,23.51833725490178,8.842832545473037,7.27731101654088,0.5042444821731749
M03,sub-M03_ses-20240624T100000_behavior+ecephys.nwb,CA1,2,LtoR,18,81,0.26440249701828905,0.17926430892750203,0.34808946783458683,True,123,44,55.88101142857158,9.222900367239346,6.248507178108187,0.20958512160228898
M03,sub-M03_ses-20240624T100000_behavior+ecephys.nwb,CA1,2,LtoR,19,83,0.1682111963160346,0.05088189041445335,0.28940860973636096,True,123,44,32.5639707189539,8.241275365874317,6.718736843347851,0.37423312883435583
M03,sub-M03_ses-20240624T100000_behavior+ecephys.nwb,CA1,2,LtoR,20,85,0.2803142982295486,0.18066707643672952,0.3714554680023168,True,123,44,31.10435466666695,8.913267249492383,6.932453463125251,0.44087403598971725
M03,sub-M03_ses-20240624T100000_behavior+ecephys.nwb,CA1,2,RtoL,1,48,0.2628664018156346,0.128258238639928,0.37213320108521625,False,123,44,15.351467999998931,9.92340965412489,6.96052049357083,0.6580310880829016
M03,sub-M03_ses-20240624T100000_behavior+ecephys.nwb,CA1,2,RtoL,2,50,0.25325851853030235,0.11248987546975425,0.388196686986523,False,123,44,14.91215000000011,12.9584908008475,12.322856533360177,0.5053475935828877
M03,sub-M03_ses-20240624T100000_behavior+ecephys.nwb,CA1,2,RtoL,3,52,0.2514911494008064,0.11890719908777392,0.363515386201316,False,123,44,18.94636514285685,12.463495528565495,10.291188275830283,0.4
M03,sub-M03_ses-20240624T100000_behavior+ecephys.nwb,CA1,2,RtoL,4,54,0.24951741978542058,0.14112051901655642,0.3513329136791387,False,123,44,11.514788000000408,13.486324892714888,15.497806803941259,0.5847750865051903
M03,sub-M03_ses-20240624T100000_behavior+ecephys.nwb,CA1,2,RtoL,5,56,0.1979257131652706,0.10621498187680169,0.31088637910860145,False,123,44,16.6716853333337,8.761564605648502,7.643259328240543,0.6426858513189448
M03,sub-M03_ses-20240624T100000_behavior+ecephys.nwb,CA1,2,RtoL,6,58,0.337717997154319,0.2119018654304457,0.45650998221934347,False,123,44,29.825227333332805,8.273642152067408,6.23802170889672,0.464524765729585
M03,sub-M03_ses-20240624T100000_behavior+ecephys.nwb,CA1,2,RtoL,7,60,0.29861824614942833,0.1721885538298913,0.40909573412296885,False,123,44,15.486899320261728,11.011781702953883,10.462112753506283,0.5515463917525774
M03,sub-M03_ses-20240624T100000_behavior+ecephys.nwb,CA1,2,RtoL,8,62,0.41779851182241773,0.2464495708643167,0.5248623085394967,False,123,44,12.833287999999811,12.760594952302528,10.973245486957525,0.5856697819314641
M03,sub-M03_ses-20240624T100000_behavior+ecephys.nwb,CA1,2,RtoL,9,64,0.41894588426240176,0.2399649986632852,0.5268797810099333,False,123,44,21.410369523809095,12.528704341704062,13.18870074762589,0.36380597014925375
M03,sub-M03_ses-20240624T100000_behavior+ecephys.nwb,CA1,2,RtoL,10,66,0.39188245289122176,0.26573391822180736,0.5070285586047342,True,123,44,14.872149333333255,12.950579257867728,10.800980574497036,0.532258064516129
M03,sub-M03_ses-20240624T100000_behavior+ecephys.nwb,CA1,2,RtoL,11,68,0.4093021486900012,0.2614489490688076,0.5183548609953783,True,123,44,56.69757474509879,9.563155589956908,8.142956576625064,0.1733615221987315
M03,sub-M03_ses-20240624T100000_behavior+ecephys.nwb,CA1,2,RtoL,12,70,0.49441215038334224,0.37325969839179407,0.6118611255591824,True,123,44,14.305734920634677,13.182523730250237,13.867059726127199,0.5125348189415042
M03,sub-M03_ses-20240624T100000_behavior+ecephys.nwb,CA1,2,RtoL,13,72,0.2526675008587229,0.12572820116447656,0.3471864203959267,True,123,44,22.38814000000002,9.644479805292537,7.130585145744735,0.5151515151515151
M03,sub-M03_ses-20240624T100000_behavior+ecephys.nwb,CA1,2,RtoL,14,74,0.37689859102470397,0.20573575409233538,0.5063895076978326,True,123,44,18.630221333332884,8.926986882028883,7.747992651490736,0.5289079229122056
M03,sub-M03_ses-20240624T100000_behavior+ecephys.nwb,CA1,2,RtoL,15,76,0.4345712437070011,0.27347752149100724,0.5457207020251266,True,123,44,19.151071333333675,12.385962584736781,10.78551706785713,0.40208333333333335
M03,sub-M03_ses-20240624T100000_behavior+ecephys.nwb,CA1,2,RtoL,16,78,0.2707979873279384,0.1728828380150088,0.3570656007002295,True,123,44,16.868428518073415,9.131671299791522,8.69787181390478,0.6255924170616114
M03,sub-M03_ses-20240624T100000_behavior+ecephys.nwb,CA1,2,RtoL,17,80,0.38470804409032,0.2585078540847091,0.4716111962694552,True,123,44,18.44155667600353,8.104146116126026,6.933677195895532,0.6695464362850972
M03,sub-M03_ses-20240624T100000_behavior+ecephys.nwb,CA1,2,RtoL,18,82,0.29871377780997355,0.19879585151987977,0.3845598594125694,True,123,44,30.604729281046275,6.609774340058607,5.254140105324131,0.47127937336814624
M03,sub-M03_ses-20240624T100000_behavior+ecephys.nwb,CA1,2,RtoL,19,84,0.35526448775785546,0.22767567407091113,0.44396645447666855,True,123,44,26.46617200000037,12.838005875520487,10.574031237387851,0.2895927601809955
M03,sub-M03_ses-20240624T100000_behavior+ecephys.nwb,CA3,1,LtoR,1,1,0.12557749717984173,0.1255774971798417,0.1255774971798418,False,44,44,7.064813333333404,18.4636192411578,22.201047428900594,0.7231638418079096
M03,sub-M03_ses-20240624T100000_behavior+ecephys.nwb,CA3,1,LtoR,2,3,0.0996920102691162,0.09969201026911614,0.09969201026911625,False,44,44,15.212026802720175,13.397887430773075,10.722176613336377,0.5235602094240838
M03,sub-M03_ses-20240624T100000_behavior+ecephys.nwb,CA3,1,LtoR,3,5,0.14348831343320956,0.14348831343320945,0.14348831343320964,False,44,44,17.08645573856211,12.10261578882719,10.81630640459677,0.5116822429906542
M03,sub-M03_ses-20240624T100000_behavior+ecephys.nwb,CA3,1,LtoR,4,7,0.24932122702809462,0.24932122702809434,0.24932122702809484,False,44,44,21.829091333333963,12.164435394258893,10.314033178456906,0.3956043956043956
M03,sub-M03_ses-20240624T100000_behavior+ecephys.nwb,CA3,1,LtoR,5,9,0.26954873402124757,0.26954873402124724,0.26954873402124774,False,44,44,17.231515333333846,11.582835228955853,10.371733086291492,0.5787037037037037
M03,sub-M03_ses-20240624T100000_behavior+ecephys.nwb,CA3,1,LtoR,6,11,0.21420133228545216,0.214201332285452,0.21420133228545232,False,44,44,12.81290679738595,15.120792152991038,11.417684671761423,0.5403726708074534
M03,sub-M03_ses-20240624T100000_behavior+ecephys.nwb,CA3,1,LtoR,7,13,0.2867881269516487,0.28678812695164857,0.2867881269516489,False,44,44,21.021609387754324,12.187556379424581,12.34270487371212,0.40874524714828897
M03,sub-M03_ses-20240624T100000_behavior+ecephys.nwb,CA3,1,LtoR,8,15,0.22974601391831656,0.22974601391831642,0.22974601391831678,False,44,44,17.774492380952324,16.20676517101727,14.842942361640231,0.3789237668161435
M03,sub-M03_ses-20240624T100000_behavior+ecephys.nwb,CA3,1,LtoR,9,17,0.27044184371549806,0.27044184371549795,0.27044184371549823,False,44,44,14.93462361904767,15.274334134906857,11.83799059600832,0.5093333333333333
M03,sub-M03_ses-20240624T100000_behavior+ecephys.nwb,CA3,1,LtoR,10,19,0.3842397072781547,0.3842397072781544,0.3842397072781549,False,44,44,32.74349133333271,9.427476122520615,7.0453405695581015,0.3772893772893773
M03,sub-M03_ses-20240624T100000_behavior+ecephys.nwb,CA3,1,LtoR,11,21,0.34754278479308687,0.34754278479308653,0.34754278479308703,False,44,44,16.74557975190146,11.361279024441494,10.283543845237082,0.5571428571428572
M03,sub-M03_ses-20240624T100000_behavior+ecephys.nwb,CA3,1,LtoR,12,23,0.32398453620918655,0.3239845362091862,0.3239845362091867,False,44,44,15.071627333333709,16.30228654341773,17.125952770797895,0.4417989417989418
M03,sub-M03_ses-20240624T100000_behavior+ecephys.nwb,CA3,1,LtoR,13,25,0.2702505732728497,0.2702505732728494,0.2702505732728499,False,44,44,23.34829400000035,12.844507520505017,8.880482463641469,0.39487179487179486
M03,sub-M03_ses-20240624T100000_behavior+ecephys.nwb,CA3,1,LtoR,14,27,0.32187857122684976,0.3218785712268495,0.3218785712268501,True,44,44,16.2351059090297,13.01899054501584,8.938888186235676,0.515970515970516
M03,sub-M03_ses-20240624T100000_behavior+ecephys.nwb,CA3,1,LtoR,15,29,0.4340535552154036,0.4340535552154034,0.43405355521540395,True,44,44,30.064265333333424,8.715546398896969,7.143627056026672,0.4627659574468085
M03,sub-M03_ses-20240624T100000_behavior+ecephys.nwb,CA3,1,LtoR,16,31,0.3918155611740983,0.39181556117409827,0.3918155611740984,True,44,44,13.744959084967377,12.692630322795148,12.289021306069682,0.5768115942028985
M03,sub-M03_ses-20240624T100000_behavior+ecephys.nwb,CA3,1,LtoR,17,33,0.2444059450610545,0.24440594506105429,0.24440594506105467,True,44,44,24.302011372548805,11.89180536917988,8.58636301869102,0.3815789473684211
M03,sub-M03_ses-20240624T100000_behavior+ecephys.nwb,CA3,1,LtoR,18,35,0.39950377792377656,0.39950377792377606,0.399503777923777,True,44,44,14.804196190475523,14.886571334802847,12.455802192296543,0.5080645161290323
M03,sub-M03_ses-20240624T100000_behavior+ecephys.nwb,CA3,1,LtoR,19,37,0.36906024284616745,0.3690602428461673,0.3690602428461677,True,44,44,27.53634693877575,9.238677779055589,7.61221106041042,0.41884057971014493
M03,sub-M03_ses-20240624T100000_behavior+ecephys.nwb,CA3,1,LtoR,20,39,0.37786131901579384,0.3778613190157937,0.3778613190157942,True,44,44,23.090070748298785,8.553775507477381,7.821994154203039,0.5751295336787565
M03,sub-M03_ses-20240624T100000_behavior+ecephys.nwb,CA3,1,LtoR,21,41,0.2966957965586924,0.2966957965586921,0.29669579655869266,True,44,44,19.88836734693905,10.97247454037577,9.662894173657197,0.5421686746987951
M03,sub-M03_ses-20240624T100000_behavior+ecephys.nwb,CA3,1,LtoR,22,43,0.39930302644959786,0.3993030264495977,0.39930302644959814,True,44,44,24.66660733333265,9.220578991007885,6.918875136802352,0.5161812297734628
M03,sub-M03_ses-20240624T100000_behavior+ecephys.nwb,CA3,1,LtoR,23,45,0.37842999991835674,0.37842999991835646,0.37842999991835696,True,44,44,39.58009000000038,9.92765210488739,8.661562468283586,0.47373737373737373
M03,sub-M03_ses-20240624T100000_behavior+ecephys.nwb,CA3,1,RtoL,1,2,0.1252486084158853,0.12524860841588523,0.1252486084158854,False,44,44,21.587633333333542,10.406434671747833,8.128578070663893,0.45925925925925926
M03,sub-M03_ses-20240624T100000_behavior+ecephys.nwb,CA3,1,RtoL,2,4,0.30990417421098687,0.3099041742109866,0.309904174210987,False,44,44,13.758446792050563,14.129681269709751,14.162807254029197,0.5594202898550724
M03,sub-M03_ses-20240624T100000_behavior+ecephys.nwb,CA3,1,RtoL,3,6,0.3223107833523847,0.32231078335238456,0.322310783352385,False,44,44,17.630713999999898,12.567308447397261,11.250910872218329,0.5
M03,sub-M03_ses-20240624T100000_behavior+ecephys.nwb,CA3,1,RtoL,4,8,0.25397240888755634,0.2539724088875562,0.2539724088875565,False,44,44,23.14801599999919,12.814555969695888,13.255895847298738,0.3448275862068966
M03,sub-M03_ses-20240624T100000_behavior+ecephys.nwb,CA3,1,RtoL,5,10,0.27815993190974303,0.27815993190974286,0.2781599319097432,False,44,44,17.251460535947444,14.281043155127444,14.503127910469104,0.4305555555555556
M03,sub-M03_ses-20240624T100000_behavior+ecephys.nwb,CA3,1,RtoL,6,12,0.2344611407547901,0.23446114075478997,0.23446114075479021,False,44,44,22.595983945578155,14.548316787116063,15.21827345477207,0.31625441696113077
M03,sub-M03_ses-20240624T100000_behavior+ecephys.nwb,CA3,1,RtoL,7,14,0.19576935011531324,0.19576935011531307,0.19576935011531335,False,44,44,23.3638742857147,10.075778384469219,7.587619788386718,0.4444444444444444
M03,sub-M03_ses-20240624T100000_behavior+ecephys.nwb,CA3,1,RtoL,8,16,0.31353721629304593,0.3135372162930457,0.31353721629304615,False,44,44,11.554017333333832,14.406844076330023,14.827605743997065,0.615916955017301
M03,sub-M03_ses-20240624T100000_behavior+ecephys.nwb,CA3,1,RtoL,9,18,0.26560956874568553,0.2656095687456853,0.26560956874568564,False,44,44,10.731811047618976,15.340836212347817,9.916920547184962,0.6133828996282528
M03,sub-M03_ses-20240624T100000_behavior+ecephys.nwb,CA3,1,RtoL,10,20,0.2564165883671312,0.25641658836713105,0.25641658836713144,False,44,44,16.167332993197306,9.291018393695452,7.039576971028818,0.7118226600985221
M03,sub-M03_ses-20240624T100000_behavior+ecephys.nwb,CA3,1,RtoL,11,22,0.2394104586836199,0.2394104586836197,0.23941045868362,False,44,44,18.381826588234617,12.959940801809458,9.218460221834794,0.4717391304347826
M03,sub-M03_ses-20240624T100000_behavior+ecephys.nwb,CA3,1,RtoL,12,24,0.2802418615706338,0.28024186157063363,0.28024186157063413,False,44,44,18.150232666666852,12.450447520105898,10.651823001423235,0.5462555066079295
M03,sub-M03_ses-20240624T100000_behavior+ecephys.nwb,CA3,1,RtoL,13,26,0.30460497923049207,0.3046049792304918,0.3046049792304923,False,44,44,35.42188477124182,15.706481779531368,19.067457856528673,0.1927846674182638
M03,sub-M03_ses-20240624T100000_behavior+ecephys.nwb,CA3,1,RtoL,14,28,0.2911062445898932,0.2911062445898929,0.2911062445898934,True,44,44,19.466889986394563,12.480709516973944,8.186114150429171,0.4651639344262295
M03,sub-M03_ses-20240624T100000_behavior+ecephys.nwb,CA3,1,RtoL,15,30,0.16190235724762223,0.16190235724762211,0.16190235724762234,True,44,44,13.8402315816993,14.044244094533708,16.538614516355352,0.547550432276657
M03,sub-M03_ses-20240624T100000_behavior+ecephys.nwb,CA3,1,RtoL,16,32,0.21610876100504722,0.2161087610050471,0.2161087610050474,True,44,44,10.399688627451724,16.776034362905882,18.06535885218534,0.6053639846743295
M03,sub-M03_ses-20240624T100000_behavior+ecephys.nwb,CA3,1,RtoL,17,34,0.27109250174660393,0.2710925017466037,0.2710925017466042,True,44,44,13.341443809523298,14.411195225988447,12.51702959107833,0.592814371257485
M03,sub-M03_ses-20240624T100000_behavior+ecephys.nwb,CA3,1,RtoL,18,36,0.13803202524291708,0.1380320252429169,0.13803202524291716,True,44,44,24.605494285714485,13.052355895104228,12.075292852796451,0.3181818181818182
M03,sub-M03_ses-20240624T100000_behavior+ecephys.nwb,CA3,1,RtoL,19,38,0.24599111936125362,0.24599111936125348,0.24599111936125376,True,44,44,37.327453741497266,13.761012975294353,13.124202886180653,0.21864951768488747
M03,sub-M03_ses-20240624T100000_behavior+ecephys.nwb,CA3,1,RtoL,20,40,0.2612159629022722,0.2612159629022721,0.26121596290227256,True,44,44,20.132514285714024,9.511808525004236,6.818358679922973,0.5932539682539683
M03,sub-M03_ses-20240624T100000_behavior+ecephys.nwb,CA3,1,RtoL,21,42,0.27210457959307593,0.2721045795930758,0.2721045795930762,True,44,44,14.414758653061654,15.819559018805029,14.757365074752672,0.48066298342541436
M03,sub-M03_ses-20240624T100000_behavior+ecephys.nwb,CA3,1,RtoL,22,44,0.26427749551353324,0.2642774955135331,0.2642774955135334,True,44,44,12.59346000000005,13.768322397964125,12.80566564536336,0.6507936507936508
M03,sub-M03_ses-20240624T100000_behavior+ecephys.nwb,CA3,1,RtoL,23,46,0.32763143809832057,0.3276314380983203,0.32763143809832085,True,44,44,17.627273809524013,13.345734417268392,11.42971099235684,0.47058823529411764
M03,sub-M03_ses-20240624T100000_behavior+ecephys.nwb,CA3,2,LtoR,1,47,0.1508347241702545,0.1508347241702545,0.15083472417025456,False,44,44,17.07156066666721,12.32787773399158,11.56877819657045,0.3864168618266979
M03,sub-M03_ses-20240624T100000_behavior+ecephys.nwb,CA3,2,LtoR,2,49,0.14238910537796742,0.1423891053779674,0.14238910537796745,False,44,44,12.55332133333377,12.511405590903689,8.793683002367723,0.6305732484076433
M03,sub-M03_ses-20240624T100000_behavior+ecephys.nwb,CA3,2,LtoR,3,51,0.21261717040614359,0.2126171704061434,0.21261717040614375,False,44,44,13.516680190476109,12.706277460113506,12.146161758275944,0.5575221238938053
M03,sub-M03_ses-20240624T100000_behavior+ecephys.nwb,CA3,2,LtoR,4,53,0.11575560544425448,0.11575560544425444,0.1157556054442545,False,44,44,17.830952000000252,11.281987159477348,11.011759117814696,0.4282511210762332
M03,sub-M03_ses-20240624T100000_behavior+ecephys.nwb,CA3,2,LtoR,5,55,0.012164476587734691,0.012164476587734669,0.012164476587734709,False,44,44,26.026546666666036,11.146844472983151,10.803549222501333,0.3052147239263804
M03,sub-M03_ses-20240624T100000_behavior+ecephys.nwb,CA3,2,LtoR,6,57,0.16596330099066414,0.16596330099066395,0.1659633009906643,False,44,44,18.990130000000136,15.301317423378912,9.06612667773619,0.3697478991596639
M03,sub-M03_ses-20240624T100000_behavior+ecephys.nwb,CA3,2,LtoR,7,59,0.10334328793713876,0.10334328793713873,0.10334328793713879,False,44,44,15.71196400000008,11.847453856694356,11.037099563387251,0.4796954314720812
M03,sub-M03_ses-20240624T100000_behavior+ecephys.nwb,CA3,2,LtoR,8,61,0.14623389356574362,0.14623389356574348,0.14623389356574373,False,44,44,16.65678734640551,10.972349476453513,9.04650843310047,0.5406698564593302
M03,sub-M03_ses-20240624T100000_behavior+ecephys.nwb,CA3,2,LtoR,9,63,0.09217670559349324,0.09217670559349317,0.09217670559349334,False,44,44,56.1899478095238,9.58978251009327,7.433707972648388,0.48364153627311524
M03,sub-M03_ses-20240624T100000_behavior+ecephys.nwb,CA3,2,LtoR,10,65,0.18331432655820223,0.18331432655820212,0.18331432655820235,False,44,44,30.54410000000007,9.944891952536949,10.0310054727917,0.29411764705882354
M03,sub-M03_ses-20240624T100000_behavior+ecephys.nwb,CA3,2,LtoR,11,67,0.09339408461645322,0.09339408461645315,0.09339408461645328,True,44,44,19.071078666666835,12.783670564635417,9.095401215057349,0.3723849372384937
M03,sub-M03_ses-20240624T100000_behavior+ecephys.nwb,CA3,2,LtoR,12,69,0.06518216513594229,0.06518216513594223,0.06518216513594235,True,44,44,25.36111344537767,10.149562698373304,7.725461343321759,0.3763779527559055
M03,sub-M03_ses-20240624T100000_behavior+ecephys.nwb,CA3,2,LtoR,13,71,0.2861866456198169,0.28618664561981655,0.2861866456198172,True,44,44,38.52677888888866,6.998651837300791,5.5403050961098375,0.3744813278008299
M03,sub-M03_ses-20240624T100000_behavior+ecephys.nwb,CA3,2,LtoR,14,73,0.23679692776834463,0.2367969277683446,0.2367969277683447,True,44,44,19.550946000000295,11.279698024432331,11.358924271115784,0.4110429447852761
M03,sub-M03_ses-20240624T100000_behavior+ecephys.nwb,CA3,2,LtoR,15,75,0.21226525288911005,0.21226525288910994,0.21226525288911036,True,44,44,88.59408533333408,7.333873162824439,6.120090673001486,0.16561371841155234
M03,sub-M03_ses-20240624T100000_behavior+ecephys.nwb,CA3,2,LtoR,16,77,0.2159225241361273,0.21592252413612717,0.21592252413612747,True,44,44,27.33795212244877,8.573939827374534,5.885321706070819,0.4590643274853801
M03,sub-M03_ses-20240624T100000_behavior+ecephys.nwb,CA3,2,LtoR,17,79,0.11488141273790346,0.11488141273790342,0.11488141273790349,True,44,44,23.51833725490178,8.842832545473037,7.27731101654088,0.5042444821731749
M03,sub-M03_ses-20240624T100000_behavior+ecephys.nwb,CA3,2,LtoR,18,81,0.21724480369292473,0.2172448036929245,0.2172448036929249,True,44,44,55.88101142857158,9.222900367239346,6.248507178108187,0.20958512160228898
M03,sub-M03_ses-20240624T100000_behavior+ecephys.nwb,CA3,2,LtoR,19,83,0.16659438698218468,0.16659438698218462,0.1665943869821847,True,44,44,32.5639707189539,8.241275365874317,6.718736843347851,0.37423312883435583
M03,sub-M03_ses-20240624T100000_behavior+ecephys.nwb,CA3,2,LtoR,20,85,0.15250198956848351,0.1525019895684834,0.1525019895684837,True,44,44,31.10435466666695,8.913267249492383,6.932453463125251,0.44087403598971725
M03,sub-M03_ses-20240624T100000_behavior+ecephys.nwb,CA3,2,RtoL,1,48,0.21861904636569146,0.21861904636569138,0.2186190463656916,False,44,44,15.351467999998931,9.92340965412489,6.96052049357083,0.6580310880829016
M03,sub-M03_ses-20240624T100000_behavior+ecephys.nwb,CA3,2,RtoL,2,50,0.2711422052352659,0.27114220523526567,0.27114220523526605,False,44,44,14.91215000000011,12.9584908008475,12.322856533360177,0.5053475935828877
M03,sub-M03_ses-20240624T100000_behavior+ecephys.nwb,CA3,2,RtoL,3,52,0.28824209134504286,0.28824209134504275,0.28824209134504303,False,44,44,18.94636514285685,12.463495528565495,10.291188275830283,0.4
M03,sub-M03_ses-20240624T100000_behavior+ecephys.nwb,CA3,2,RtoL,4,54,0.26150822958778225,0.2615082295877821,0.2615082295877824,False,44,44,11.514788000000408,13.486324892714888,15.497806803941259,0.5847750865051903
M03,sub-M03_ses-20240624T100000_behavior+ecephys.nwb,CA3,2,RtoL,5,56,0.27011810608875325,0.27011810608875314,0.2701181060887536,False,44,44,16.6716853333337,8.761564605648502,7.643259328240543,0.6426858513189448
M03,sub-M03_ses-20240624T100000_behavior+ecephys.nwb,CA3,2,RtoL,6,58,0.3095000865830409,0.30950008658304073,0.30950008658304107,False,44,44,29.825227333332805,8.273642152067408,6.23802170889672,0.464524765729585
M03,sub-M03_ses-20240624T100000_behavior+ecephys.nwb,CA3,2,RtoL,7,60,0.33798329838603847,0.3379832983860383,0.33798329838603863,False,44,44,15.486899320261728,11.011781702953883,10.462112753506283,0.5515463917525774
M03,sub-M03_ses-20240624T100000_behavior+ecephys.nwb,CA3,2,RtoL,8,62,0.39060151625938033,0.39060151625938005,0.39060151625938055,False,44,44,12.833287999999811,12.760594952302528,10.973245486957525,0.5856697819314641
M03,sub-M03_ses-20240624T100000_behavior+ecephys.nwb,CA3,2,RtoL,9,64,0.33590555569679903,0.33590555569679886,0.3359055556967993,False,44,44,21.410369523809095,12.528704341704062,13.18870074762589,0.36380597014925375
M03,sub-M03_ses-20240624T100000_behavior+ecephys.nwb,CA3,2,RtoL,10,66,0.3339882162281333,0.3339882162281332,0.3339882162281336,True,44,44,14.872149333333255,12.950579257867728,10.800980574497036,0.532258064516129
M03,sub-M03_ses-20240624T100000_behavior+ecephys.nwb,CA3,2,RtoL,11,68,0.2351534369099192,0.235153436909919,0.23515343690991938,True,44,44,56.69757474509879,9.563155589956908,8.142956576625064,0.1733615221987315
M03,sub-M03_ses-20240624T100000_behavior+ecephys.nwb,CA3,2,RtoL,12,70,0.39229446287798814,0.3922944628779878,0.3922944628779884,True,44,44,14.305734920634677,13.182523730250237,13.867059726127199,0.5125348189415042
M03,sub-M03_ses-20240624T100000_behavior+ecephys.nwb,CA3,2,RtoL,13,72,0.3439117181244254,0.34391171812442506,0.3439117181244258,True,44,44,22.38814000000002,9.644479805292537,7.130585145744735,0.5151515151515151
M03,sub-M03_ses-20240624T100000_behavior+ecephys.nwb,CA3,2,RtoL,14,74,0.22524388054975789,0.22524388054975786,0.22524388054975794,True,44,44,18.630221333332884,8.926986882028883,7.747992651490736,0.5289079229122056
M03,sub-M03_ses-20240624T100000_behavior+ecephys.nwb,CA3,2,RtoL,15,76,0.413661484685719,0.41366148468571856,0.41366148468571934,True,44,44,19.151071333333675,12.385962584736781,10.78551706785713,0.40208333333333335
M03,sub-M03_ses-20240624T100000_behavior+ecephys.nwb,CA3,2,RtoL,16,78,0.39305475187433053,0.39305475187433025,0.3930547518743308,True,44,44,16.868428518073415,9.131671299791522,8.69787181390478,0.6255924170616114
M03,sub-M03_ses-20240624T100000_behavior+ecephys.nwb,CA3,2,RtoL,17,80,0.3256482398827749,0.32564823988277475,0.32564823988277514,True,44,44,18.44155667600353,8.104146116126026,6.933677195895532,0.6695464362850972
M03,sub-M03_ses-20240624T100000_behavior+ecephys.nwb,CA3,2,RtoL,18,82,0.32417753909410424,0.324177539094104,0.3241775390941046,True,44,44,30.604729281046275,6.609774340058607,5.254140105324131,0.47127937336814624
M03,sub-M03_ses-20240624T100000_behavior+ecephys.nwb,CA3,2,RtoL,19,84,0.34531529962648627,0.34531529962648605,0.34531529962648666,True,44,44,26.46617200000037,12.838005875520487,10.574031237387851,0.2895927601809955
M03,sub-M03_ses-20240624T100000_behavior+ecephys.nwb,RSC,1,LtoR,1,1,0.17328358580768705,0.11304055444704106,0.22644567166798443,False,62,44,7.064813333333404,18.4636192411578,22.201047428900594,0.7231638418079096
M03,sub-M03_ses-20240624T100000_behavior+ecephys.nwb,RSC,1,LtoR,2,3,0.23335909912695837,0.1847456378338668,0.27860927734140767,False,62,44,15.212026802720175,13.397887430773075,10.722176613336377,0.5235602094240838
M03,sub-M03_ses-20240624T100000_behavior+ecephys.nwb,RSC,1,LtoR,3,5,0.25229006296122336,0.2034198562464163,0.3084244013316951,False,62,44,17.08645573856211,12.10261578882719,10.81630640459677,0.5116822429906542
M03,sub-M03_ses-20240624T100000_behavior+ecephys.nwb,RSC,1,LtoR,4,7,0.25028392624107165,0.20015253546251416,0.295874422275025,False,62,44,21.829091333333963,12.164435394258893,10.314033178456906,0.3956043956043956
M03,sub-M03_ses-20240624T100000_behavior+ecephys.nwb,RSC,1,LtoR,5,9,0.15090276952181866,0.10381499607861236,0.19953875023234005,False,62,44,17.231515333333846,11.582835228955853,10.371733086291492,0.5787037037037037
M03,sub-M03_ses-20240624T100000_behavior+ecephys.nwb,RSC,1,LtoR,6,11,0.27778655690553705,0.21715907990841665,0.33352804160422955,False,62,44,12.81290679738595,15.120792152991038,11.417684671761423,0.5403726708074534
M03,sub-M03_ses-20240624T100000_behavior+ecephys.nwb,RSC,1,LtoR,7,13,0.2548511788989797,0.19004055910819515,0.30662805390800124,False,62,44,21.021609387754324,12.187556379424581,12.34270487371212,0.40874524714828897
M03,sub-M03_ses-20240624T100000_behavior+ecephys.nwb,RSC,1,LtoR,8,15,0.2444847552161763,0.19357355223105682,0.2918102868792897,False,62,44,17.774492380952324,16.20676517101727,14.842942361640231,0.3789237668161435
M03,sub-M03_ses-20240624T100000_behavior+ecephys.nwb,RSC,1,LtoR,9,17,0.3142003808866983,0.26518183572262666,0.35623424279365484,False,62,44,14.93462361904767,15.274334134906857,11.83799059600832,0.5093333333333333
M03,sub-M03_ses-20240624T100000_behavior+ecephys.nwb,RSC,1,LtoR,10,19,0.2865434757838785,0.22989191969936046,0.3369312122741249,False,62,44,32.74349133333271,9.427476122520615,7.0453405695581015,0.3772893772893773
M03,sub-M03_ses-20240624T100000_behavior+ecephys.nwb,RSC,1,LtoR,11,21,0.30966423942689525,0.27100340851459614,0.34198688679023753,False,62,44,16.74557975190146,11.361279024441494,10.283543845237082,0.5571428571428572
M03,sub-M03_ses-20240624T100000_behavior+ecephys.nwb,RSC,1,LtoR,12,23,0.32341690734550876,0.27712285136521086,0.36912543463378017,False,62,44,15.071627333333709,16.30228654341773,17.125952770797895,0.4417989417989418
M03,sub-M03_ses-20240624T100000_behavior+ecephys.nwb,RSC,1,LtoR,13,25,0.276727053433385,0.2395867038740558,0.31224388961004396,False,62,44,23.34829400000035,12.844507520505017,8.880482463641469,0.39487179487179486
M03,sub-M03_ses-20240624T100000_behavior+ecephys.nwb,RSC,1,LtoR,14,27,0.2779046109465959,0.2277863743318983,0.32540014586395044,True,62,44,16.2351059090297,13.01899054501584,8.938888186235676,0.515970515970516
M03,sub-M03_ses-20240624T100000_behavior+ecephys.nwb,RSC,1,LtoR,15,29,0.3204764515719895,0.2832014716686512,0.35777871013343265,True,62,44,30.064265333333424,8.715546398896969,7.143627056026672,0.4627659574468085
M03,sub-M03_ses-20240624T100000_behavior+ecephys.nwb,RSC,1,LtoR,16,31,0.33863708866890274,0.2919267842170004,0.3717350181830701,True,62,44,13.744959084967377,12.692630322795148,12.289021306069682,0.5768115942028985
M03,sub-M03_ses-20240624T100000_behavior+ecephys.nwb,RSC,1,LtoR,17,33,0.21681374889214594,0.17803225950344367,0.2504065020406948,True,62,44,24.302011372548805,11.89180536917988,8.58636301869102,0.3815789473684211
M03,sub-M03_ses-20240624T100000_behavior+ecephys.nwb,RSC,1,LtoR,18,35,0.28591911890574256,0.24395479875227324,0.3239815833357879,True,62,44,14.804196190475523,14.886571334802847,12.455802192296543,0.5080645161290323
M03,sub-M03_ses-20240624T100000_behavior+ecephys.nwb,RSC,1,LtoR,19,37,0.3204506556207204,0.25619533762700775,0.3641779421456617,True,62,44,27.53634693877575,9.238677779055589,7.61221106041042,0.41884057971014493
M03,sub-M03_ses-20240624T100000_behavior+ecephys.nwb,RSC,1,LtoR,20,39,0.33034157124331065,0.27849986780627006,0.3662652780634156,True,62,44,23.090070748298785,8.553775507477381,7.821994154203039,0.5751295336787565
M03,sub-M03_ses-20240624T100000_behavior+ecephys.nwb,RSC,1,LtoR,21,41,0.26874228221116336,0.22393780099154653,0.31404966056013467,True,62,44,19.88836734693905,10.97247454037577,9.662894173657197,0.5421686746987951
M03,sub-M03_ses-20240624T100000_behavior+ecephys.nwb,RSC,1,LtoR,22,43,0.28390093864225946,0.2320087114422082,0.31920710435551797,True,62,44,24.66660733333265,9.220578991007885,6.918875136802352,0.5161812297734628
M03,sub-M03_ses-20240624T100000_behavior+ecephys.nwb,RSC,1,LtoR,23,45,0.31658115649713925,0.26125325354243795,0.3650914095395763,True,62,44,39.58009000000038,9.92765210488739,8.661562468283586,0.47373737373737373
M03,sub-M03_ses-20240624T100000_behavior+ecephys.nwb,RSC,1,RtoL,1,2,0.11828679879596313,0.05569360949830748,0.16968814677133343,False,62,44,21.587633333333542,10.406434671747833,8.128578070663893,0.45925925925925926
M03,sub-M03_ses-20240624T100000_behavior+ecephys.nwb,RSC,1,RtoL,2,4,0.26616916717134476,0.2171110661068806,0.3116706566891446,False,62,44,13.758446792050563,14.129681269709751,14.162807254029197,0.5594202898550724
M03,sub-M03_ses-20240624T100000_behavior+ecephys.nwb,RSC,1,RtoL,3,6,0.3479180534211347,0.2812468849749147,0.39611972878896373,False,62,44,17.630713999999898,12.567308447397261,11.250910872218329,0.5
M03,sub-M03_ses-20240624T100000_behavior+ecephys.nwb,RSC,1,RtoL,4,8,0.3529990747848629,0.2967621903100867,0.4000982303003709,False,62,44,23.14801599999919,12.814555969695888,13.255895847298738,0.3448275862068966
M03,sub-M03_ses-20240624T100000_behavior+ecephys.nwb,RSC,1,RtoL,5,10,0.3490893729361926,0.2854375217110058,0.40132432025317083,False,62,44,17.251460535947444,14.281043155127444,14.503127910469104,0.4305555555555556
M03,sub-M03_ses-20240624T100000_behavior+ecephys.nwb,RSC,1,RtoL,6,12,0.4168889412004131,0.334067410500681,0.45694830182898577,False,62,44,22.595983945578155,14.548316787116063,15.21827345477207,0.31625441696113077
M03,sub-M03_ses-20240624T100000_behavior+ecephys.nwb,RSC,1,RtoL,7,14,0.3893580469916289,0.3420058842423094,0.43890653874245256,False,62,44,23.3638742857147,10.075778384469219,7.587619788386718,0.4444444444444444
M03,sub-M03_ses-20240624T100000_behavior+ecephys.nwb,RSC,1,RtoL,8,16,0.452977164362132,0.4077097346256166,0.49357206905213885,False,62,44,11.554017333333832,14.406844076330023,14.827605743997065,0.615916955017301
M03,sub-M03_ses-20240624T100000_behavior+ecephys.nwb,RSC,1,RtoL,9,18,0.33192612691958157,0.26085791286898957,0.37903994238285765,False,62,44,10.731811047618976,15.340836212347817,9.916920547184962,0.6133828996282528
M03,sub-M03_ses-20240624T100000_behavior+ecephys.nwb,RSC,1,RtoL,10,20,0.3458754689232564,0.2884744433375877,0.3877611217788292,False,62,44,16.167332993197306,9.291018393695452,7.039576971028818,0.7118226600985221
M03,sub-M03_ses-20240624T100000_behavior+ecephys.nwb,RSC,1,RtoL,11,22,0.38981985774532524,0.32193599822699276,0.4334175685735898,False,62,44,18.381826588234617,12.959940801809458,9.218460221834794,0.4717391304347826
M03,sub-M03_ses-20240624T100000_behavior+ecephys.nwb,RSC,1,RtoL,12,24,0.3618036880246479,0.2849531980750158,0.4077429529068083,False,62,44,18.150232666666852,12.450447520105898,10.651823001423235,0.5462555066079295
M03,sub-M03_ses-20240624T100000_behavior+ecephys.nwb,RSC,1,RtoL,13,26,0.4311838682035138,0.354547913823666,0.4747424042449717,False,62,44,35.42188477124182,15.706481779531368,19.067457856528673,0.1927846674182638
M03,sub-M03_ses-20240624T100000_behavior+ecephys.nwb,RSC,1,RtoL,14,28,0.36110400313776336,0.2890740481701209,0.404181161194637,True,62,44,19.466889986394563,12.480709516973944,8.186114150429171,0.4651639344262295
M03,sub-M03_ses-20240624T100000_behavior+ecephys.nwb,RSC,1,RtoL,15,30,0.3042213191460805,0.24527731190410024,0.3441002099315356,True,62,44,13.8402315816993,14.044244094533708,16.538614516355352,0.547550432276657
M03,sub-M03_ses-20240624T100000_behavior+ecephys.nwb,RSC,1,RtoL,16,32,0.3864798183329337,0.3337291877540646,0.42677119398620916,True,62,44,10.399688627451724,16.776034362905882,18.06535885218534,0.6053639846743295
M03,sub-M03_ses-20240624T100000_behavior+ecephys.nwb,RSC,1,RtoL,17,34,0.4208580665273751,0.37166025364568567,0.4567285715991113,True,62,44,13.341443809523298,14.411195225988447,12.51702959107833,0.592814371257485
M03,sub-M03_ses-20240624T100000_behavior+ecephys.nwb,RSC,1,RtoL,18,36,0.3355136653672149,0.2832974203120651,0.37224202048253036,True,62,44,24.605494285714485,13.052355895104228,12.075292852796451,0.3181818181818182
M03,sub-M03_ses-20240624T100000_behavior+ecephys.nwb,RSC,1,RtoL,19,38,0.4176038401263142,0.3471547711427597,0.45752532355705683,True,62,44,37.327453741497266,13.761012975294353,13.124202886180653,0.21864951768488747
M03,sub-M03_ses-20240624T100000_behavior+ecephys.nwb,RSC,1,RtoL,20,40,0.2975693773441763,0.23414799783588128,0.33885310082378317,True,62,44,20.132514285714024,9.511808525004236,6.818358679922973,0.5932539682539683
M03,sub-M03_ses-20240624T100000_behavior+ecephys.nwb,RSC,1,RtoL,21,42,0.32187524156797265,0.26643184421501703,0.36700075380958186,True,62,44,14.414758653061654,15.819559018805029,14.757365074752672,0.48066298342541436
M03,sub-M03_ses-20240624T100000_behavior+ecephys.nwb,RSC,1,RtoL,22,44,0.41169485105304027,0.3576126182841589,0.44844438280362,True,62,44,12.59346000000005,13.768322397964125,12.80566564536336,0.6507936507936508
M03,sub-M03_ses-20240624T100000_behavior+ecephys.nwb,RSC,1,RtoL,23,46,0.26540175097638347,0.21289159800872132,0.30659662255337516,True,62,44,17.627273809524013,13.345734417268392,11.42971099235684,0.47058823529411764
M03,sub-M03_ses-20240624T100000_behavior+ecephys.nwb,RSC,2,LtoR,1,47,0.14961281183205286,0.10666627559347093,0.19783081401185834,False,62,44,17.07156066666721,12.32787773399158,11.56877819657045,0.3864168618266979
M03,sub-M03_ses-20240624T100000_behavior+ecephys.nwb,RSC,2,LtoR,2,49,0.1589759353582951,0.11387693813135051,0.19978233540953577,False,62,44,12.55332133333377,12.511405590903689,8.793683002367723,0.6305732484076433
M03,sub-M03_ses-20240624T100000_behavior+ecephys.nwb,RSC,2,LtoR,3,51,0.18354469000554396,0.13485221157638658,0.23237492810713975,False,62,44,13.516680190476109,12.706277460113506,12.146161758275944,0.5575221238938053
M03,sub-M03_ses-20240624T100000_behavior+ecephys.nwb,RSC,2,LtoR,4,53,0.2112495089708563,0.1668831629279695,0.24742613910051858,False,62,44,17.830952000000252,11.281987159477348,11.011759117814696,0.4282511210762332
M03,sub-M03_ses-20240624T100000_behavior+ecephys.nwb,RSC,2,LtoR,5,55,0.15584488822309733,0.10606644902534752,0.1932140411033063,False,62,44,26.026546666666036,11.146844472983151,10.803549222501333,0.3052147239263804
M03,sub-M03_ses-20240624T100000_behavior+ecephys.nwb,RSC,2,LtoR,6,57,0.17352077298320173,0.12274039682255355,0.21487357209609204,False,62,44,18.990130000000136,15.301317423378912,9.06612667773619,0.3697478991596639
M03,sub-M03_ses-20240624T100000_behavior+ecephys.nwb,RSC,2,LtoR,7,59,0.09391846461106917,0.043713743321181824,0.1259070434690092,False,62,44,15.71196400000008,11.847453856694356,11.037099563387251,0.4796954314720812
M03,sub-M03_ses-20240624T100000_behavior+ecephys.nwb,RSC,2,LtoR,8,61,0.253957573871713,0.20689635990491992,0.2887443078582455,False,62,44,16.65678734640551,10.972349476453513,9.04650843310047,0.5406698564593302
M03,sub-M03_ses-20240624T100000_behavior+ecephys.nwb,RSC,2,LtoR,9,63,0.05270219652959771,0.0021675925475418277,0.09778785924838115,False,62,44,56.1899478095238,9.58978251009327,7.433707972648388,0.48364153627311524
M03,sub-M03_ses-20240624T100000_behavior+ecephys.nwb,RSC,2,LtoR,10,65,0.287140852433725,0.24899555530127895,0.32194280150470944,False,62,44,30.54410000000007,9.944891952536949,10.0310054727917,0.29411764705882354
M03,sub-M03_ses-20240624T100000_behavior+ecephys.nwb,RSC,2,LtoR,11,67,0.13785848949840634,0.09853485900292921,0.17563284659948464,True,62,44,19.071078666666835,12.783670564635417,9.095401215057349,0.3723849372384937
M03,sub-M03_ses-20240624T100000_behavior+ecephys.nwb,RSC,2,LtoR,12,69,0.19782436185730568,0.15214630940501894,0.24704981487821714,True,62,44,25.36111344537767,10.149562698373304,7.725461343321759,0.3763779527559055
M03,sub-M03_ses-20240624T100000_behavior+ecephys.nwb,RSC,2,LtoR,13,71,0.20025275909252788,0.15587539340382944,0.23723194666394748,True,62,44,38.52677888888866,6.998651837300791,5.5403050961098375,0.3744813278008299
M03,sub-M03_ses-20240624T100000_behavior+ecephys.nwb,RSC,2,LtoR,14,73,0.22630123337094565,0.17034973899360628,0.28200961450623635,True,62,44,19.550946000000295,11.279698024432331,11.358924271115784,0.4110429447852761
M03,sub-M03_ses-20240624T100000_behavior+ecephys.nwb,RSC,2,LtoR,15,75,0.19613464597989433,0.1446245247672331,0.2333949686468131,True,62,44,88.59408533333408,7.333873162824439,6.120090673001486,0.16561371841155234
M03,sub-M03_ses-20240624T100000_behavior+ecephys.nwb,RSC,2,LtoR,16,77,0.2169277597366875,0.17635450369385303,0.25771519175945,True,62,44,27.33795212244877,8.573939827374534,5.885321706070819,0.4590643274853801
M03,sub-M03_ses-20240624T100000_behavior+ecephys.nwb,RSC,2,LtoR,17,79,0.044425724290480154,-0.009729208226404122,0.0962472520620474,True,62,44,23.51833725490178,8.842832545473037,7.27731101654088,0.5042444821731749
M03,sub-M03_ses-20240624T100000_behavior+ecephys.nwb,RSC,2,LtoR,18,81,0.17128008252438034,0.11578637115150248,0.2192465457820497,True,62,44,55.88101142857158,9.222900367239346,6.248507178108187,0.20958512160228898
M03,sub-M03_ses-20240624T100000_behavior+ecephys.nwb,RSC,2,LtoR,19,83,0.11224145210941783,0.06552222407817229,0.15067368146083193,True,62,44,32.5639707189539,8.241275365874317,6.718736843347851,0.37423312883435583
M03,sub-M03_ses-20240624T100000_behavior+ecephys.nwb,RSC,2,LtoR,20,85,0.20283975918632324,0.14923271757748363,0.2398431070546889,True,62,44,31.10435466666695,8.913267249492383,6.932453463125251,0.44087403598971725
M03,sub-M03_ses-20240624T100000_behavior+ecephys.nwb,RSC,2,RtoL,1,48,0.3511167219468256,0.2966882754302303,0.3885009911407276,False,62,44,15.351467999998931,9.92340965412489,6.96052049357083,0.6580310880829016
M03,sub-M03_ses-20240624T100000_behavior+ecephys.nwb,RSC,2,RtoL,2,50,0.22943034478070914,0.14678174477598843,0.2772528438494193,False,62,44,14.91215000000011,12.9584908008475,12.322856533360177,0.5053475935828877
M03,sub-M03_ses-20240624T100000_behavior+ecephys.nwb,RSC,2,RtoL,3,52,0.1986848734414256,0.15139494276651433,0.24246780550388897,False,62,44,18.94636514285685,12.463495528565495,10.291188275830283,0.4
M03,sub-M03_ses-20240624T100000_behavior+ecephys.nwb,RSC,2,RtoL,4,54,0.28614574529831693,0.2476054930549839,0.3224236970777573,False,62,44,11.514788000000408,13.486324892714888,15.497806803941259,0.5847750865051903
M03,sub-M03_ses-20240624T100000_behavior+ecephys.nwb,RSC,2,RtoL,5,56,0.1495222796250204,0.0979257928496558,0.18243442267701415,False,62,44,16.6716853333337,8.761564605648502,7.643259328240543,0.6426858513189448
M03,sub-M03_ses-20240624T100000_behavior+ecephys.nwb,RSC,2,RtoL,6,58,0.2973851626096704,0.2520571005109167,0.34212438005507967,False,62,44,29.825227333332805,8.273642152067408,6.23802170889672,0.464524765729585
M03,sub-M03_ses-20240624T100000_behavior+ecephys.nwb,RSC,2,RtoL,7,60,0.263106374829603,0.21251492806843508,0.31394734929325846,False,62,44,15.486899320261728,11.011781702953883,10.462112753506283,0.5515463917525774
M03,sub-M03_ses-20240624T100000_behavior+ecephys.nwb,RSC,2,RtoL,8,62,0.34310837875617567,0.303065156239499,0.37428263868243367,False,62,44,12.833287999999811,12.760594952302528,10.973245486957525,0.5856697819314641
M03,sub-M03_ses-20240624T100000_behavior+ecephys.nwb,RSC,2,RtoL,9,64,0.3123022297784396,0.2701790691417287,0.35059165932829156,False,62,44,21.410369523809095,12.528704341704062,13.18870074762589,0.36380597014925375
M03,sub-M03_ses-20240624T100000_behavior+ecephys.nwb,RSC,2,RtoL,10,66,0.37551673587307993,0.325166402106528,0.4124401726997818,True,62,44,14.872149333333255,12.950579257867728,10.800980574497036,0.532258064516129
M03,sub-M03_ses-20240624T100000_behavior+ecephys.nwb,RSC,2,RtoL,11,68,0.22351022103703777,0.18369582768285547,0.26444271537892927,True,62,44,56.69757474509879,9.563155589956908,8.142956576625064,0.1733615221987315
M03,sub-M03_ses-20240624T100000_behavior+ecephys.nwb,RSC,2,RtoL,12,70,0.3332546003961979,0.27939726617104427,0.3823863479806441,True,62,44,14.305734920634677,13.182523730250237,13.867059726127199,0.5125348189415042
M03,sub-M03_ses-20240624T100000_behavior+ecephys.nwb,RSC,2,RtoL,13,72,0.30932000130173426,0.2711490862047461,0.34845927794335574,True,62,44,22.38814000000002,9.644479805292537,7.130585145744735,0.5151515151515151
M03,sub-M03_ses-20240624T100000_behavior+ecephys.nwb,RSC,2,RtoL,14,74,0.313722593830254,0.2585602099101393,0.35639264917644975,True,62,44,18.630221333332884,8.926986882028883,7.747992651490736,0.5289079229122056
M03,sub-M03_ses-20240624T100000_behavior+ecephys.nwb,RSC,2,RtoL,15,76,0.3159411262211473,0.27412002260430396,0.35730321667729065,True,62,44,19.151071333333675,12.385962584736781,10.78551706785713,0.40208333333333335
M03,sub-M03_ses-20240624T100000_behavior+ecephys.nwb,RSC,2,RtoL,16,78,0.20594538720030786,0.15211636319100105,0.24937029764009838,True,62,44,16.868428518073415,9.131671299791522,8.69787181390478,0.6255924170616114
M03,sub-M03_ses-20240624T100000_behavior+ecephys.nwb,RSC,2,RtoL,17,80,0.3195721468849242,0.26810611652220695,0.3675846121327904,True,62,44,18.44155667600353,8.104146116126026,6.933677195895532,0.6695464362850972
M03,sub-M03_ses-20240624T100000_behavior+ecephys.nwb,RSC,2,RtoL,18,82,0.2447400889720545,0.19355372087075565,0.2846186341972487,True,62,44,30.604729281046275,6.609774340058607,5.254140105324131,0.47127937336814624
M03,sub-M03_ses-20240624T100000_behavior+ecephys.nwb,RSC,2,RtoL,19,84,0.3180954134972247,0.2634807410215798,0.35830806304307183,True,62,44,26.46617200000037,12.838005875520487,10.574031237387851,0.2895927601809955
