subject,file,region,block,direction,direction_traversal,global_traversal,map_similarity,subsample_q025,subsample_q975,is_late_reference_traversal,n_cells_available,n_cells_equalized,duration_seconds,moving_speed_mean,moving_speed_median,moving_sample_fraction
M01,sub-M01_ses-20240312T100000_behavior+ecephys.nwb,CA1,1,LtoR,1,2,0.19574582231511506,-0.01439812692714455,0.3814450632027507,False,142,21,40.838091973856535,13.122926789732555,4.589916349827657,0.21330724070450097
M01,sub-M01_ses-20240312T100000_behavior+ecephys.nwb,CA1,1,LtoR,2,4,0.17377248161439357,0.015487576346687938,0.2966712964910552,False,142,21,22.350213673469625,10.925654770422428,6.638864049541327,0.4642857142857143
M01,sub-M01_ses-20240312T100000_behavior+ecephys.nwb,CA1,1,LtoR,3,6,0.15542361186213866,0.018902770433844668,0.3109338363353154,False,142,21,34.77336000000014,11.983836564292123,6.554601646184665,0.2655172413793103
M01,sub-M01_ses-20240312T100000_behavior+ecephys.nwb,CA1,1,LtoR,4,8,0.14786974441832038,-0.006168834142092836,0.29886161678438206,False,142,21,24.26159000000007,11.305508535156612,9.788434675680449,0.4029605263157895
M01,sub-M01_ses-20240312T100000_behavior+ecephys.nwb,CA1,1,LtoR,5,10,0.25193880119159284,0.052157720590403855,0.4163621269612191,False,142,21,64.35075933333337,10.261563974631933,7.1012158480180645,0.18198757763975154
M01,sub-M01_ses-20240312T100000_behavior+ecephys.nwb,CA1,1,LtoR,6,12,0.24563814994066568,0.05604092185035615,0.3997552219816749,False,142,21,17.906628000000637,15.851426763823481,11.64370899792085,0.39198218262806234
M01,sub-M01_ses-20240312T100000_behavior+ecephys.nwb,CA1,1,LtoR,7,14,0.265642133158218,0.10263574572488615,0.44031603758583654,False,142,21,17.280438639456406,14.188129229517903,8.218191134127025,0.4652777777777778
M01,sub-M01_ses-20240312T100000_behavior+ecephys.nwb,CA1,1,LtoR,8,16,0.25850060055061536,0.11522877717800854,0.4176478289217131,False,142,21,11.274157523809663,20.116990678288616,14.151812761133694,0.46996466431095407
M01,sub-M01_ses-20240312T100000_behavior+ecephys.nwb,CA1,1,LtoR,9,18,0.292088254455981,0.13383645548237932,0.4789374193490677,False,142,21,29.177119999999377,14.893600964204794,6.035220257037565,0.27945205479452057
M01,sub-M01_ses-20240312T100000_behavior+ecephys.nwb,CA1,1,LtoR,10,20,0.3004234291842257,0.126116952904808,0.40378520692959585,False,142,21,18.546941999999945,15.631304443025696,12.807831659492479,0.3728448275862069
M01,sub-M01_ses-20240312T100000_behavior+ecephys.nwb,CA1,1,LtoR,11,22,0.28521602803152507,0.13458015910410306,0.4427301939925491,False,142,21,15.907928000000538,22.592301813434982,23.89223670890253,0.3015075376884422
M01,sub-M01_ses-20240312T100000_behavior+ecephys.nwb,CA1,1,LtoR,12,24,0.2559254771219788,0.07956573281731462,0.4948127566511971,False,142,21,31.878746862745174,8.314238109250068,6.173646280050791,0.47368421052631576
M01,sub-M01_ses-20240312T100000_behavior+ecephys.nwb,CA1,1,LtoR,13,26,0.31747694911786895,0.14586443988638587,0.4748884598198731,False,142,21,11.78279285714234,21.8303075110207,20.75080470420224,0.423728813559322
M01,sub-M01_ses-20240312T100000_behavior+ecephys.nwb,CA1,1,LtoR,14,28,0.30166250225538305,0.11788526413319099,0.4713568011651367,False,142,21,18.968040627451046,18.340299134861304,9.985796358408997,0.3368421052631579
M01,sub-M01_ses-20240312T100000_behavior+ecephys.nwb,CA1,1,LtoR,15,30,0.15120159713985196,-0.013326189598185626,0.3252740797719156,False,142,21,28.6982146666669,11.224393900974988,7.459802616624986,0.3607242339832869
M01,sub-M01_ses-20240312T100000_behavior+ecephys.nwb,CA1,1,LtoR,16,32,0.2468836444588155,0.09745322727152475,0.4127201451459689,False,142,21,19.98953560784321,13.504816119590673,8.179001728745575,0.47904191616766467
M01,sub-M01_ses-20240312T100000_behavior+ecephys.nwb,CA1,1,LtoR,17,34,0.2216306619030858,0.10308252877087898,0.38337073047414566,False,142,21,15.428406666667797,14.975660408515955,12.64352434058191,0.5
M01,sub-M01_ses-20240312T100000_behavior+ecephys.nwb,CA1,1,LtoR,18,36,0.25349928865774074,0.07919809607334623,0.3866932291820567,False,142,21,25.020762666666997,11.13835170687468,7.227796873910991,0.4003189792663477
M01,sub-M01_ses-20240312T100000_behavior+ecephys.nwb,CA1,1,LtoR,19,38,0.29168841311195115,0.1596324654399495,0.40963783445942387,False,142,21,12.670390000000225,18.467596040072806,13.13247235824434,0.49842271293375395
M01,sub-M01_ses-20240312T100000_behavior+ecephys.nwb,CA1,1,LtoR,20,40,0.29497811252687617,0.11895455416548385,0.4805937269561784,False,142,21,11.27103200000056,20.678303850311053,15.664910596943193,0.4840989399293286
M01,sub-M01_ses-20240312T100000_behavior+ecephys.nwb,CA1,1,LtoR,21,42,0.24140807650283255,0.05605547958056223,0.40521264364583703,False,142,21,25.661498666666375,14.096362584138857,8.49605858455196,0.3302180685358255
M01,sub-M01_ses-20240312T100000_behavior+ecephys.nwb,CA1,1,LtoR,22,44,0.2633289804380834,0.06888612753689743,0.45985118372973277,False,142,21,13.030851333333885,16.81550592590764,13.101517434502416,0.5137614678899083
M01,sub-M01_ses-20240312T100000_behavior+ecephys.nwb,CA1,1,LtoR,23,46,0.32389490433843626,0.13823237820614495,0.49669935506772256,False,142,21,21.904385333334176,14.867556681524977,11.163735196562563,0.3570127504553734
M01,sub-M01_ses-20240312T100000_behavior+ecephys.nwb,CA1,1,LtoR,24,48,0.29613477023864465,0.16641435470584665,0.45297092427946384,False,142,21,54.558583333334354,13.171272489633338,10.595072255999185,0.5157509157509158
M01,sub-M01_ses-20240312T100000_behavior+ecephys.nwb,CA1,1,LtoR,25,50,0.24172686419489267,0.024093151123585267,0.4221571842158301,False,142,21,47.22004081632713,7.52857687869973,5.98048725379155,0.26057529610829105
M01,sub-M01_ses-20240312T100000_behavior+ecephys.nwb,CA1,1,LtoR,26,52,0.2438863915844268,0.021035968486774956,0.3864331666439238,True,142,21,53.23276230065312,6.959163873748461,6.4092009940590655,0.3178061607813674
M01,sub-M01_ses-20240312T100000_behavior+ecephys.nwb,CA1,1,LtoR,27,54,0.2918360156658057,0.0567726318197044,0.4613657124682257,True,142,21,28.419049333333533,11.239031478908036,5.478516816080385,0.369901547116737
M01,sub-M01_ses-20240312T100000_behavior+ecephys.nwb,CA1,1,LtoR,28,56,0.3178220726187636,0.14599361464916696,0.4425270436590137,True,142,21,26.74624293877605,12.65470710624882,7.889666103824743,0.3492537313432836
M01,sub-M01_ses-20240312T100000_behavior+ecephys.nwb,CA1,1,LtoR,29,58,0.309985480951337,0.14534877436136084,0.4405750651560014,True,142,21,42.147690666666676,10.078252243053704,5.978482946433624,0.32701421800947866
M01,sub-M01_ses-20240312T100000_behavior+ecephys.nwb,CA1,1,LtoR,30,60,0.34521338603719204,0.16203842047903064,0.507037281073757,True,142,21,21.303820000000087,12.479542564955615,8.595792488411268,0.47752808988764045
M01,sub-M01_ses-20240312T100000_behavior+ecephys.nwb,CA1,1,LtoR,31,62,0.24342859801672617,0.042712916210397626,0.3971405158267562,True,142,21,19.75060196078448,11.912169642795687,8.231829174083568,0.5737373737373738
M01,sub-M01_ses-20240312T100000_behavior+ecephys.nwb,CA1,1,LtoR,32,64,0.3833738579681444,0.2396389892744594,0.5139054720468436,True,142,21,46.205359333333945,14.96390446892619,12.586551864231378,0.3889369057908384
M01,sub-M01_ses-20240312T100000_behavior+ecephys.nwb,CA1,1,LtoR,33,66,0.32696320523857747,0.13071970488403575,0.492715631432127,True,142,21,10.311226666667608,16.439087375205037,11.273151450671296,0.6447876447876448
M01,sub-M01_ses-20240312T100000_behavior+ecephys.nwb,CA1,1,LtoR,34,68,0.2408523522650407,0.11354700510032575,0.3732620688589909,True,142,21,19.944843333332756,11.947155363960503,7.484121224101845,0.46292585170340683
M01,sub-M01_ses-20240312T100000_behavior+ecephys.nwb,CA1,1,LtoR,35,70,0.32077647278817256,0.15344743878784955,0.5163288278260373,True,142,21,18.940723129251637,13.707166795502582,10.438437443401147,0.4863157894736842
M01,sub-M01_ses-20240312T100000_behavior+ecephys.nwb,CA1,1,RtoL,1,1,0.14229583793535586,-0.02594508649711714,0.30052258772837387,False,142,21,25.934060967319965,9.430708133768192,8.719529719521589,0.46533127889060094
M01,sub-M01_ses-20240312T100000_behavior+ecephys.nwb,CA1,1,RtoL,2,3,0.09581755713496574,-0.07201836956233056,0.3081007965898029,False,142,21,31.506002026143506,9.97461046897223,7.177224398022482,0.3523447401774398
M01,sub-M01_ses-20240312T100000_behavior+ecephys.nwb,CA1,1,RtoL,3,5,0.16689949000752974,0.012665679953783614,0.33400483314409135,False,142,21,33.08594965986413,8.172552323963155,7.221998249969417,0.4106280193236715
M01,sub-M01_ses-20240312T100000_behavior+ecephys.nwb,CA1,1,RtoL,4,7,0.19383296356038737,0.011575715839098185,0.3908326490325572,False,142,21,13.309909999999945,13.128225012728965,10.458213008228718,0.6586826347305389
M01,sub-M01_ses-20240312T100000_behavior+ecephys.nwb,CA1,1,RtoL,5,9,0.14897064090114692,-0.02537946495180512,0.3122274901351141,False,142,21,20.903563333333295,9.42256429918305,8.831574852996907,0.5564053537284895
M01,sub-M01_ses-20240312T100000_behavior+ecephys.nwb,CA1,1,RtoL,6,11,0.1821082130755792,-0.010935452953983228,0.4047620812847962,False,142,21,19.58455999999933,12.968465260630527,12.3791920036925,0.4306122448979592
M01,sub-M01_ses-20240312T100000_behavior+ecephys.nwb,CA1,1,RtoL,7,13,0.22503166961911697,0.051587286905242724,0.4174260159986769,False,142,21,16.533297360543656,14.676361749625526,9.800433421136304,0.45542168674698796
M01,sub-M01_ses-20240312T100000_behavior+ecephys.nwb,CA1,1,RtoL,8,15,0.24473028633606103,0.07303505575243276,0.41909412592145534,False,142,21,19.22215047619011,15.612683157710638,10.603221117450039,0.35477178423236516
M01,sub-M01_ses-20240312T100000_behavior+ecephys.nwb,CA1,1,RtoL,9,17,0.12478899740450505,-0.015202255309109354,0.3399200321329106,False,142,21,54.119504000000234,12.524629799704712,8.02987933428311,0.16248153618906944
M01,sub-M01_ses-20240312T100000_behavior+ecephys.nwb,CA1,1,RtoL,10,19,0.23959418795768794,0.04199769473593646,0.44180289139912543,False,142,21,15.228204666666898,17.913980124829234,20.367634381016792,0.39790575916230364
M01,sub-M01_ses-20240312T100000_behavior+ecephys.nwb,CA1,1,RtoL,11,21,0.23117682525862052,0.029973062197106194,0.39938591746916896,False,142,21,12.869225333332906,17.941703699636342,13.803093407344818,0.4722222222222222
M01,sub-M01_ses-20240312T100000_behavior+ecephys.nwb,CA1,1,RtoL,12,23,0.13878969416296555,-0.0005695857326945593,0.30800582765738876,False,142,21,24.078804470587784,12.587012450165306,8.2337393329713,0.3582089552238806
M01,sub-M01_ses-20240312T100000_behavior+ecephys.nwb,CA1,1,RtoL,13,25,0.290977165923628,0.09378338143002131,0.5014961171241825,False,142,21,14.708960000000843,16.719173485636833,14.530252639096513,0.43902439024390244
M01,sub-M01_ses-20240312T100000_behavior+ecephys.nwb,CA1,1,RtoL,14,27,0.23604462840245788,0.013612807211348789,0.4053466132871487,False,142,21,14.317285142857145,16.326146717144084,13.449238783276327,0.4722222222222222
M01,sub-M01_ses-20240312T100000_behavior+ecephys.nwb,CA1,1,RtoL,15,29,0.24689291378300865,0.04920205042217512,0.4398944029140486,False,142,21,30.554396705882027,8.548426589803608,6.714506533188378,0.44836601307189544
M01,sub-M01_ses-20240312T100000_behavior+ecephys.nwb,CA1,1,RtoL,16,31,0.23130343957410143,0.042161283122813975,0.42569170607060025,False,142,21,13.54970400000002,14.208775468683424,13.665871872696805,0.5529411764705883
M01,sub-M01_ses-20240312T100000_behavior+ecephys.nwb,CA1,1,RtoL,17,33,0.18026790602346796,-0.016199813071316835,0.4409407678080181,False,142,21,27.014780392156354,15.166922758576929,8.423383557158388,0.28402366863905326
M01,sub-M01_ses-20240312T100000_behavior+ecephys.nwb,CA1,1,RtoL,18,35,0.26416227804505643,0.06514800969699795,0.4287411820890213,False,142,21,24.22252533333267,11.52274024508629,9.340501851781996,0.43492586490939045
M01,sub-M01_ses-20240312T100000_behavior+ecephys.nwb,CA1,1,RtoL,19,37,0.2195497763193113,0.017465058563216184,0.40977232212311543,False,142,21,25.780681999999615,13.202521617238734,8.624926857059037,0.45271317829457364
M01,sub-M01_ses-20240312T100000_behavior+ecephys.nwb,CA1,1,RtoL,20,39,0.19714064994946598,0.042431147062814464,0.45855821972254385,False,142,21,49.842158666666364,11.23356128544377,6.280342460685961,0.2564102564102564
M01,sub-M01_ses-20240312T100000_behavior+ecephys.nwb,CA1,1,RtoL,21,41,0.24265674157928988,0.0806176196614048,0.4379779500908413,False,142,21,27.21977599999991,12.299241060427331,7.285008499569101,0.35043988269794724
M01,sub-M01_ses-20240312T100000_behavior+ecephys.nwb,CA1,1,RtoL,22,43,0.23033299361072546,0.04680859634531649,0.38309877854513363,False,142,21,43.36613333333298,8.257389753672488,5.204171507874507,0.343778801843318
M01,sub-M01_ses-20240312T100000_behavior+ecephys.nwb,CA1,1,RtoL,23,45,0.2675852843016685,0.08350085214485112,0.4628412332779167,False,142,21,18.9848513333327,10.961536637300597,8.775653721411851,0.5536842105263158
M01,sub-M01_ses-20240312T100000_behavior+ecephys.nwb,CA1,1,RtoL,24,47,0.23682035914570182,0.07261573263834015,0.4195167706339357,False,142,21,20.064773333332596,12.342078793249398,12.264363469583468,0.44731610337972166
M01,sub-M01_ses-20240312T100000_behavior+ecephys.nwb,CA1,1,RtoL,25,49,0.2542295510627971,0.08314697074581118,0.4254662208389187,False,142,21,21.384023333332152,11.314565581202594,10.59037726491771,0.4635514018691589
M01,sub-M01_ses-20240312T100000_behavior+ecephys.nwb,CA1,1,RtoL,26,51,0.2857027473555277,0.12303415335246017,0.4428243650643758,False,142,21,70.85734088301979,7.116185403666379,5.2838860683064235,0.2430908065425832
M01,sub-M01_ses-20240312T100000_behavior+ecephys.nwb,CA1,1,RtoL,27,53,0.3146126665040221,0.11361033291384343,0.512486425032464,True,142,21,13.829009333333488,12.507278386565993,11.291045070134583,0.6426512968299711
M01,sub-M01_ses-20240312T100000_behavior+ecephys.nwb,CA1,1,RtoL,28,55,0.23337605187959892,0.04396832891195704,0.41869798487459614,True,142,21,10.31253466666658,15.755508985627287,10.380609451821492,0.6988416988416989
M01,sub-M01_ses-20240312T100000_behavior+ecephys.nwb,CA1,1,RtoL,29,57,0.25477670334427877,0.04193208402574496,0.4645259469994604,True,142,21,18.499862394557567,17.389624884008892,15.58066301762328,0.4794816414686825
M01,sub-M01_ses-20240312T100000_behavior+ecephys.nwb,CA1,1,RtoL,30,59,0.2733103776630494,0.1282059910587273,0.519655573542738,True,142,21,23.04340666666576,9.490985393797324,6.083861002544726,0.561525129982669
M01,sub-M01_ses-20240312T100000_behavior+ecephys.nwb,CA1,1,RtoL,31,61,0.3076233470835996,0.12474620309472123,0.46927467423014907,True,142,21,20.975425620915303,12.966069097392502,11.017858133177635,0.4095238095238095
M01,sub-M01_ses-20240312T100000_behavior+ecephys.nwb,CA1,1,RtoL,32,63,0.309565499062293,0.15250254404906152,0.4641062463788048,True,142,21,20.987703084967507,11.124084216068745,8.799315151672495,0.4838095238095238
M01,sub-M01_ses-20240312T100000_behavior+ecephys.nwb,CA1,1,RtoL,33,65,0.25778767203672137,0.0335618484616648,0.46698857675540595,True,142,21,94.60911666666561,7.530599748694359,5.825642382245451,0.18216398985629756
M01,sub-M01_ses-20240312T100000_behavior+ecephys.nwb,CA1,1,RtoL,34,67,0.26540166990538167,0.0562363851210318,0.45713556470878147,True,142,21,28.618779999999788,11.22243603845568,5.956390277423501,0.37796373779637377
M01,sub-M01_ses-20240312T100000_behavior+ecephys.nwb,CA1,1,RtoL,35,69,0.27212006492398283,0.1172200720618514,0.4296916801349897,True,142,21,23.78245000000061,12.041685460136632,6.3767851858434765,0.4235294117647059
M01,sub-M01_ses-20240312T100000_behavior+ecephys.nwb,CA1,1,RtoL,36,71,0.2719857450044259,0.13627313940925617,0.42794023774943396,True,142,21,29.50313553741489,9.286287436042418,7.042320414042497,0.4587280108254398
M01,sub-M01_ses-20240312T100000_behavior+ecephys.nwb,CA3,1,LtoR,1,2,-0.013884785988939694,-0.01388478598893971,-0.01388478598893967,False,21,21,40.838091973856535,13.122926789732555,4.589916349827657,0.21330724070450097
M01,sub-M01_ses-20240312T100000_behavior+ecephys.nwb,CA3,1,LtoR,2,4,0.005132502119349594,0.005132502119349574,0.0051325021193496185,False,21,21,22.350213673469625,10.925654770422428,6.638864049541327,0.4642857142857143
M01,sub-M01_ses-20240312T100000_behavior+ecephys.nwb,CA3,1,LtoR,3,6,0.0032192709013922865,0.003219270901392262,0.0032192709013923087,False,21,21,34.77336000000014,11.983836564292123,6.554601646184665,0.2655172413793103
M01,sub-M01_ses-20240312T100000_behavior+ecephys.nwb,CA3,1,LtoR,4,8,0.05638231580590456,0.05638231580590452,0.05638231580590461,False,21,21,24.26159000000007,11.305508535156612,9.788434675680449,0.4029605263157895
M01,sub-M01_ses-20240312T100000_behavior+ecephys.nwb,CA3,1,LtoR,5,10,0.12465125619891317,0.12465125619891307,0.12465125619891322,False,21,21,64.35075933333337,10.261563974631933,7.1012158480180645,0.18198757763975154
M01,sub-M01_ses-20240312T100000_behavior+ecephys.nwb,CA3,1,LtoR,6,12,0.011459434026478721,0.011459434026478699,0.01145943402647874,False,21,21,17.906628000000637,15.851426763823481,11.64370899792085,0.39198218262806234
M01,sub-M01_ses-20240312T100000_behavior+ecephys.nwb,CA3,1,LtoR,7,14,-0.08543843746101827,-0.08543843746101834,-0.08543843746101823,False,21,21,17.280438639456406,14.188129229517903,8.218191134127025,0.4652777777777778
M01,sub-M01_ses-20240312T100000_behavior+ecephys.nwb,CA3,1,LtoR,8,16,0.08003087058935929,0.08003087058935925,0.08003087058935932,False,21,21,11.274157523809663,20.116990678288616,14.151812761133694,0.46996466431095407
M01,sub-M01_ses-20240312T100000_behavior+ecephys.nwb,CA3,1,LtoR,9,18,0.11184982948805064,0.11184982948805058,0.11184982948805071,False,21,21,29.177119999999377,14.893600964204794,6.035220257037565,0.27945205479452057
M01,sub-M01_ses-20240312T100000_behavior+ecephys.nwb,CA3,1,LtoR,10,20,-0.005455002612847682,-0.0054550026128477,-0.005455002612847665,False,21,21,18.546941999999945,15.631304443025696,12.807831659492479,0.3728448275862069
M01,sub-M01_ses-20240312T100000_behavior+ecephys.nwb,CA3,1,LtoR,11,22,-0.024728861300901288,-0.02472886130090131,-0.024728861300901267,False,21,21,15.907928000000538,22.592301813434982,23.89223670890253,0.3015075376884422
M01,sub-M01_ses-20240312T100000_behavior+ecephys.nwb,CA3,1,LtoR,12,24,0.21004779560627315,0.21004779560627304,0.21004779560627332,False,21,21,31.878746862745174,8.314238109250068,6.173646280050791,0.47368421052631576
M01,sub-M01_ses-20240312T100000_behavior+ecephys.nwb,CA3,1,LtoR,13,26,0.10326429916557352,0.10326429916557345,0.10326429916557359,False,21,21,11.78279285714234,21.8303075110207,20.75080470420224,0.423728813559322
M01,sub-M01_ses-20240312T100000_behavior+ecephys.nwb,CA3,1,LtoR,14,28,0.03778237236721175,0.03778237236721173,0.03778237236721177,False,21,21,18.968040627451046,18.340299134861304,9.985796358408997,0.3368421052631579
M01,sub-M01_ses-20240312T100000_behavior+ecephys.nwb,CA3,1,LtoR,15,30,0.08356952915616608,0.08356952915616603,0.08356952915616614,False,21,21,28.6982146666669,11.224393900974988,7.459802616624986,0.3607242339832869
M01,sub-M01_ses-20240312T100000_behavior+ecephys.nwb,CA3,1,LtoR,16,32,0.04417192214295904,0.04417192214295898,0.04417192214295907,False,21,21,19.98953560784321,13.504816119590673,8.179001728745575,0.47904191616766467
M01,sub-M01_ses-20240312T100000_behavior+ecephys.nwb,CA3,1,LtoR,17,34,0.10648544109870947,0.10648544109870937,0.10648544109870953,False,21,21,15.428406666667797,14.975660408515955,12.64352434058191,0.5
M01,sub-M01_ses-20240312T100000_behavior+ecephys.nwb,CA3,1,LtoR,18,36,0.12412111973318364,0.12412111973318347,0.12412111973318368,False,21,21,25.020762666666997,11.13835170687468,7.227796873910991,0.4003189792663477
M01,sub-M01_ses-20240312T100000_behavior+ecephys.nwb,CA3,1,LtoR,19,38,0.06896898493849006,0.06896898493849003,0.0689689849384901,False,21,21,12.670390000000225,18.467596040072806,13.13247235824434,0.49842271293375395
M01,sub-M01_ses-20240312T100000_behavior+ecephys.nwb,CA3,1,LtoR,20,40,0.09546444642302752,0.09546444642302745,0.09546444642302758,False,21,21,11.27103200000056,20.678303850311053,15.664910596943193,0.4840989399293286
M01,sub-M01_ses-20240312T100000_behavior+ecephys.nwb,CA3,1,LtoR,21,42,0.014459735114162934,0.014459735114162918,0.01445973511416295,False,21,21,25.661498666666375,14.096362584138857,8.49605858455196,0.3302180685358255
M01,sub-M01_ses-20240312T100000_behavior+ecephys.nwb,CA3,1,LtoR,22,44,0.07020811755502858,0.07020811755502855,0.0702081175550286,False,21,21,13.030851333333885,16.81550592590764,13.101517434502416,0.5137614678899083
M01,sub-M01_ses-20240312T100000_behavior+ecephys.nwb,CA3,1,LtoR,23,46,-0.05513172642950583,-0.05513172642950587,-0.055131726429505784,False,21,21,21.904385333334176,14.867556681524977,11.163735196562563,0.3570127504553734
M01,sub-M01_ses-20240312T100000_behavior+ecephys.nwb,CA3,1,LtoR,24,48,0.0656873662957862,0.06568736629578616,0.06568736629578625,False,21,21,54.558583333334354,13.171272489633338,10.595072255999185,0.5157509157509158
M01,sub-M01_ses-20240312T100000_behavior+ecephys.nwb,CA3,1,LtoR,25,50,0.07465897754194423,0.07465897754194416,0.07465897754194428,False,21,21,47.22004081632713,7.52857687869973,5.98048725379155,0.26057529610829105
M01,sub-M01_ses-20240312T100000_behavior+ecephys.nwb,CA3,1,LtoR,26,52,0.00686752850008493,0.00686752850008491,0.006867528500084953,True,21,21,53.23276230065312,6.959163873748461,6.4092009940590655,0.3178061607813674
M01,sub-M01_ses-20240312T100000_behavior+ecephys.nwb,CA3,1,LtoR,27,54,0.19183622841733158,0.1918362284173314,0.1918362284173317,True,21,21,28.419049333333533,11.239031478908036,5.478516816080385,0.369901547116737
M01,sub-M01_ses-20240312T100000_behavior+ecephys.nwb,CA3,1,LtoR,28,56,0.049211865997769354,0.04921186599776931,0.0492118659977694,True,21,21,26.74624293877605,12.65470710624882,7.889666103824743,0.3492537313432836
M01,sub-M01_ses-20240312T100000_behavior+ecephys.nwb,CA3,1,LtoR,29,58,0.07017965383987339,0.07017965383987332,0.07017965383987343,True,21,21,42.147690666666676,10.078252243053704,5.978482946433624,0.32701421800947866
M01,sub-M01_ses-20240312T100000_behavior+ecephys.nwb,CA3,1,LtoR,30,60,0.15255598529070527,0.15255598529070513,0.15255598529070538,True,21,21,21.303820000000087,12.479542564955615,8.595792488411268,0.47752808988764045
M01,sub-M01_ses-20240312T100000_behavior+ecephys.nwb,CA3,1,LtoR,31,62,0.11474096877264514,0.114740968772645,0.11474096877264522,True,21,21,19.75060196078448,11.912169642795687,8.231829174083568,0.5737373737373738
M01,sub-M01_ses-20240312T100000_behavior+ecephys.nwb,CA3,1,LtoR,32,64,0.047316051957431944,0.04731605195743191,0.047316051957431986,True,21,21,46.205359333333945,14.96390446892619,12.586551864231378,0.3889369057908384
M01,sub-M01_ses-20240312T100000_behavior+ecephys.nwb,CA3,1,LtoR,33,66,0.18833487075334426,0.18833487075334407,0.18833487075334437,True,21,21,10.311226666667608,16.439087375205037,11.273151450671296,0.6447876447876448
M01,sub-M01_ses-20240312T100000_behavior+ecephys.nwb,CA3,1,LtoR,34,68,-0.02448403198749634,-0.024484031987496366,-0.02448403198749632,True,21,21,19.944843333332756,11.947155363960503,7.484121224101845,0.46292585170340683
M01,sub-M01_ses-20240312T100000_behavior+ecephys.nwb,CA3,1,LtoR,35,70,0.14801916191206205,0.14801916191206196,0.1480191619120621,True,21,21,18.940723129251637,13.707166795502582,10.438437443401147,0.4863157894736842
M01,sub-M01_ses-20240312T100000_behavior+ecephys.nwb,CA3,1,RtoL,1,1,0.02683630846174735,0.026836308461747335,0.026836308461747373,False,21,21,25.934060967319965,9.430708133768192,8.719529719521589,0.46533127889060094
M01,sub-M01_ses-20240312T100000_behavior+ecephys.nwb,CA3,1,RtoL,2,3,0.08588004705513898,0.08588004705513894,0.08588004705513902,False,21,21,31.506002026143506,9.97461046897223,7.177224398022482,0.3523447401774398
M01,sub-M01_ses-20240312T100000_behavior+ecephys.nwb,CA3,1,RtoL,3,5,0.09835746353673289,0.09835746353673284,0.09835746353673296,False,21,21,33.08594965986413,8.172552323963155,7.221998249969417,0.4106280193236715
M01,sub-M01_ses-20240312T100000_behavior+ecephys.nwb,CA3,1,RtoL,4,7,0.08142528705448238,0.08142528705448235,0.08142528705448242,False,21,21,13.309909999999945,13.128225012728965,10.458213008228718,0.6586826347305389
M01,sub-M01_ses-20240312T100000_behavior+ecephys.nwb,CA3,1,RtoL,5,9,0.07513540903014936,0.07513540903014931,0.0751354090301494,False,21,21,20.903563333333295,9.42256429918305,8.831574852996907,0.5564053537284895
M01,sub-M01_ses-20240312T100000_behavior+ecephys.nwb,CA3,1,RtoL,6,11,0.08256845833596543,0.08256845833596538,0.0825684583359655,False,21,21,19.58455999999933,12.968465260630527,12.3791920036925,0.4306122448979592
M01,sub-M01_ses-20240312T100000_behavior+ecephys.nwb,CA3,1,RtoL,7,13,0.09396828881193804,0.09396828881193796,0.09396828881193811,False,21,21,16.533297360543656,14.676361749625526,9.800433421136304,0.45542168674698796
M01,sub-M01_ses-20240312T100000_behavior+ecephys.nwb,CA3,1,RtoL,8,15,0.020110499029314357,0.020110499029314336,0.02011049902931437,False,21,21,19.22215047619011,15.612683157710638,10.603221117450039,0.35477178423236516
M01,sub-M01_ses-20240312T100000_behavior+ecephys.nwb,CA3,1,RtoL,9,17,0.06001189294967046,0.06001189294967042,0.06001189294967049,False,21,21,54.119504000000234,12.524629799704712,8.02987933428311,0.16248153618906944
M01,sub-M01_ses-20240312T100000_behavior+ecephys.nwb,CA3,1,RtoL,10,19,0.07863295670017643,0.07863295670017639,0.07863295670017649,False,21,21,15.228204666666898,17.913980124829234,20.367634381016792,0.39790575916230364
M01,sub-M01_ses-20240312T100000_behavior+ecephys.nwb,CA3,1,RtoL,11,21,-0.017827767848138713,-0.017827767848138738,-0.017827767848138693,False,21,21,12.869225333332906,17.941703699636342,13.803093407344818,0.4722222222222222
M01,sub-M01_ses-20240312T100000_behavior+ecephys.nwb,CA3,1,RtoL,12,23,0.01311082569605512,0.013110825696055095,0.013110825696055142,False,21,21,24.078804470587784,12.587012450165306,8.2337393329713,0.3582089552238806
M01,sub-M01_ses-20240312T100000_behavior+ecephys.nwb,CA3,1,RtoL,13,25,0.14708751811623175,0.1470875181162317,0.14708751811623183,False,21,21,14.708960000000843,16.719173485636833,14.530252639096513,0.43902439024390244
M01,sub-M01_ses-20240312T100000_behavior+ecephys.nwb,CA3,1,RtoL,14,27,0.15316981433220248,0.15316981433220236,0.1531698143322026,False,21,21,14.317285142857145,16.326146717144084,13.449238783276327,0.4722222222222222
M01,sub-M01_ses-20240312T100000_behavior+ecephys.nwb,CA3,1,RtoL,15,29,0.0659873478661473,0.06598734786614724,0.06598734786614731,False,21,21,30.554396705882027,8.548426589803608,6.714506533188378,0.44836601307189544
M01,sub-M01_ses-20240312T100000_behavior+ecephys.nwb,CA3,1,RtoL,16,31,0.11870142945702958,0.11870142945702948,0.11870142945702962,False,21,21,13.54970400000002,14.208775468683424,13.665871872696805,0.5529411764705883
M01,sub-M01_ses-20240312T100000_behavior+ecephys.nwb,CA3,1,RtoL,17,33,0.13511033184323762,0.13511033184323754,0.13511033184323773,False,21,21,27.014780392156354,15.166922758576929,8.423383557158388,0.28402366863905326
M01,sub-M01_ses-20240312T100000_behavior+ecephys.nwb,CA3,1,RtoL,18,35,-0.005703136694211527,-0.005703136694211541,-0.0057031366942115105,False,21,21,24.22252533333267,11.52274024508629,9.340501851781996,0.43492586490939045
M01,sub-M01_ses-20240312T100000_behavior+ecephys.nwb,CA3,1,RtoL,19,37,0.145762610442449,0.14576261044244895,0.1457626104424491,False,21,21,25.780681999999615,13.202521617238734,8.624926857059037,0.45271317829457364
M01,sub-M01_ses-20240312T100000_behavior+ecephys.nwb,CA3,1,RtoL,20,39,0.022504977352874586,0.022504977352874565,0.022504977352874607,False,21,21,49.842158666666364,11.23356128544377,6.280342460685961,0.2564102564102564
M01,sub-M01_ses-20240312T100000_behavior+ecephys.nwb,CA3,1,RtoL,21,41,-0.02088100063555393,-0.020881000635553947,-0.02088100063555391,False,21,21,27.21977599999991,12.299241060427331,7.285008499569101,0.35043988269794724
M01,sub-M01_ses-20240312T100000_behavior+ecephys.nwb,CA3,1,RtoL,22,43,0.0900855126082106,0.09008551260821053,0.09008551260821064,False,21,21,43.36613333333298,8.257389753672488,5.204171507874507,0.343778801843318
M01,sub-M01_ses-20240312T100000_behavior+ecephys.nwb,CA3,1,RtoL,23,45,0.11784927251135903,0.11784927251135897,0.11784927251135911,False,21,21,18.9848513333327,10.961536637300597,8.775653721411851,0.5536842105263158
M01,sub-M01_ses-20240312T100000_behavior+ecephys.nwb,CA3,1,RtoL,24,47,0.05059648276399983,0.05059648276399978,0.05059648276399986,False,21,21,20.064773333332596,12.342078793249398,12.264363469583468,0.44731610337972166
M01,sub-M01_ses-20240312T100000_behavior+ecephys.nwb,CA3,1,RtoL,25,49,0.09166682536538213,0.09166682536538209,0.09166682536538223,False,21,21,21.384023333332152,11.314565581202594,10.59037726491771,0.4635514018691589
M01,sub-M01_ses-20240312T100000_behavior+ecephys.nwb,CA3,1,RtoL,26,51,0.11628508562040542,0.11628508562040536,0.11628508562040547,False,21,21,70.85734088301979,7.116185403666379,5.2838860683064235,0.2430908065425832
M01,sub-M01_ses-20240312T100000_behavior+ecephys.nwb,CA3,1,RtoL,27,53,0.16883516866329606,0.16883516866329598,0.16883516866329618,True,21,21,13.829009333333488,12.507278386565993,11.291045070134583,0.6426512968299711
M01,sub-M01_ses-20240312T100000_behavior+ecephys.nwb,CA3,1,RtoL,28,55,-0.06960225167179429,-0.06960225167179436,-0.06960225167179424,True,21,21,10.31253466666658,15.755508985627287,10.380609451821492,0.6988416988416989
M01,sub-M01_ses-20240312T100000_behavior+ecephys.nwb,CA3,1,RtoL,29,57,-0.10002738031377673,-0.10002738031377678,-0.10002738031377667,True,21,21,18.499862394557567,17.389624884008892,15.58066301762328,0.4794816414686825
M01,sub-M01_ses-20240312T100000_behavior+ecephys.nwb,CA3,1,RtoL,30,59,0.027185917529052042,0.027185917529052018,0.02718591752905207,True,21,21,23.04340666666576,9.490985393797324,6.083861002544726,0.561525129982669
M01,sub-M01_ses-20240312T100000_behavior+ecephys.nwb,CA3,1,RtoL,31,61,-0.024934642112655097,-0.024934642112655118,-0.024934642112655066,True,21,21,20.975425620915303,12.966069097392502,11.017858133177635,0.4095238095238095
M01,sub-M01_ses-20240312T100000_behavior+ecephys.nwb,CA3,1,RtoL,32,63,0.057796618983032684,0.05779661898303265,0.05779661898303271,True,21,21,20.987703084967507,11.124084216068745,8.799315151672495,0.4838095238095238
M01,sub-M01_ses-20240312T100000_behavior+ecephys.nwb,CA3,1,RtoL,33,65,0.09792926545306851,0.09792926545306849,0.09792926545306858,True,21,21,94.60911666666561,7.530599748694359,5.825642382245451,0.18216398985629756
M01,sub-M01_ses-20240312T100000_behavior+ecephys.nwb,CA3,1,RtoL,34,67,0.03703361800881362,0.0370336180088136,0.037033618008813655,True,21,21,28.618779999999788,11.22243603845568,5.956390277423501,0.37796373779637377
M01,sub-M01_ses-20240312T100000_behavior+ecephys.nwb,CA3,1,RtoL,35,69,0.0805679305530659,0.08056793055306585,0.08056793055306594,True,21,21,23.78245000000061,12.041685460136632,6.3767851858434765,0.4235294117647059
M01,sub-M01_ses-20240312T100000_behavior+ecephys.nwb,CA3,1,RtoL,36,71,0.12825159218919205,0.128251592189192,0.12825159218919213,True,21,21,29.50313553741489,9.286287436042418,7.042320414042497,0.4587280108254398
M01,sub-M01_ses-20240312T100000_behavior+ecephys.nwb,RSC,1,LtoR,1,2,0.041173658047762504,-0.05407374864612571,0.14353918391454135,False,116,21,40.838091973856535,13.122926789732555,4.589916349827657,0.21330724070450097
M01,sub-M01_ses-20240312T100000_behavior+ecephys.nwb,RSC,1,LtoR,2,4,0.028192912723021553,-0.05824572999024141,0.18112162049739386,False,116,21,22.350213673469625,10.925654770422428,6.638864049541327,0.4642857142857143
M01,sub-M01_ses-20240312T100000_behavior+ecephys.nwb,RSC,1,LtoR,3,6,0.037382484610839574,-0.05217083673191202,0.14755774947016853,False,116,21,34.77336000000014,11.983836564292123,6.554601646184665,0.2655172413793103
M01,sub-M01_ses-20240312T100000_behavior+ecephys.nwb,RSC,1,LtoR,4,8,0.04874966925006421,-0.04181475514892149,0.12176304970128793,False,116,21,24.26159000000007,11.305508535156612,9.788434675680449,0.4029605263157895
M01,sub-M01_ses-20240312T100000_behavior+ecephys.nwb,RSC,1,LtoR,5,10,0.06391286491561134,-0.028225860943004475,0.15055645709136808,False,116,21,64.35075933333337,10.261563974631933,7.1012158480180645,0.18198757763975154
M01,sub-M01_ses-20240312T100000_behavior+ecephys.nwb,RSC,1,LtoR,6,12,0.03946347237973327,-0.04141172390105195,0.12308517064457374,False,116,21,17.906628000000637,15.851426763823481,11.64370899792085,0.39198218262806234
M01,sub-M01_ses-20240312T100000_behavior+ecephys.nwb,RSC,1,LtoR,7,14,0.03871965277173252,-0.039711171264438565,0.1259168191475043,False,116,21,17.280438639456406,14.188129229517903,8.218191134127025,0.4652777777777778
M01,sub-M01_ses-20240312T100000_behavior+ecephys.nwb,RSC,1,LtoR,8,16,0.03717336675227538,-0.051839762102492894,0.11626051797154834,False,116,21,11.274157523809663,20.116990678288616,14.151812761133694,0.46996466431095407
M01,sub-M01_ses-20240312T100000_behavior+ecephys.nwb,RSC,1,LtoR,9,18,0.054487722665809785,-0.048390646044805176,0.18179921224429102,False,116,21,29.177119999999377,14.893600964204794,6.035220257037565,0.27945205479452057
M01,sub-M01_ses-20240312T100000_behavior+ecephys.nwb,RSC,1,LtoR,10,20,0.048986776665338794,-0.05170560164410032,0.20150182537213798,False,116,21,18.546941999999945,15.631304443025696,12.807831659492479,0.3728448275862069
M01,sub-M01_ses-20240312T100000_behavior+ecephys.nwb,RSC,1,LtoR,11,22,0.04678146672710615,-0.04258312203592833,0.15921354369842314,False,116,21,15.907928000000538,22.592301813434982,23.89223670890253,0.3015075376884422
M01,sub-M01_ses-20240312T100000_behavior+ecephys.nwb,RSC,1,LtoR,12,24,0.011869038798768168,-0.09917997745521803,0.10972597068831083,False,116,21,31.878746862745174,8.314238109250068,6.173646280050791,0.47368421052631576
M01,sub-M01_ses-20240312T100000_behavior+ecephys.nwb,RSC,1,LtoR,13,26,0.054461849248445014,-0.032946111732133174,0.17297647439879368,False,116,21,11.78279285714234,21.8303075110207,20.75080470420224,0.423728813559322
M01,sub-M01_ses-20240312T100000_behavior+ecephys.nwb,RSC,1,LtoR,14,28,0.042369521280258005,-0.04253806523156517,0.14854714132955193,False,116,21,18.968040627451046,18.340299134861304,9.985796358408997,0.3368421052631579
M01,sub-M01_ses-20240312T100000_behavior+ecephys.nwb,RSC,1,LtoR,15,30,0.017666053313666778,-0.08376577505569859,0.10698825756662277,False,116,21,28.6982146666669,11.224393900974988,7.459802616624986,0.3607242339832869
M01,sub-M01_ses-20240312T100000_behavior+ecephys.nwb,RSC,1,LtoR,16,32,0.07940492767199915,-0.03920284953886238,0.16720460150732505,False,116,21,19.98953560784321,13.504816119590673,8.179001728745575,0.47904191616766467
M01,sub-M01_ses-20240312T100000_behavior+ecephys.nwb,RSC,1,LtoR,17,34,0.018942932579895395,-0.10190987168138506,0.12327304530473511,False,116,21,15.428406666667797,14.975660408515955,12.64352434058191,0.5
M01,sub-M01_ses-20240312T100000_behavior+ecephys.nwb,RSC,1,LtoR,18,36,0.12782937636990954,0.029835404148099137,0.22689765626188774,False,116,21,25.020762666666997,11.13835170687468,7.227796873910991,0.4003189792663477
M01,sub-M01_ses-20240312T100000_behavior+ecephys.nwb,RSC,1,LtoR,19,38,0.06671441936201891,-0.045890059503828184,0.16937495665353958,False,116,21,12.670390000000225,18.467596040072806,13.13247235824434,0.49842271293375395
M01,sub-M01_ses-20240312T100000_behavior+ecephys.nwb,RSC,1,LtoR,20,40,0.06476953026758295,-0.0375870524690782,0.16744932751827268,False,116,21,11.27103200000056,20.678303850311053,15.664910596943193,0.4840989399293286
M01,sub-M01_ses-20240312T100000_behavior+ecephys.nwb,RSC,1,LtoR,21,42,0.028318088305989073,-0.06309114274155313,0.10291109330472166,False,116,21,25.661498666666375,14.096362584138857,8.49605858455196,0.3302180685358255
M01,sub-M01_ses-20240312T100000_behavior+ecephys.nwb,RSC,1,LtoR,22,44,-0.003815264618570866,-0.09503789386153391,0.08068780572856349,False,116,21,13.030851333333885,16.81550592590764,13.101517434502416,0.5137614678899083
M01,sub-M01_ses-20240312T100000_behavior+ecephys.nwb,RSC,1,LtoR,23,46,0.06390321690859382,-0.04710552658969722,0.1611733230922702,False,116,21,21.904385333334176,14.867556681524977,11.163735196562563,0.3570127504553734
M01,sub-M01_ses-20240312T100000_behavior+ecephys.nwb,RSC,1,LtoR,24,48,0.023404484658937172,-0.06345989734935979,0.09993792268246184,False,116,21,54.558583333334354,13.171272489633338,10.595072255999185,0.5157509157509158
M01,sub-M01_ses-20240312T100000_behavior+ecephys.nwb,RSC,1,LtoR,25,50,0.06469547817372409,-0.05104398298554941,0.18586236171637766,False,116,21,47.22004081632713,7.52857687869973,5.98048725379155,0.26057529610829105
M01,sub-M01_ses-20240312T100000_behavior+ecephys.nwb,RSC,1,LtoR,26,52,0.058979932296293024,-0.02261855098463288,0.14509930971148333,True,116,21,53.23276230065312,6.959163873748461,6.4092009940590655,0.3178061607813674
M01,sub-M01_ses-20240312T100000_behavior+ecephys.nwb,RSC,1,LtoR,27,54,0.011802781741769072,-0.08058465362838726,0.10363946374881057,True,116,21,28.419049333333533,11.239031478908036,5.478516816080385,0.369901547116737
M01,sub-M01_ses-20240312T100000_behavior+ecephys.nwb,RSC,1,LtoR,28,56,0.09916281607368388,-0.014616361046835976,0.22558762288201395,True,116,21,26.74624293877605,12.65470710624882,7.889666103824743,0.3492537313432836
M01,sub-M01_ses-20240312T100000_behavior+ecephys.nwb,RSC,1,LtoR,29,58,0.0322430603872165,-0.06490812352771408,0.17137542673909717,True,116,21,42.147690666666676,10.078252243053704,5.978482946433624,0.32701421800947866
M01,sub-M01_ses-20240312T100000_behavior+ecephys.nwb,RSC,1,LtoR,30,60,0.10770835061556297,0.008180226387958322,0.2228048745681619,True,116,21,21.303820000000087,12.479542564955615,8.595792488411268,0.47752808988764045
M01,sub-M01_ses-20240312T100000_behavior+ecephys.nwb,RSC,1,LtoR,31,62,0.014491184798330819,-0.1006232554158244,0.10549259904136751,True,116,21,19.75060196078448,11.912169642795687,8.231829174083568,0.5737373737373738
M01,sub-M01_ses-20240312T100000_behavior+ecephys.nwb,RSC,1,LtoR,32,64,0.05544474513294899,-0.04270232262929821,0.1624611226020084,True,116,21,46.205359333333945,14.96390446892619,12.586551864231378,0.3889369057908384
M01,sub-M01_ses-20240312T100000_behavior+ecephys.nwb,RSC,1,LtoR,33,66,0.06663187515576657,-0.0261297125924011,0.14725813956928557,True,116,21,10.311226666667608,16.439087375205037,11.273151450671296,0.6447876447876448
M01,sub-M01_ses-20240312T100000_behavior+ecephys.nwb,RSC,1,LtoR,34,68,0.06179215574145183,-0.039834242492623816,0.15547791554419663,True,116,21,19.944843333332756,11.947155363960503,7.484121224101845,0.46292585170340683
M01,sub-M01_ses-20240312T100000_behavior+ecephys.nwb,RSC,1,LtoR,35,70,0.13453984018102727,0.0340346654905454,0.2434680011191557,True,116,21,18.940723129251637,13.707166795502582,10.438437443401147,0.4863157894736842
M01,sub-M01_ses-20240312T100000_behavior+ecephys.nwb,RSC,1,RtoL,1,1,-0.006934566490260669,-0.11520358958054436,0.10025432219934559,False,116,21,25.934060967319965,9.430708133768192,8.719529719521589,0.46533127889060094
M01,sub-M01_ses-20240312T100000_behavior+ecephys.nwb,RSC,1,RtoL,2,3,0.014339821753169158,-0.06002668278154488,0.10419387726067522,False,116,21,31.506002026143506,9.97461046897223,7.177224398022482,0.3523447401774398
M01,sub-M01_ses-20240312T100000_behavior+ecephys.nwb,RSC,1,RtoL,3,5,0.054590926180116364,-0.03726942540443319,0.15127217864303763,False,116,21,33.08594965986413,8.172552323963155,7.221998249969417,0.4106280193236715
M01,sub-M01_ses-20240312T100000_behavior+ecephys.nwb,RSC,1,RtoL,4,7,0.0065293888622889725,-0.0664011219935304,0.09850636580575703,False,116,21,13.309909999999945,13.128225012728965,10.458213008228718,0.6586826347305389
M01,sub-M01_ses-20240312T100000_behavior+ecephys.nwb,RSC,1,RtoL,5,9,0.023129975880794656,-0.05554586100795085,0.11325028843701815,False,116,21,20.903563333333295,9.42256429918305,8.831574852996907,0.5564053537284895
M01,sub-M01_ses-20240312T100000_behavior+ecephys.nwb,RSC,1,RtoL,6,11,0.03939717504936929,-0.03915506302130784,0.13272725822438602,False,116,21,19.58455999999933,12.968465260630527,12.3791920036925,0.4306122448979592
M01,sub-M01_ses-20240312T100000_behavior+ecephys.nwb,RSC,1,RtoL,7,13,0.04751361724689864,-0.034622314922831306,0.1390824775966642,False,116,21,16.533297360543656,14.676361749625526,9.800433421136304,0.45542168674698796
M01,sub-M01_ses-20240312T100000_behavior+ecephys.nwb,RSC,1,RtoL,8,15,0.0769920849106196,-0.016017845265698345,0.16638832535739798,False,116,21,19.22215047619011,15.612683157710638,10.603221117450039,0.35477178423236516
M01,sub-M01_ses-20240312T100000_behavior+ecephys.nwb,RSC,1,RtoL,9,17,0.05123578567110679,-0.04151168370150303,0.15202266934621234,False,116,21,54.119504000000234,12.524629799704712,8.02987933428311,0.16248153618906944
M01,sub-M01_ses-20240312T100000_behavior+ecephys.nwb,RSC,1,RtoL,10,19,0.08796518903127791,-0.013962935023613543,0.18005041596884824,False,116,21,15.228204666666898,17.913980124829234,20.367634381016792,0.39790575916230364
M01,sub-M01_ses-20240312T100000_behavior+ecephys.nwb,RSC,1,RtoL,11,21,0.07571704764798427,-0.019610830412616218,0.17853933458876634,False,116,21,12.869225333332906,17.941703699636342,13.803093407344818,0.4722222222222222
M01,sub-M01_ses-20240312T100000_behavior+ecephys.nwb,RSC,1,RtoL,12,23,0.036428926418003785,-0.04623013949661544,0.13485073627482827,False,116,21,24.078804470587784,12.587012450165306,8.2337393329713,0.3582089552238806
M01,sub-M01_ses-20240312T100000_behavior+ecephys.nwb,RSC,1,RtoL,13,25,0.030272668184046322,-0.053972358483998534,0.1094352160614985,False,116,21,14.708960000000843,16.719173485636833,14.530252639096513,0.43902439024390244
M01,sub-M01_ses-20240312T100000_behavior+ecephys.nwb,RSC,1,RtoL,14,27,0.0426656378741464,-0.06997140032743164,0.1329497233943979,False,116,21,14.317285142857145,16.326146717144084,13.449238783276327,0.4722222222222222
M01,sub-M01_ses-20240312T100000_behavior+ecephys.nwb,RSC,1,RtoL,15,29,0.04021649379902132,-0.06853022545005392,0.13930374967157247,False,116,21,30.554396705882027,8.548426589803608,6.714506533188378,0.44836601307189544
M01,sub-M01_ses-20240312T100000_behavior+ecephys.nwb,RSC,1,RtoL,16,31,0.08572884065979665,-0.010126678627205338,0.18800752555747055,False,116,21,13.54970400000002,14.208775468683424,13.665871872696805,0.5529411764705883
M01,sub-M01_ses-20240312T100000_behavior+ecephys.nwb,RSC,1,RtoL,17,33,0.05824236734876259,-0.0209275765654097,0.13766926461280504,False,116,21,27.014780392156354,15.166922758576929,8.423383557158388,0.28402366863905326
M01,sub-M01_ses-20240312T100000_behavior+ecephys.nwb,RSC,1,RtoL,18,35,0.05343415669658169,-0.04684812204918525,0.14748268387331986,False,116,21,24.22252533333267,11.52274024508629,9.340501851781996,0.43492586490939045
M01,sub-M01_ses-20240312T100000_behavior+ecephys.nwb,RSC,1,RtoL,19,37,0.04220776095586869,-0.033847263909007226,0.12777624741951865,False,116,21,25.780681999999615,13.202521617238734,8.624926857059037,0.45271317829457364
M01,sub-M01_ses-20240312T100000_behavior+ecephys.nwb,RSC,1,RtoL,20,39,0.06025420174935285,-0.04845207610581123,0.14854021527655012,False,116,21,49.842158666666364,11.23356128544377,6.280342460685961,0.2564102564102564
M01,sub-M01_ses-20240312T100000_behavior+ecephys.nwb,RSC,1,RtoL,21,41,0.06616294062277378,-0.028288489335507306,0.14095325780436194,False,116,21,27.21977599999991,12.299241060427331,7.285008499569101,0.35043988269794724
M01,sub-M01_ses-20240312T100000_behavior+ecephys.nwb,RSC,1,RtoL,22,43,0.049419647124524346,-0.04661176792236962,0.15930636845602578,False,116,21,43.36613333333298,8.257389753672488,5.204171507874507,0.343778801843318
M01,sub-M01_ses-20240312T100000_behavior+ecephys.nwb,RSC,1,RtoL,23,45,0.05720244108851699,-0.03824301559368553,0.15608536066221704,False,116,21,18.9848513333327,10.961536637300597,8.775653721411851,0.5536842105263158
M01,sub-M01_ses-20240312T100000_behavior+ecephys.nwb,RSC,1,RtoL,24,47,0.015710377655260403,-0.08771524522113099,0.12271770408884704,False,116,21,20.064773333332596,12.342078793249398,12.264363469583468,0.44731610337972166
M01,sub-M01_ses-20240312T100000_behavior+ecephys.nwb,RSC,1,RtoL,25,49,0.07303546603380184,-0.015129169575048017,0.14039313887198585,False,116,21,21.384023333332152,11.314565581202594,10.59037726491771,0.4635514018691589
M01,sub-M01_ses-20240312T100000_behavior+ecephys.nwb,RSC,1,RtoL,26,51,0.09397913960566034,-0.010473149633042217,0.18264602315332154,False,116,21,70.85734088301979,7.116185403666379,5.2838860683064235,0.2430908065425832
M01,sub-M01_ses-20240312T100000_behavior+ecephys.nwb,RSC,1,RtoL,27,53,0.0674045916003117,-0.02895895750768215,0.17419595211380362,True,116,21,13.829009333333488,12.507278386565993,11.291045070134583,0.6426512968299711
M01,sub-M01_ses-20240312T100000_behavior+ecephys.nwb,RSC,1,RtoL,28,55,0.07060176476525021,-0.01835006884718532,0.16982805337273033,True,116,21,10.31253466666658,15.755508985627287,10.380609451821492,0.6988416988416989
M01,sub-M01_ses-20240312T100000_behavior+ecephys.nwb,RSC,1,RtoL,29,57,0.05376174156650802,-0.03926040795176016,0.17554220983654883,True,116,21,18.499862394557567,17.389624884008892,15.58066301762328,0.4794816414686825
M01,sub-M01_ses-20240312T100000_behavior+ecephys.nwb,RSC,1,RtoL,30,59,0.10796282891279456,-0.01227314328787368,0.19881090209169805,True,116,21,23.04340666666576,9.490985393797324,6.083861002544726,0.561525129982669
M01,sub-M01_ses-20240312T100000_behavior+ecephys.nwb,RSC,1,RtoL,31,61,0.11166427484280275,0.0045073350226537984,0.19218529737682494,True,116,21,20.975425620915303,12.966069097392502,11.017858133177635,0.4095238095238095
M01,sub-M01_ses-20240312T100000_behavior+ecephys.nwb,RSC,1,RtoL,32,63,0.09612929051398272,-0.019323333485426517,0.2185327658828449,True,116,21,20.987703084967507,11.124084216068745,8.799315151672495,0.4838095238095238
M01,sub-M01_ses-20240312T100000_behavior+ecephys.nwb,RSC,1,RtoL,33,65,0.041742992040247305,-0.08162896683180244,0.13283948489876246,True,116,21,94.60911666666561,7.530599748694359,5.825642382245451,0.18216398985629756
M01,sub-M01_ses-20240312T100000_behavior+ecephys.nwb,RSC,1,RtoL,34,67,0.09255739382989153,-0.012711980522820519,0.19776635777492524,True,116,21,28.618779999999788,11.22243603845568,5.956390277423501,0.37796373779637377
M01,sub-M01_ses-20240312T100000_behavior+ecephys.nwb,RSC,1,RtoL,35,69,0.0690153615802663,-0.02692403435692013,0.154872269881855,True,116,21,23.78245000000061,12.041685460136632,6.3767851858434765,0.4235294117647059
M01,sub-M01_ses-20240312T100000_behavior+ecephys.nwb,RSC,1,RtoL,36,71,0.08482452430771953,-0.029931778576128942,0.19190604397658803,True,116,21,29.50313553741489,9.286287436042418,7.042320414042497,0.4587280108254398
M01,sub-M01_ses-20240313T100000_behavior+ecephys.nwb,CA1,1,LtoR,1,1,0.051072985340180524,-0.08242663623340636,0.18319224362979297,False,85,27,29.563623529411416,8.03318635158209,6.525704486925706,0.395128552097429
M01,sub-M01_ses-20240313T100000_behavior+ecephys.nwb,CA1,1,LtoR,2,3,0.19132264829624984,-0.057488437252289144,0.40553940410641576,False,85,27,24.541660000000775,10.641378507368696,10.631473104664462,0.42276422764227645
M01,sub-M01_ses-20240313T100000_behavior+ecephys.nwb,CA1,1,LtoR,3,5,0.2592037699960137,0.07315330551889904,0.43699272172600284,False,85,27,33.45363199999974,10.694301320685236,10.888083256171132,0.3237753882915173
M01,sub-M01_ses-20240313T100000_behavior+ecephys.nwb,CA1,1,LtoR,4,7,0.36385595049255737,0.20474319630493146,0.5017184674271123,False,85,27,14.325265333332936,14.831675644026369,18.371549154156348,0.5181058495821727
M01,sub-M01_ses-20240313T100000_behavior+ecephys.nwb,CA1,1,LtoR,5,9,0.2370078041746042,0.07190734640303806,0.45994428678735044,False,85,27,27.050646209150727,13.929760053567295,11.651486250359566,0.2865583456425406
M01,sub-M01_ses-20240313T100000_behavior+ecephys.nwb,CA1,1,LtoR,6,11,0.25996787982766073,0.037719453781183916,0.42726280390036075,False,85,27,14.157994039215737,17.456709088944436,21.661522548763713,0.43380281690140843
M01,sub-M01_ses-20240313T100000_behavior+ecephys.nwb,CA1,1,LtoR,7,13,0.253506488995457,0.11454263121923972,0.4118249675293352,False,85,27,18.585281333333114,12.524090946751606,10.456077720512992,0.4881720430107527
M01,sub-M01_ses-20240313T100000_behavior+ecephys.nwb,CA1,1,LtoR,8,15,0.25310206677404284,0.07284750875466477,0.426492006410205,False,85,27,22.021889333332183,13.563275451700099,9.982408481348969,0.3713768115942029
M01,sub-M01_ses-20240313T100000_behavior+ecephys.nwb,CA1,1,LtoR,9,17,0.3400983564614408,0.11539820785186568,0.5055120923451177,False,85,27,26.24835901960796,13.093448543519921,10.870300789230466,0.3226788432267884
M01,sub-M01_ses-20240313T100000_behavior+ecephys.nwb,CA1,1,LtoR,10,19,0.23737500685503998,0.050839705159145925,0.41058402243872083,False,85,27,17.426042666666035,17.968733684175145,23.195512631621156,0.3463302752293578
M01,sub-M01_ses-20240313T100000_behavior+ecephys.nwb,CA1,1,LtoR,11,21,0.21058210955225676,0.06383766514186598,0.3518344161286129,False,85,27,18.025936,15.909268475775155,15.4503916199686,0.37472283813747226
M01,sub-M01_ses-20240313T100000_behavior+ecephys.nwb,CA1,1,LtoR,12,23,0.2918177289119216,0.07106134710404817,0.46656042685507537,False,85,27,23.58573796078508,16.76464276911377,17.190619915518234,0.2707275803722504
M01,sub-M01_ses-20240313T100000_behavior+ecephys.nwb,CA1,1,LtoR,13,25,0.3120128979128578,0.09315528387642866,0.47635411699691155,False,85,27,7.532342745097594,22.339896094605383,25.841852756466018,0.6243386243386243
M01,sub-M01_ses-20240313T100000_behavior+ecephys.nwb,CA1,1,LtoR,14,27,0.2984638205160563,0.12509050360052057,0.43640276537164346,False,85,27,14.788784000000305,18.20196969256002,19.61294346405152,0.39622641509433965
M01,sub-M01_ses-20240313T100000_behavior+ecephys.nwb,CA1,1,LtoR,15,29,0.2813217075576445,0.09052240262262914,0.43694376949741714,False,85,27,11.231656666665913,19.960719361980676,20.05754342439125,0.47686832740213525
M01,sub-M01_ses-20240313T100000_behavior+ecephys.nwb,CA1,1,LtoR,16,31,0.3063547108924896,0.06863684984953074,0.48346603619553713,False,85,27,13.397473809523945,16.60940228486122,11.052493620162753,0.49702380952380953
M01,sub-M01_ses-20240313T100000_behavior+ecephys.nwb,CA1,1,LtoR,17,33,0.3874605417306767,0.21933636058027917,0.5181453232593537,False,85,27,17.68775156862739,12.853342017325188,7.492821873051315,0.49209932279909707
M01,sub-M01_ses-20240313T100000_behavior+ecephys.nwb,CA1,1,LtoR,18,35,0.2919928934867108,0.12112521107591141,0.4616374216365808,False,85,27,11.990899999999783,16.760498219001636,14.660294642665983,0.5481727574750831
M01,sub-M01_ses-20240313T100000_behavior+ecephys.nwb,CA1,1,LtoR,19,37,0.3396269644573243,0.11234523212342476,0.5078020922643046,False,85,27,19.863923333332423,17.57370891120622,10.090611743781956,0.3232931726907631
M01,sub-M01_ses-20240313T100000_behavior+ecephys.nwb,CA1,1,LtoR,20,39,0.35624094358141545,0.15029982999912245,0.542424910795957,False,85,27,48.76197933333333,12.15223366496257,6.649795118660943,0.24754098360655738
M01,sub-M01_ses-20240313T100000_behavior+ecephys.nwb,CA1,1,LtoR,21,41,0.28253068901176853,0.04793569514421186,0.47210470591050224,False,85,27,11.500744897958612,18.954886419172215,21.693017453714003,0.5051903114186851
M01,sub-M01_ses-20240313T100000_behavior+ecephys.nwb,CA1,1,LtoR,22,43,0.34701601550997035,0.1623062538741763,0.51112253219747,False,85,27,16.104658823529462,15.903077381920593,12.115337730416693,0.44801980198019803
M01,sub-M01_ses-20240313T100000_behavior+ecephys.nwb,CA1,1,LtoR,23,45,0.3101793459909052,0.14696384160698134,0.45337669724194696,False,85,27,59.39290799999981,9.38313837269293,6.129925192298697,0.22005383580080753
M01,sub-M01_ses-20240313T100000_behavior+ecephys.nwb,CA1,1,LtoR,24,47,0.2860806078892012,0.021430302414548304,0.43999818612804487,False,85,27,12.190849999999955,18.239475045839068,17.044597751484275,0.46254071661237783
M01,sub-M01_ses-20240313T100000_behavior+ecephys.nwb,CA1,1,LtoR,25,49,0.29103784991992004,0.08324894696994366,0.4476544030834309,False,85,27,8.087318231292556,22.524948604665436,25.80307321786552,0.5882352941176471
M01,sub-M01_ses-20240313T100000_behavior+ecephys.nwb,CA1,1,LtoR,26,51,0.11388699928160204,-0.06822065291743257,0.3258216163808598,False,85,27,40.608156000000236,10.925771130988858,7.790440250077777,0.3028515240904621
M01,sub-M01_ses-20240313T100000_behavior+ecephys.nwb,CA1,1,LtoR,27,53,0.25132799202808814,0.041187429298876234,0.4326680137121587,False,85,27,30.216194666666524,17.51886769459147,9.017059596573596,0.21164021164021163
M01,sub-M01_ses-20240313T100000_behavior+ecephys.nwb,CA1,1,LtoR,28,55,0.29453947181258033,0.039055293899808725,0.4994839735354142,False,85,27,16.86652266666715,18.53429049199352,16.20320695724761,0.3617021276595745
M01,sub-M01_ses-20240313T100000_behavior+ecephys.nwb,CA1,1,LtoR,29,57,0.2287647924119085,0.03157462887719709,0.39979346773177377,False,85,27,13.868589333333148,18.16155586027564,18.858794804551607,0.414985590778098
M01,sub-M01_ses-20240313T100000_behavior+ecephys.nwb,CA1,1,LtoR,30,59,0.28289524360158413,0.022363125249556894,0.5240164089279119,False,85,27,28.326515359477526,16.83040604648645,9.430639678790374,0.23413258110014104
M01,sub-M01_ses-20240313T100000_behavior+ecephys.nwb,CA1,1,LtoR,31,61,0.1721026058889577,-0.00933773881641264,0.37819814650570205,True,85,27,16.547413999999662,14.275718571016553,11.574914342151374,0.4746987951807229
M01,sub-M01_ses-20240313T100000_behavior+ecephys.nwb,CA1,1,LtoR,32,63,0.35392419655706764,0.1904889410892959,0.5232804367439321,True,85,27,53.492358823528775,11.300939941548888,8.443428953906968,0.19955156950672645
M01,sub-M01_ses-20240313T100000_behavior+ecephys.nwb,CA1,1,LtoR,33,65,0.3561130470505064,0.16697069850783744,0.5142214480006646,True,85,27,13.9229595374145,17.926862113736572,18.212536444645124,0.44571428571428573
M01,sub-M01_ses-20240313T100000_behavior+ecephys.nwb,CA1,1,LtoR,34,67,0.3262401054707755,0.09670349015926274,0.48953480471908795,True,85,27,27.65559278911587,15.695195138638928,7.326323018461101,0.2702312138728324
M01,sub-M01_ses-20240313T100000_behavior+ecephys.nwb,CA1,1,LtoR,35,69,0.3431780953252469,0.1616910871277829,0.5355318036488053,True,85,27,28.896044666666967,12.301899536508188,9.773033529571997,0.31077348066298344
M01,sub-M01_ses-20240313T100000_behavior+ecephys.nwb,CA1,1,LtoR,36,71,0.28643673058051977,0.05593305188787822,0.4710565036206902,True,85,27,12.579092353741544,18.761062242566215,12.562703821128624,0.4778481012658228
M01,sub-M01_ses-20240313T100000_behavior+ecephys.nwb,CA1,1,LtoR,37,73,0.38353061456849785,0.1566366153950923,0.531625715372969,True,85,27,20.71759659863892,18.92328420696981,17.920783151386814,0.2799227799227799
M01,sub-M01_ses-20240313T100000_behavior+ecephys.nwb,CA1,1,LtoR,38,75,0.2806647317504605,0.1404702756275099,0.42479576420398196,True,85,27,34.81257000000005,10.210454022617267,6.366153558260377,0.365097588978186
M01,sub-M01_ses-20240313T100000_behavior+ecephys.nwb,CA1,1,LtoR,39,77,0.30403998014440015,0.10194613026129341,0.4787895591214133,True,85,27,12.55047999999988,15.297665090931472,13.541582296092912,0.5682539682539682
M01,sub-M01_ses-20240313T100000_behavior+ecephys.nwb,CA1,1,LtoR,40,79,0.3822353605094817,0.2829690199828771,0.4904526485636864,True,85,27,23.901640000000953,11.933100800907878,6.502940711277045,0.4090150250417362
M01,sub-M01_ses-20240313T100000_behavior+ecephys.nwb,CA1,1,RtoL,1,2,0.28903978375495887,0.07105782662276698,0.4677280220615674,False,85,27,39.321626470587944,8.954319490392932,8.28629845179217,0.30589430894308944
M01,sub-M01_ses-20240313T100000_behavior+ecephys.nwb,CA1,1,RtoL,2,4,0.3420294515038005,0.17602585315288274,0.4994543908971789,False,85,27,31.05566599999929,14.280424305337265,11.790744497601693,0.24195624195624196
M01,sub-M01_ses-20240313T100000_behavior+ecephys.nwb,CA1,1,RtoL,3,6,0.34020579518366945,0.13887202405101967,0.5428842845169756,False,85,27,14.38909333333413,14.936937966683562,12.763935578980224,0.5041551246537396
M01,sub-M01_ses-20240313T100000_behavior+ecephys.nwb,CA1,1,RtoL,4,8,0.31019926709881307,0.13482269284294882,0.5058638158760025,False,85,27,18.736477124182784,15.170761784466022,12.545716014778158,0.39361702127659576
M01,sub-M01_ses-20240313T100000_behavior+ecephys.nwb,CA1,1,RtoL,5,10,0.36138823256677516,0.1426837176360881,0.5432570218955014,False,85,27,19.77557862745107,19.045225364173575,16.366955710178544,0.29494949494949496
M01,sub-M01_ses-20240313T100000_behavior+ecephys.nwb,CA1,1,RtoL,6,12,0.3042828702413825,0.11337902614564627,0.5339726040592248,False,85,27,17.666424000000006,17.05769597646356,10.393024144192658,0.37020316027088035
M01,sub-M01_ses-20240313T100000_behavior+ecephys.nwb,CA1,1,RtoL,7,14,0.29814890168034675,0.08071659443100819,0.5266587293828402,False,85,27,15.668272000000798,17.404108029178687,17.14270763536339,0.3994910941475827
M01,sub-M01_ses-20240313T100000_behavior+ecephys.nwb,CA1,1,RtoL,8,16,0.2354985547297577,0.05971824118517172,0.4440493300222808,False,85,27,21.623260666667193,13.28415178049191,12.73979249510835,0.36414048059149723
M01,sub-M01_ses-20240313T100000_behavior+ecephys.nwb,CA1,1,RtoL,9,18,0.31683004352000604,0.13818813637154392,0.5140536288600126,False,85,27,9.923942980391985,22.424314775628723,20.135622526786374,0.484
M01,sub-M01_ses-20240313T100000_behavior+ecephys.nwb,CA1,1,RtoL,10,20,0.29744310895364695,0.08161215677617613,0.5131532026815288,False,85,27,15.268365333334259,19.52236029937765,15.532159922508642,0.36553524804177545
M01,sub-M01_ses-20240313T100000_behavior+ecephys.nwb,CA1,1,RtoL,11,22,0.32298615358318516,0.12264988289421373,0.4782819013481329,False,85,27,10.98646203921453,22.616624269312187,20.945693285917436,0.427536231884058
M01,sub-M01_ses-20240313T100000_behavior+ecephys.nwb,CA1,1,RtoL,12,24,0.33528194115959675,0.17313580106933837,0.49915083159457324,False,85,27,13.09116792156874,23.18404788331943,25.91272683943483,0.3475609756097561
M01,sub-M01_ses-20240313T100000_behavior+ecephys.nwb,CA1,1,RtoL,13,26,0.3690006351168541,0.1709607265344178,0.5538781021757546,False,85,27,16.547189333333336,19.709763263345103,13.884501826147659,0.35903614457831323
M01,sub-M01_ses-20240313T100000_behavior+ecephys.nwb,CA1,1,RtoL,14,28,0.3392322863409172,0.1053431196423756,0.5112916856892513,False,85,27,10.511830000000373,23.339486699699425,25.779661062497134,0.42424242424242425
M01,sub-M01_ses-20240313T100000_behavior+ecephys.nwb,CA1,1,RtoL,15,30,0.4257406672591224,0.19729249653929387,0.6150225571612632,False,85,27,13.980236190476717,19.245498777906565,15.872921486343031,0.39316239316239315
M01,sub-M01_ses-20240313T100000_behavior+ecephys.nwb,CA1,1,RtoL,16,32,0.3194414621481835,0.09658189120998181,0.5062154972396247,False,85,27,16.227186666666057,21.80895915065088,16.404338309746755,0.29484029484029484
M01,sub-M01_ses-20240313T100000_behavior+ecephys.nwb,CA1,1,RtoL,17,34,0.2407638734049944,0.0212590330604363,0.4680895177828868,False,85,27,9.530825098039713,23.428185790714835,23.384915806238773,0.46443514644351463
M01,sub-M01_ses-20240313T100000_behavior+ecephys.nwb,CA1,1,RtoL,18,36,0.35110763269292056,0.15167369372918282,0.5175283648816944,False,85,27,17.106786666667176,16.096840117386066,6.202726189740993,0.4195804195804196
M01,sub-M01_ses-20240313T100000_behavior+ecephys.nwb,CA1,1,RtoL,19,38,0.4560476904830084,0.24701098851944836,0.6445351100709068,False,85,27,15.748046666667506,19.880842750252167,13.247703748750396,0.35279187817258884
M01,sub-M01_ses-20240313T100000_behavior+ecephys.nwb,CA1,1,RtoL,20,40,0.34320457569435736,0.1450915648681424,0.5185823721513635,False,85,27,8.483924136054156,22.045286709883378,18.665981212265038,0.5446009389671361
M01,sub-M01_ses-20240313T100000_behavior+ecephys.nwb,CA1,1,RtoL,21,42,0.40703104305727167,0.16819263724185823,0.5904927772145825,False,85,27,11.479652220888966,16.704206650779703,8.887701426724933,0.5520833333333334
M01,sub-M01_ses-20240313T100000_behavior+ecephys.nwb,CA1,1,RtoL,22,44,0.3038833439028054,0.12456529114999283,0.47968654022615853,False,85,27,9.626003921568554,20.625358845915642,17.980999842463614,0.5186721991701245
M01,sub-M01_ses-20240313T100000_behavior+ecephys.nwb,CA1,1,RtoL,23,46,0.27781270638164407,0.1348062570418427,0.4154858112202615,False,85,27,6.715265333333264,28.457963115369747,31.38983710419925,0.5238095238095238
M01,sub-M01_ses-20240313T100000_behavior+ecephys.nwb,CA1,1,RtoL,24,48,0.3298559147577088,0.15446094921071055,0.5156898837768038,False,85,27,21.68896510204104,22.456629590870236,19.395776201666294,0.2177121771217712
M01,sub-M01_ses-20240313T100000_behavior+ecephys.nwb,CA1,1,RtoL,25,50,0.3460550285228339,0.1909878371959872,0.5091902220737818,False,85,27,15.747326666666595,21.113345045511394,16.599332508808175,0.32741116751269034
M01,sub-M01_ses-20240313T100000_behavior+ecephys.nwb,CA1,1,RtoL,26,52,0.3573050939637158,0.18455706731552018,0.5282929472867168,False,85,27,22.622057333333032,16.80182111151934,12.909999888132798,0.2874779541446208
M01,sub-M01_ses-20240313T100000_behavior+ecephys.nwb,CA1,1,RtoL,27,54,0.4046898427388629,0.22531046023786955,0.5687692706690426,False,85,27,20.624652000000424,15.801943039846195,4.7863531614085275,0.3430232558139535
M01,sub-M01_ses-20240313T100000_behavior+ecephys.nwb,CA1,1,RtoL,28,56,0.48832174966276864,0.3533196147117685,0.5956641613749758,False,85,27,19.704994666665698,16.467316113469277,15.484217253962493,0.340080971659919
M01,sub-M01_ses-20240313T100000_behavior+ecephys.nwb,CA1,1,RtoL,29,58,0.3099503219113583,0.09146425439531641,0.544248295385286,False,85,27,13.600567973856414,17.726001086662254,14.475711057144444,0.4473684210526316
M01,sub-M01_ses-20240313T100000_behavior+ecephys.nwb,CA1,1,RtoL,30,60,0.38524905391479436,0.21502657771593514,0.5474550241514103,False,85,27,15.587166666667144,21.934437126710673,22.011828893729323,0.3153846153846154
M01,sub-M01_ses-20240313T100000_behavior+ecephys.nwb,CA1,1,RtoL,31,62,0.3625573153338989,0.18586636017415953,0.5686431812448857,True,85,27,18.73167717647084,22.99262007512972,21.04176638442684,0.24946695095948826
M01,sub-M01_ses-20240313T100000_behavior+ecephys.nwb,CA1,1,RtoL,32,64,0.3309705709794739,0.18165723708637418,0.48986081673185133,True,85,27,18.505084000000352,18.547371944733957,18.91811823258486,0.3081896551724138
M01,sub-M01_ses-20240313T100000_behavior+ecephys.nwb,CA1,1,RtoL,33,66,0.3305428853308151,0.0881184190492684,0.5525348202652415,True,85,27,15.417150340136686,24.849823194280745,21.247282446189768,0.2772020725388601
M01,sub-M01_ses-20240313T100000_behavior+ecephys.nwb,CA1,1,RtoL,34,68,0.3916674098772104,0.2571555753053648,0.5590162893793176,True,85,27,14.269185333332643,23.30665807706504,22.742957096802044,0.31564245810055863
M01,sub-M01_ses-20240313T100000_behavior+ecephys.nwb,CA1,1,RtoL,35,70,0.432080277173883,0.24673838629970593,0.6120970668197363,True,85,27,21.51503231292463,17.21967868419967,11.311755478155684,0.3141263940520446
M01,sub-M01_ses-20240313T100000_behavior+ecephys.nwb,CA1,1,RtoL,36,72,0.37458480478843814,0.25501390920918054,0.49556015074400406,True,85,27,23.555657306123067,18.012993374733238,19.183284247368448,0.2677966101694915
M01,sub-M01_ses-20240313T100000_behavior+ecephys.nwb,CA1,1,RtoL,37,74,0.3558035805003184,0.1536493836461042,0.5065568248911053,True,85,27,13.96055476190486,20.47976931228316,12.068742728639144,0.3903133903133903
M01,sub-M01_ses-20240313T100000_behavior+ecephys.nwb,CA1,1,RtoL,38,76,0.37971620272199746,0.19319715309959287,0.5885799961450527,True,85,27,25.94033000000036,15.057946822833081,7.747873919914568,0.2896764252696456
M01,sub-M01_ses-20240313T100000_behavior+ecephys.nwb,CA1,1,RtoL,39,78,0.26437678750062266,0.12329852973714985,0.4259262187907197,True,85,27,26.858606666665764,12.51825760269628,5.634196125856062,0.3854166666666667
M01,sub-M01_ses-20240313T100000_behavior+ecephys.nwb,CA1,1,RtoL,40,80,0.3615860933053924,0.19648557272542483,0.5462996772890579,True,85,27,34.098756666666304,13.765545128436967,5.068811934892282,0.25878220140515223
M01,sub-M01_ses-20240313T100000_behavior+ecephys.nwb,CA3,1,LtoR,1,1,0.0290881509169855,0.02908815091698547,0.029088150916985547,False,27,27,29.563623529411416,8.03318635158209,6.525704486925706,0.395128552097429
M01,sub-M01_ses-20240313T100000_behavior+ecephys.nwb,CA3,1,LtoR,2,3,0.2281375901578658,0.2281375901578657,0.22813759015786592,False,27,27,24.541660000000775,10.641378507368696,10.631473104664462,0.42276422764227645
M01,sub-M01_ses-20240313T100000_behavior+ecephys.nwb,CA3,1,LtoR,3,5,0.28693133831487055,0.2869313383148703,0.2869313383148707,False,27,27,33.45363199999974,10.694301320685236,10.888083256171132,0.3237753882915173
M01,sub-M01_ses-20240313T100000_behavior+ecephys.nwb,CA3,1,LtoR,4,7,0.1352118286842033,0.13521182868420323,0.13521182868420337,False,27,27,14.325265333332936,14.831675644026369,18.371549154156348,0.5181058495821727
M01,sub-M01_ses-20240313T100000_behavior+ecephys.nwb,CA3,1,LtoR,5,9,0.34548697784133564,0.34548697784133536,0.34548697784133586,False,27,27,27.050646209150727,13.929760053567295,11.651486250359566,0.2865583456425406
M01,sub-M01_ses-20240313T100000_behavior+ecephys.nwb,CA3,1,LtoR,6,11,0.2690741275240778,0.26907412752407767,0.2690741275240779,False,27,27,14.157994039215737,17.456709088944436,21.661522548763713,0.43380281690140843
M01,sub-M01_ses-20240313T100000_behavior+ecephys.nwb,CA3,1,LtoR,7,13,0.28820704147860654,0.28820704147860643,0.2882070414786067,False,27,27,18.585281333333114,12.524090946751606,10.456077720512992,0.4881720430107527
M01,sub-M01_ses-20240313T100000_behavior+ecephys.nwb,CA3,1,LtoR,8,15,0.22158468202134476,0.22158468202134465,0.22158468202134488,False,27,27,22.021889333332183,13.563275451700099,9.982408481348969,0.3713768115942029
M01,sub-M01_ses-20240313T100000_behavior+ecephys.nwb,CA3,1,LtoR,9,17,0.3071512213967361,0.30715122139673584,0.3071512213967363,False,27,27,26.24835901960796,13.093448543519921,10.870300789230466,0.3226788432267884
M01,sub-M01_ses-20240313T100000_behavior+ecephys.nwb,CA3,1,LtoR,10,19,0.2569744759049648,0.25697447590496464,0.25697447590496497,False,27,27,17.426042666666035,17.968733684175145,23.195512631621156,0.3463302752293578
M01,sub-M01_ses-20240313T100000_behavior+ecephys.nwb,CA3,1,LtoR,11,21,0.17831785261515906,0.17831785261515898,0.17831785261515917,False,27,27,18.025936,15.909268475775155,15.4503916199686,0.37472283813747226
M01,sub-M01_ses-20240313T100000_behavior+ecephys.nwb,CA3,1,LtoR,12,23,0.4025874284146886,0.4025874284146883,0.4025874284146888,False,27,27,23.58573796078508,16.76464276911377,17.190619915518234,0.2707275803722504
M01,sub-M01_ses-20240313T100000_behavior+ecephys.nwb,CA3,1,LtoR,13,25,0.24296511644024169,0.24296511644024152,0.24296511644024185,False,27,27,7.532342745097594,22.339896094605383,25.841852756466018,0.6243386243386243
M01,sub-M01_ses-20240313T100000_behavior+ecephys.nwb,CA3,1,LtoR,14,27,0.31825748505762425,0.31825748505762413,0.3182574850576244,False,27,27,14.788784000000305,18.20196969256002,19.61294346405152,0.39622641509433965
M01,sub-M01_ses-20240313T100000_behavior+ecephys.nwb,CA3,1,LtoR,15,29,0.3284922960948288,0.32849229609482844,0.32849229609482894,False,27,27,11.231656666665913,19.960719361980676,20.05754342439125,0.47686832740213525
M01,sub-M01_ses-20240313T100000_behavior+ecephys.nwb,CA3,1,LtoR,16,31,0.3703818511584725,0.3703818511584722,0.37038185115847266,False,27,27,13.397473809523945,16.60940228486122,11.052493620162753,0.49702380952380953
M01,sub-M01_ses-20240313T100000_behavior+ecephys.nwb,CA3,1,LtoR,17,33,0.3692351136923351,0.36923511369233486,0.3692351136923353,False,27,27,17.68775156862739,12.853342017325188,7.492821873051315,0.49209932279909707
M01,sub-M01_ses-20240313T100000_behavior+ecephys.nwb,CA3,1,LtoR,18,35,0.31916271239680305,0.3191627123968029,0.3191627123968032,False,27,27,11.990899999999783,16.760498219001636,14.660294642665983,0.5481727574750831
M01,sub-M01_ses-20240313T100000_behavior+ecephys.nwb,CA3,1,LtoR,19,37,0.31354808577034,0.3135480857703398,0.31354808577034016,False,27,27,19.863923333332423,17.57370891120622,10.090611743781956,0.3232931726907631
M01,sub-M01_ses-20240313T100000_behavior+ecephys.nwb,CA3,1,LtoR,20,39,0.3260029668334252,0.32600296683342495,0.32600296683342544,False,27,27,48.76197933333333,12.15223366496257,6.649795118660943,0.24754098360655738
M01,sub-M01_ses-20240313T100000_behavior+ecephys.nwb,CA3,1,LtoR,21,41,0.289065222480371,0.28906522248037086,0.2890652224803711,False,27,27,11.500744897958612,18.954886419172215,21.693017453714003,0.5051903114186851
M01,sub-M01_ses-20240313T100000_behavior+ecephys.nwb,CA3,1,LtoR,22,43,0.4459548214013655,0.4459548214013652,0.4459548214013658,False,27,27,16.104658823529462,15.903077381920593,12.115337730416693,0.44801980198019803
M01,sub-M01_ses-20240313T100000_behavior+ecephys.nwb,CA3,1,LtoR,23,45,0.18480871414803662,0.18480871414803654,0.18480871414803673,False,27,27,59.39290799999981,9.38313837269293,6.129925192298697,0.22005383580080753
M01,sub-M01_ses-20240313T100000_behavior+ecephys.nwb,CA3,1,LtoR,24,47,0.40287995288567907,0.40287995288567885,0.4028799528856794,False,27,27,12.190849999999955,18.239475045839068,17.044597751484275,0.46254071661237783
M01,sub-M01_ses-20240313T100000_behavior+ecephys.nwb,CA3,1,LtoR,25,49,0.3842488904622709,0.38424889046227073,0.38424889046227106,False,27,27,8.087318231292556,22.524948604665436,25.80307321786552,0.5882352941176471
M01,sub-M01_ses-20240313T100000_behavior+ecephys.nwb,CA3,1,LtoR,26,51,0.2315674117478124,0.23156741174781226,0.23156741174781248,False,27,27,40.608156000000236,10.925771130988858,7.790440250077777,0.3028515240904621
M01,sub-M01_ses-20240313T100000_behavior+ecephys.nwb,CA3,1,LtoR,27,53,0.43495201112624177,0.43495201112624154,0.434952011126242,False,27,27,30.216194666666524,17.51886769459147,9.017059596573596,0.21164021164021163
M01,sub-M01_ses-20240313T100000_behavior+ecephys.nwb,CA3,1,LtoR,28,55,0.33542467596951825,0.33542467596951797,0.3354246759695184,False,27,27,16.86652266666715,18.53429049199352,16.20320695724761,0.3617021276595745
M01,sub-M01_ses-20240313T100000_behavior+ecephys.nwb,CA3,1,LtoR,29,57,0.2951364834928101,0.2951364834928099,0.2951364834928102,False,27,27,13.868589333333148,18.16155586027564,18.858794804551607,0.414985590778098
M01,sub-M01_ses-20240313T100000_behavior+ecephys.nwb,CA3,1,LtoR,30,59,0.39646632606274795,0.39646632606274784,0.3964663260627483,False,27,27,28.326515359477526,16.83040604648645,9.430639678790374,0.23413258110014104
M01,sub-M01_ses-20240313T100000_behavior+ecephys.nwb,CA3,1,LtoR,31,61,0.3024474156058709,0.3024474156058708,0.3024474156058711,True,27,27,16.547413999999662,14.275718571016553,11.574914342151374,0.4746987951807229
M01,sub-M01_ses-20240313T100000_behavior+ecephys.nwb,CA3,1,LtoR,32,63,0.28631842163962434,0.2863184216396242,0.28631842163962445,True,27,27,53.492358823528775,11.300939941548888,8.443428953906968,0.19955156950672645
M01,sub-M01_ses-20240313T100000_behavior+ecephys.nwb,CA3,1,LtoR,33,65,0.2595850707719624,0.25958507077196225,0.2595850707719625,True,27,27,13.9229595374145,17.926862113736572,18.212536444645124,0.44571428571428573
M01,sub-M01_ses-20240313T100000_behavior+ecephys.nwb,CA3,1,LtoR,34,67,0.3424683706767258,0.34246837067672564,0.34246837067672603,True,27,27,27.65559278911587,15.695195138638928,7.326323018461101,0.2702312138728324
M01,sub-M01_ses-20240313T100000_behavior+ecephys.nwb,CA3,1,LtoR,35,69,0.37153031375447815,0.3715303137544779,0.3715303137544783,True,27,27,28.896044666666967,12.301899536508188,9.773033529571997,0.31077348066298344
M01,sub-M01_ses-20240313T100000_behavior+ecephys.nwb,CA3,1,LtoR,36,71,0.2514473262671713,0.2514473262671712,0.2514473262671715,True,27,27,12.579092353741544,18.761062242566215,12.562703821128624,0.4778481012658228
M01,sub-M01_ses-20240313T100000_behavior+ecephys.nwb,CA3,1,LtoR,37,73,0.3950066438329948,0.39500664383299466,0.3950066438329951,True,27,27,20.71759659863892,18.92328420696981,17.920783151386814,0.2799227799227799
M01,sub-M01_ses-20240313T100000_behavior+ecephys.nwb,CA3,1,LtoR,38,75,0.35211851035527786,0.35211851035527764,0.35211851035527797,True,27,27,34.81257000000005,10.210454022617267,6.366153558260377,0.365097588978186
M01,sub-M01_ses-20240313T100000_behavior+ecephys.nwb,CA3,1,LtoR,39,77,0.37959727952176314,0.379597279521763,0.3795972795217633,True,27,27,12.55047999999988,15.297665090931472,13.541582296092912,0.5682539682539682
M01,sub-M01_ses-20240313T100000_behavior+ecephys.nwb,CA3,1,LtoR,40,79,0.31763872398445325,0.3176387239844531,0.3176387239844534,True,27,27,23.901640000000953,11.933100800907878,6.502940711277045,0.4090150250417362
M01,sub-M01_ses-20240313T100000_behavior+ecephys.nwb,CA3,1,RtoL,1,2,0.11759650978472085,0.11759650978472076,0.11759650978472092,False,27,27,39.321626470587944,8.954319490392932,8.28629845179217,0.30589430894308944
M01,sub-M01_ses-20240313T100000_behavior+ecephys.nwb,CA3,1,RtoL,2,4,0.3866221813822964,0.38662218138229626,0.38662218138229654,False,27,27,31.05566599999929,14.280424305337265,11.790744497601693,0.24195624195624196
M01,sub-M01_ses-20240313T100000_behavior+ecephys.nwb,CA3,1,RtoL,3,6,0.18957512809527235,0.18957512809527227,0.18957512809527247,False,27,27,14.38909333333413,14.936937966683562,12.763935578980224,0.5041551246537396
M01,sub-M01_ses-20240313T100000_behavior+ecephys.nwb,CA3,1,RtoL,4,8,0.3245392855804378,0.32453928558043765,0.32453928558043793,False,27,27,18.736477124182784,15.170761784466022,12.545716014778158,0.39361702127659576
M01,sub-M01_ses-20240313T100000_behavior+ecephys.nwb,CA3,1,RtoL,5,10,0.22444625782437855,0.22444625782437846,0.22444625782437863,False,27,27,19.77557862745107,19.045225364173575,16.366955710178544,0.29494949494949496
M01,sub-M01_ses-20240313T100000_behavior+ecephys.nwb,CA3,1,RtoL,6,12,0.2886430737692919,0.2886430737692918,0.288643073769292,False,27,27,17.666424000000006,17.05769597646356,10.393024144192658,0.37020316027088035
M01,sub-M01_ses-20240313T100000_behavior+ecephys.nwb,CA3,1,RtoL,7,14,0.18145740206263342,0.18145740206263336,0.18145740206263347,False,27,27,15.668272000000798,17.404108029178687,17.14270763536339,0.3994910941475827
M01,sub-M01_ses-20240313T100000_behavior+ecephys.nwb,CA3,1,RtoL,8,16,0.2375835617347849,0.2375835617347848,0.23758356173478498,False,27,27,21.623260666667193,13.28415178049191,12.73979249510835,0.36414048059149723
M01,sub-M01_ses-20240313T100000_behavior+ecephys.nwb,CA3,1,RtoL,9,18,0.31151959430760723,0.31151959430760706,0.3115195943076074,False,27,27,9.923942980391985,22.424314775628723,20.135622526786374,0.484
M01,sub-M01_ses-20240313T100000_behavior+ecephys.nwb,CA3,1,RtoL,10,20,0.18601833513282928,0.18601833513282923,0.18601833513282942,False,27,27,15.268365333334259,19.52236029937765,15.532159922508642,0.36553524804177545
M01,sub-M01_ses-20240313T100000_behavior+ecephys.nwb,CA3,1,RtoL,11,22,0.20388012018132043,0.20388012018132032,0.2038801201813205,False,27,27,10.98646203921453,22.616624269312187,20.945693285917436,0.427536231884058
M01,sub-M01_ses-20240313T100000_behavior+ecephys.nwb,CA3,1,RtoL,12,24,0.19089027668353936,0.19089027668353928,0.19089027668353942,False,27,27,13.09116792156874,23.18404788331943,25.91272683943483,0.3475609756097561
M01,sub-M01_ses-20240313T100000_behavior+ecephys.nwb,CA3,1,RtoL,13,26,0.21726399238558852,0.21726399238558844,0.2172639923855886,False,27,27,16.547189333333336,19.709763263345103,13.884501826147659,0.35903614457831323
M01,sub-M01_ses-20240313T100000_behavior+ecephys.nwb,CA3,1,RtoL,14,28,0.21508021924945683,0.21508021924945678,0.21508021924945692,False,27,27,10.511830000000373,23.339486699699425,25.779661062497134,0.42424242424242425
M01,sub-M01_ses-20240313T100000_behavior+ecephys.nwb,CA3,1,RtoL,15,30,0.23019972058872862,0.23019972058872853,0.2301997205887287,False,27,27,13.980236190476717,19.245498777906565,15.872921486343031,0.39316239316239315
M01,sub-M01_ses-20240313T100000_behavior+ecephys.nwb,CA3,1,RtoL,16,32,0.33155500347686717,0.331555003476867,0.3315550034768673,False,27,27,16.227186666666057,21.80895915065088,16.404338309746755,0.29484029484029484
M01,sub-M01_ses-20240313T100000_behavior+ecephys.nwb,CA3,1,RtoL,17,34,0.3727682254440437,0.3727682254440436,0.3727682254440438,False,27,27,9.530825098039713,23.428185790714835,23.384915806238773,0.46443514644351463
M01,sub-M01_ses-20240313T100000_behavior+ecephys.nwb,CA3,1,RtoL,18,36,0.33204162052638064,0.33204162052638053,0.3320416205263807,False,27,27,17.106786666667176,16.096840117386066,6.202726189740993,0.4195804195804196
M01,sub-M01_ses-20240313T100000_behavior+ecephys.nwb,CA3,1,RtoL,19,38,0.2771136844067672,0.27711368440676704,0.27711368440676737,False,27,27,15.748046666667506,19.880842750252167,13.247703748750396,0.35279187817258884
M01,sub-M01_ses-20240313T100000_behavior+ecephys.nwb,CA3,1,RtoL,20,40,0.26489239029829775,0.26489239029829764,0.2648923902982978,False,27,27,8.483924136054156,22.045286709883378,18.665981212265038,0.5446009389671361
M01,sub-M01_ses-20240313T100000_behavior+ecephys.nwb,CA3,1,RtoL,21,42,0.31623979184703066,0.3162397918470304,0.3162397918470308,False,27,27,11.479652220888966,16.704206650779703,8.887701426724933,0.5520833333333334
M01,sub-M01_ses-20240313T100000_behavior+ecephys.nwb,CA3,1,RtoL,22,44,0.2439312724878438,0.24393127248784371,0.24393127248784388,False,27,27,9.626003921568554,20.625358845915642,17.980999842463614,0.5186721991701245
M01,sub-M01_ses-20240313T100000_behavior+ecephys.nwb,CA3,1,RtoL,23,46,0.28707861180433314,0.287078611804333,0.2870786118043333,False,27,27,6.715265333333264,28.457963115369747,31.38983710419925,0.5238095238095238
M01,sub-M01_ses-20240313T100000_behavior+ecephys.nwb,CA3,1,RtoL,24,48,0.1980323802701078,0.19803238027010775,0.1980323802701079,False,27,27,21.68896510204104,22.456629590870236,19.395776201666294,0.2177121771217712
M01,sub-M01_ses-20240313T100000_behavior+ecephys.nwb,CA3,1,RtoL,25,50,0.3595054161859338,0.35950541618593357,0.35950541618593396,False,27,27,15.747326666666595,21.113345045511394,16.599332508808175,0.32741116751269034
M01,sub-M01_ses-20240313T100000_behavior+ecephys.nwb,CA3,1,RtoL,26,52,0.11002719202499281,0.11002719202499275,0.11002719202499288,False,27,27,22.622057333333032,16.80182111151934,12.909999888132798,0.2874779541446208
M01,sub-M01_ses-20240313T100000_behavior+ecephys.nwb,CA3,1,RtoL,27,54,0.2765857002669038,0.2765857002669037,0.27658570026690393,False,27,27,20.624652000000424,15.801943039846195,4.7863531614085275,0.3430232558139535
M01,sub-M01_ses-20240313T100000_behavior+ecephys.nwb,CA3,1,RtoL,28,56,0.2732394093817232,0.2732394093817231,0.2732394093817233,False,27,27,19.704994666665698,16.467316113469277,15.484217253962493,0.340080971659919
M01,sub-M01_ses-20240313T100000_behavior+ecephys.nwb,CA3,1,RtoL,29,58,0.33223528466337315,0.33223528466337304,0.33223528466337326,False,27,27,13.600567973856414,17.726001086662254,14.475711057144444,0.4473684210526316
M01,sub-M01_ses-20240313T100000_behavior+ecephys.nwb,CA3,1,RtoL,30,60,0.4329600064867631,0.43296000648676275,0.43296000648676314,False,27,27,15.587166666667144,21.934437126710673,22.011828893729323,0.3153846153846154
M01,sub-M01_ses-20240313T100000_behavior+ecephys.nwb,CA3,1,RtoL,31,62,0.26997128204865034,0.2699712820486503,0.26997128204865045,True,27,27,18.73167717647084,22.99262007512972,21.04176638442684,0.24946695095948826
M01,sub-M01_ses-20240313T100000_behavior+ecephys.nwb,CA3,1,RtoL,32,64,0.2567946671598302,0.25679466715983007,0.2567946671598303,True,27,27,18.505084000000352,18.547371944733957,18.91811823258486,0.3081896551724138
M01,sub-M01_ses-20240313T100000_behavior+ecephys.nwb,CA3,1,RtoL,33,66,0.3627215911438015,0.36272159114380137,0.3627215911438017,True,27,27,15.417150340136686,24.849823194280745,21.247282446189768,0.2772020725388601
M01,sub-M01_ses-20240313T100000_behavior+ecephys.nwb,CA3,1,RtoL,34,68,0.3269824371010377,0.3269824371010376,0.32698243710103786,True,27,27,14.269185333332643,23.30665807706504,22.742957096802044,0.31564245810055863
M01,sub-M01_ses-20240313T100000_behavior+ecephys.nwb,CA3,1,RtoL,35,70,0.15595200793371738,0.1559520079337173,0.15595200793371747,True,27,27,21.51503231292463,17.21967868419967,11.311755478155684,0.3141263940520446
M01,sub-M01_ses-20240313T100000_behavior+ecephys.nwb,CA3,1,RtoL,36,72,0.2881231939876077,0.28812319398760766,0.28812319398760783,True,27,27,23.555657306123067,18.012993374733238,19.183284247368448,0.2677966101694915
M01,sub-M01_ses-20240313T100000_behavior+ecephys.nwb,CA3,1,RtoL,37,74,0.2849308589589117,0.28493085895891157,0.2849308589589118,True,27,27,13.96055476190486,20.47976931228316,12.068742728639144,0.3903133903133903
M01,sub-M01_ses-20240313T100000_behavior+ecephys.nwb,CA3,1,RtoL,38,76,0.16907545234612503,0.16907545234612492,0.16907545234612517,True,27,27,25.94033000000036,15.057946822833081,7.747873919914568,0.2896764252696456
M01,sub-M01_ses-20240313T100000_behavior+ecephys.nwb,CA3,1,RtoL,39,78,0.23185308343020375,0.23185308343020367,0.23185308343020383,True,27,27,26.858606666665764,12.51825760269628,5.634196125856062,0.3854166666666667
M01,sub-M01_ses-20240313T100000_behavior+ecephys.nwb,CA3,1,RtoL,40,80,0.17031170841560928,0.17031170841560922,0.17031170841560936,True,27,27,34.098756666666304,13.765545128436967,5.068811934892282,0.25878220140515223
M01,sub-M01_ses-20240313T100000_behavior+ecephys.nwb,RSC,1,LtoR,1,1,0.027592155376613765,-0.021941303852538393,0.07005665186664967,False,31,27,29.563623529411416,8.03318635158209,6.525704486925706,0.395128552097429
M01,sub-M01_ses-20240313T100000_behavior+ecephys.nwb,RSC,1,LtoR,2,3,0.08962384435055959,0.04945930648668417,0.13003788489222132,False,31,27,24.541660000000775,10.641378507368696,10.631473104664462,0.42276422764227645
M01,sub-M01_ses-20240313T100000_behavior+ecephys.nwb,RSC,1,LtoR,3,5,0.1431704429427203,0.08122245669261446,0.1771627387951417,False,31,27,33.45363199999974,10.694301320685236,10.888083256171132,0.3237753882915173
M01,sub-M01_ses-20240313T100000_behavior+ecephys.nwb,RSC,1,LtoR,4,7,0.11786485688931267,0.052970173342810234,0.15590226304323407,False,31,27,14.325265333332936,14.831675644026369,18.371549154156348,0.5181058495821727
M01,sub-M01_ses-20240313T100000_behavior+ecephys.nwb,RSC,1,LtoR,5,9,0.09062839455632574,0.05599890384332423,0.12799952481946877,False,31,27,27.050646209150727,13.929760053567295,11.651486250359566,0.2865583456425406
M01,sub-M01_ses-20240313T100000_behavior+ecephys.nwb,RSC,1,LtoR,6,11,0.10630196609491518,0.05244406912128445,0.15396185934478732,False,31,27,14.157994039215737,17.456709088944436,21.661522548763713,0.43380281690140843
M01,sub-M01_ses-20240313T100000_behavior+ecephys.nwb,RSC,1,LtoR,7,13,0.17021362972573603,0.12252875957924718,0.19241753245160922,False,31,27,18.585281333333114,12.524090946751606,10.456077720512992,0.4881720430107527
M01,sub-M01_ses-20240313T100000_behavior+ecephys.nwb,RSC,1,LtoR,8,15,0.11731950882398126,0.09179856327960777,0.13910937242527055,False,31,27,22.021889333332183,13.563275451700099,9.982408481348969,0.3713768115942029
M01,sub-M01_ses-20240313T100000_behavior+ecephys.nwb,RSC,1,LtoR,9,17,0.18665975385749084,0.12483834809020065,0.24370537589863234,False,31,27,26.24835901960796,13.093448543519921,10.870300789230466,0.3226788432267884
M01,sub-M01_ses-20240313T100000_behavior+ecephys.nwb,RSC,1,LtoR,10,19,0.1306133380152668,0.0651548045504282,0.16657509895407438,False,31,27,17.426042666666035,17.968733684175145,23.195512631621156,0.3463302752293578
M01,sub-M01_ses-20240313T100000_behavior+ecephys.nwb,RSC,1,LtoR,11,21,0.15257230822319168,0.0996971362490176,0.1848464386216604,False,31,27,18.025936,15.909268475775155,15.4503916199686,0.37472283813747226
M01,sub-M01_ses-20240313T100000_behavior+ecephys.nwb,RSC,1,LtoR,12,23,0.152026923587598,0.09961157920801451,0.1981806324432798,False,31,27,23.58573796078508,16.76464276911377,17.190619915518234,0.2707275803722504
M01,sub-M01_ses-20240313T100000_behavior+ecephys.nwb,RSC,1,LtoR,13,25,0.10100339740052691,0.05727177900526107,0.1406560775958123,False,31,27,7.532342745097594,22.339896094605383,25.841852756466018,0.6243386243386243
M01,sub-M01_ses-20240313T100000_behavior+ecephys.nwb,RSC,1,LtoR,14,27,0.16281444648906923,0.11992137234374103,0.19649903258264514,False,31,27,14.788784000000305,18.20196969256002,19.61294346405152,0.39622641509433965
M01,sub-M01_ses-20240313T100000_behavior+ecephys.nwb,RSC,1,LtoR,15,29,0.1296938141441605,0.07147803857265743,0.16106188915012998,False,31,27,11.231656666665913,19.960719361980676,20.05754342439125,0.47686832740213525
M01,sub-M01_ses-20240313T100000_behavior+ecephys.nwb,RSC,1,LtoR,16,31,0.22581400172579386,0.18421104923118092,0.2610436177821536,False,31,27,13.397473809523945,16.60940228486122,11.052493620162753,0.49702380952380953
M01,sub-M01_ses-20240313T100000_behavior+ecephys.nwb,RSC,1,LtoR,17,33,0.0979827737492942,0.059352198759253606,0.12266775237310941,False,31,27,17.68775156862739,12.853342017325188,7.492821873051315,0.49209932279909707
M01,sub-M01_ses-20240313T100000_behavior+ecephys.nwb,RSC,1,LtoR,18,35,0.19488461008132674,0.16449011891198956,0.2182544092954226,False,31,27,11.990899999999783,16.760498219001636,14.660294642665983,0.5481727574750831
M01,sub-M01_ses-20240313T100000_behavior+ecephys.nwb,RSC,1,LtoR,19,37,0.17986747372686535,0.14164508025984598,0.22741667521276165,False,31,27,19.863923333332423,17.57370891120622,10.090611743781956,0.3232931726907631
M01,sub-M01_ses-20240313T100000_behavior+ecephys.nwb,RSC,1,LtoR,20,39,0.20646829464521058,0.13779600814314957,0.24504897698184872,False,31,27,48.76197933333333,12.15223366496257,6.649795118660943,0.24754098360655738
M01,sub-M01_ses-20240313T100000_behavior+ecephys.nwb,RSC,1,LtoR,21,41,0.11187257539870339,0.04719101123118789,0.18088413364896508,False,31,27,11.500744897958612,18.954886419172215,21.693017453714003,0.5051903114186851
M01,sub-M01_ses-20240313T100000_behavior+ecephys.nwb,RSC,1,LtoR,22,43,0.26225616164935867,0.21826684116385375,0.29447255944003903,False,31,27,16.104658823529462,15.903077381920593,12.115337730416693,0.44801980198019803
M01,sub-M01_ses-20240313T100000_behavior+ecephys.nwb,RSC,1,LtoR,23,45,0.1773703512601167,0.15235337783689934,0.21715040113201134,False,31,27,59.39290799999981,9.38313837269293,6.129925192298697,0.22005383580080753
M01,sub-M01_ses-20240313T100000_behavior+ecephys.nwb,RSC,1,LtoR,24,47,0.2528831426885123,0.19693999230389553,0.28713935283614667,False,31,27,12.190849999999955,18.239475045839068,17.044597751484275,0.46254071661237783
M01,sub-M01_ses-20240313T100000_behavior+ecephys.nwb,RSC,1,LtoR,25,49,0.23105570703649336,0.18419591016681913,0.2654120880066625,False,31,27,8.087318231292556,22.524948604665436,25.80307321786552,0.5882352941176471
M01,sub-M01_ses-20240313T100000_behavior+ecephys.nwb,RSC,1,LtoR,26,51,0.08955978831965633,0.045905578177141346,0.13060148405206157,False,31,27,40.608156000000236,10.925771130988858,7.790440250077777,0.3028515240904621
M01,sub-M01_ses-20240313T100000_behavior+ecephys.nwb,RSC,1,LtoR,27,53,0.2426995968427394,0.2067151084675316,0.27640780541584536,False,31,27,30.216194666666524,17.51886769459147,9.017059596573596,0.21164021164021163
M01,sub-M01_ses-20240313T100000_behavior+ecephys.nwb,RSC,1,LtoR,28,55,0.2501432236023877,0.20683942249440515,0.2763133561047875,False,31,27,16.86652266666715,18.53429049199352,16.20320695724761,0.3617021276595745
M01,sub-M01_ses-20240313T100000_behavior+ecephys.nwb,RSC,1,LtoR,29,57,0.15554783784214835,0.11796841203991694,0.18996451864596572,False,31,27,13.868589333333148,18.16155586027564,18.858794804551607,0.414985590778098
M01,sub-M01_ses-20240313T100000_behavior+ecephys.nwb,RSC,1,LtoR,30,59,0.3370771040076163,0.24677916684165774,0.3674333840294902,False,31,27,28.326515359477526,16.83040604648645,9.430639678790374,0.23413258110014104
M01,sub-M01_ses-20240313T100000_behavior+ecephys.nwb,RSC,1,LtoR,31,61,0.15457968018961019,0.09885516017631797,0.18571466132527864,True,31,27,16.547413999999662,14.275718571016553,11.574914342151374,0.4746987951807229
M01,sub-M01_ses-20240313T100000_behavior+ecephys.nwb,RSC,1,LtoR,32,63,0.23017347139975078,0.17539044589569497,0.26285834745548414,True,31,27,53.492358823528775,11.300939941548888,8.443428953906968,0.19955156950672645
M01,sub-M01_ses-20240313T100000_behavior+ecephys.nwb,RSC,1,LtoR,33,65,0.3279534985313375,0.28044923113598497,0.3625324400402137,True,31,27,13.9229595374145,17.926862113736572,18.212536444645124,0.44571428571428573
M01,sub-M01_ses-20240313T100000_behavior+ecephys.nwb,RSC,1,LtoR,34,67,0.30731951175685024,0.23498654701554683,0.34813316638622827,True,31,27,27.65559278911587,15.695195138638928,7.326323018461101,0.2702312138728324
M01,sub-M01_ses-20240313T100000_behavior+ecephys.nwb,RSC,1,LtoR,35,69,0.19937983435642842,0.17363075388032786,0.22366518666626875,True,31,27,28.896044666666967,12.301899536508188,9.773033529571997,0.31077348066298344
M01,sub-M01_ses-20240313T100000_behavior+ecephys.nwb,RSC,1,LtoR,36,71,0.3261810077147007,0.2917886032249274,0.35762924826588516,True,31,27,12.579092353741544,18.761062242566215,12.562703821128624,0.4778481012658228
M01,sub-M01_ses-20240313T100000_behavior+ecephys.nwb,RSC,1,LtoR,37,73,0.24165643152828262,0.21692319161206838,0.27437251674924035,True,31,27,20.71759659863892,18.92328420696981,17.920783151386814,0.2799227799227799
M01,sub-M01_ses-20240313T100000_behavior+ecephys.nwb,RSC,1,LtoR,38,75,0.09989160971450904,0.054710544034584946,0.13630862250524858,True,31,27,34.81257000000005,10.210454022617267,6.366153558260377,0.365097588978186
M01,sub-M01_ses-20240313T100000_behavior+ecephys.nwb,RSC,1,LtoR,39,77,0.22410232333808017,0.16041307541344235,0.2803244265807926,True,31,27,12.55047999999988,15.297665090931472,13.541582296092912,0.5682539682539682
M01,sub-M01_ses-20240313T100000_behavior+ecephys.nwb,RSC,1,LtoR,40,79,0.23654003506551724,0.17464653869820682,0.2834305972758127,True,31,27,23.901640000000953,11.933100800907878,6.502940711277045,0.4090150250417362
M01,sub-M01_ses-20240313T100000_behavior+ecephys.nwb,RSC,1,RtoL,1,2,-0.01030668709006306,-0.045416940494032325,0.04150346707869278,False,31,27,39.321626470587944,8.954319490392932,8.28629845179217,0.30589430894308944
M01,sub-M01_ses-20240313T100000_behavior+ecephys.nwb,RSC,1,RtoL,2,4,0.14721598301781325,0.0890517459595626,0.17740326519419541,False,31,27,31.05566599999929,14.280424305337265,11.790744497601693,0.24195624195624196
M01,sub-M01_ses-20240313T100000_behavior+ecephys.nwb,RSC,1,RtoL,3,6,0.2000034070214216,0.1434403998635619,0.23355486870097608,False,31,27,14.38909333333413,14.936937966683562,12.763935578980224,0.5041551246537396
M01,sub-M01_ses-20240313T100000_behavior+ecephys.nwb,RSC,1,RtoL,4,8,0.22576206590123096,0.18210409041210016,0.26176449971018456,False,31,27,18.736477124182784,15.170761784466022,12.545716014778158,0.39361702127659576
M01,sub-M01_ses-20240313T100000_behavior+ecephys.nwb,RSC,1,RtoL,5,10,0.20673902751872233,0.1761156250149123,0.2306963594399793,False,31,27,19.77557862745107,19.045225364173575,16.366955710178544,0.29494949494949496
M01,sub-M01_ses-20240313T100000_behavior+ecephys.nwb,RSC,1,RtoL,6,12,0.24965490615105124,0.20014151752216192,0.2827062793252698,False,31,27,17.666424000000006,17.05769597646356,10.393024144192658,0.37020316027088035
M01,sub-M01_ses-20240313T100000_behavior+ecephys.nwb,RSC,1,RtoL,7,14,0.2785584777892912,0.2242464066435832,0.30741851656225755,False,31,27,15.668272000000798,17.404108029178687,17.14270763536339,0.3994910941475827
M01,sub-M01_ses-20240313T100000_behavior+ecephys.nwb,RSC,1,RtoL,8,16,0.17106561857177974,0.11191189482320305,0.21173384919915902,False,31,27,21.623260666667193,13.28415178049191,12.73979249510835,0.36414048059149723
M01,sub-M01_ses-20240313T100000_behavior+ecephys.nwb,RSC,1,RtoL,9,18,0.1870569332923243,0.1278234912476166,0.21466939341629343,False,31,27,9.923942980391985,22.424314775628723,20.135622526786374,0.484
M01,sub-M01_ses-20240313T100000_behavior+ecephys.nwb,RSC,1,RtoL,10,20,0.3047136781080403,0.25486766308219183,0.34816747422925287,False,31,27,15.268365333334259,19.52236029937765,15.532159922508642,0.36553524804177545
M01,sub-M01_ses-20240313T100000_behavior+ecephys.nwb,RSC,1,RtoL,11,22,0.25335696978700395,0.20167491489320538,0.2853221278327566,False,31,27,10.98646203921453,22.616624269312187,20.945693285917436,0.427536231884058
M01,sub-M01_ses-20240313T100000_behavior+ecephys.nwb,RSC,1,RtoL,12,24,0.1961245512554328,0.11512084911322847,0.2542364922598069,False,31,27,13.09116792156874,23.18404788331943,25.91272683943483,0.3475609756097561
M01,sub-M01_ses-20240313T100000_behavior+ecephys.nwb,RSC,1,RtoL,13,26,0.1643842835736422,0.10774597227109603,0.23865006756952517,False,31,27,16.547189333333336,19.709763263345103,13.884501826147659,0.35903614457831323
M01,sub-M01_ses-20240313T100000_behavior+ecephys.nwb,RSC,1,RtoL,14,28,0.2522847969899783,0.17439179626448933,0.30200105997218973,False,31,27,10.511830000000373,23.339486699699425,25.779661062497134,0.42424242424242425
M01,sub-M01_ses-20240313T100000_behavior+ecephys.nwb,RSC,1,RtoL,15,30,0.3195529802713208,0.26012090972343144,0.3532418888207698,False,31,27,13.980236190476717,19.245498777906565,15.872921486343031,0.39316239316239315
M01,sub-M01_ses-20240313T100000_behavior+ecephys.nwb,RSC,1,RtoL,16,32,0.20998361811742616,0.15881364793178124,0.26587203974352747,False,31,27,16.227186666666057,21.80895915065088,16.404338309746755,0.29484029484029484
M01,sub-M01_ses-20240313T100000_behavior+ecephys.nwb,RSC,1,RtoL,17,34,0.30083975222017256,0.2336310181561729,0.33874432999307763,False,31,27,9.530825098039713,23.428185790714835,23.384915806238773,0.46443514644351463
M01,sub-M01_ses-20240313T100000_behavior+ecephys.nwb,RSC,1,RtoL,18,36,0.311530232360223,0.22974575057328991,0.34069379186937865,False,31,27,17.106786666667176,16.096840117386066,6.202726189740993,0.4195804195804196
M01,sub-M01_ses-20240313T100000_behavior+ecephys.nwb,RSC,1,RtoL,19,38,0.24538689412116665,0.17054294571543618,0.2897808280428121,False,31,27,15.748046666667506,19.880842750252167,13.247703748750396,0.35279187817258884
M01,sub-M01_ses-20240313T100000_behavior+ecephys.nwb,RSC,1,RtoL,20,40,0.19918474067699893,0.13428856055199773,0.24660905811367362,False,31,27,8.483924136054156,22.045286709883378,18.665981212265038,0.5446009389671361
M01,sub-M01_ses-20240313T100000_behavior+ecephys.nwb,RSC,1,RtoL,21,42,0.24964227016227092,0.19239201507183168,0.2918393297780064,False,31,27,11.479652220888966,16.704206650779703,8.887701426724933,0.5520833333333334
M01,sub-M01_ses-20240313T100000_behavior+ecephys.nwb,RSC,1,RtoL,22,44,0.19146114371171954,0.0918690777123051,0.23765132734157443,False,31,27,9.626003921568554,20.625358845915642,17.980999842463614,0.5186721991701245
M01,sub-M01_ses-20240313T100000_behavior+ecephys.nwb,RSC,1,RtoL,23,46,0.2530112496915815,0.17713838515138602,0.29183841099435376,False,31,27,6.715265333333264,28.457963115369747,31.38983710419925,0.5238095238095238
M01,sub-M01_ses-20240313T100000_behavior+ecephys.nwb,RSC,1,RtoL,24,48,0.13744859285840028,0.09627790454886945,0.18030140497094502,False,31,27,21.68896510204104,22.456629590870236,19.395776201666294,0.2177121771217712
M01,sub-M01_ses-20240313T100000_behavior+ecephys.nwb,RSC,1,RtoL,25,50,0.2688644320374536,0.20143381689750336,0.3082234432945817,False,31,27,15.747326666666595,21.113345045511394,16.599332508808175,0.32741116751269034
M01,sub-M01_ses-20240313T100000_behavior+ecephys.nwb,RSC,1,RtoL,26,52,0.2695985217092671,0.23161149383515084,0.30019588607019143,False,31,27,22.622057333333032,16.80182111151934,12.909999888132798,0.2874779541446208
M01,sub-M01_ses-20240313T100000_behavior+ecephys.nwb,RSC,1,RtoL,27,54,0.2781313614475721,0.21492498515324585,0.3179475866581627,False,31,27,20.624652000000424,15.801943039846195,4.7863531614085275,0.3430232558139535
M01,sub-M01_ses-20240313T100000_behavior+ecephys.nwb,RSC,1,RtoL,28,56,0.333637014944704,0.27526650996661145,0.36090392167270935,False,31,27,19.704994666665698,16.467316113469277,15.484217253962493,0.340080971659919
M01,sub-M01_ses-20240313T100000_behavior+ecephys.nwb,RSC,1,RtoL,29,58,0.4159130337377609,0.3506102265252127,0.4360862794797634,False,31,27,13.600567973856414,17.726001086662254,14.475711057144444,0.4473684210526316
M01,sub-M01_ses-20240313T100000_behavior+ecephys.nwb,RSC,1,RtoL,30,60,0.3976430576712542,0.3309361112230942,0.4265921099539487,False,31,27,15.587166666667144,21.934437126710673,22.011828893729323,0.3153846153846154
M01,sub-M01_ses-20240313T100000_behavior+ecephys.nwb,RSC,1,RtoL,31,62,0.4036868345558572,0.35228875018822503,0.43278585528459323,True,31,27,18.73167717647084,22.99262007512972,21.04176638442684,0.24946695095948826
M01,sub-M01_ses-20240313T100000_behavior+ecephys.nwb,RSC,1,RtoL,32,64,0.41424597157321386,0.3790092974551462,0.44363837958790703,True,31,27,18.505084000000352,18.547371944733957,18.91811823258486,0.3081896551724138
M01,sub-M01_ses-20240313T100000_behavior+ecephys.nwb,RSC,1,RtoL,33,66,0.4401294509485891,0.3690853582676055,0.4980761354963291,True,31,27,15.417150340136686,24.849823194280745,21.247282446189768,0.2772020725388601
M01,sub-M01_ses-20240313T100000_behavior+ecephys.nwb,RSC,1,RtoL,34,68,0.3397850212162612,0.2645012049999311,0.3789426119020926,True,31,27,14.269185333332643,23.30665807706504,22.742957096802044,0.31564245810055863
M01,sub-M01_ses-20240313T100000_behavior+ecephys.nwb,RSC,1,RtoL,35,70,0.37062508319634013,0.3167338627460344,0.40193153477700183,True,31,27,21.51503231292463,17.21967868419967,11.311755478155684,0.3141263940520446
M01,sub-M01_ses-20240313T100000_behavior+ecephys.nwb,RSC,1,RtoL,36,72,0.380687489114366,0.32457550174751093,0.4052607512918692,True,31,27,23.555657306123067,18.012993374733238,19.183284247368448,0.2677966101694915
M01,sub-M01_ses-20240313T100000_behavior+ecephys.nwb,RSC,1,RtoL,37,74,0.39133651326372987,0.32588181520783943,0.42505051494270263,True,31,27,13.96055476190486,20.47976931228316,12.068742728639144,0.3903133903133903
M01,sub-M01_ses-20240313T100000_behavior+ecephys.nwb,RSC,1,RtoL,38,76,0.40647249537857655,0.36789233502607155,0.4291466438245081,True,31,27,25.94033000000036,15.057946822833081,7.747873919914568,0.2896764252696456
M01,sub-M01_ses-20240313T100000_behavior+ecephys.nwb,RSC,1,RtoL,39,78,0.16489312396940692,0.0933011404024682,0.20058975285626027,True,31,27,26.858606666665764,12.51825760269628,5.634196125856062,0.3854166666666667
M01,sub-M01_ses-20240313T100000_behavior+ecephys.nwb,RSC,1,RtoL,40,80,0.36693909072075975,0.2878046041308238,0.397888704881672,True,31,27,34.098756666666304,13.765545128436967,5.068811934892282,0.25878220140515223
M01,sub-M01_ses-20240314T100000_behavior+ecephys.nwb,CA1,1,LtoR,1,1,0.17035813433028762,-0.02254271165896159,0.28782838044467174,False,67,28,4.23311972789088,20.09064640734687,20.693702277663775,0.9716981132075472
M01,sub-M01_ses-20240314T100000_behavior+ecephys.nwb,CA1,1,LtoR,2,3,0.3345080057035611,0.14582097145511164,0.45905312354917277,False,67,28,21.22213066666609,17.730813401368717,13.566959905222667,0.2894736842105263
M01,sub-M01_ses-20240314T100000_behavior+ecephys.nwb,CA1,1,LtoR,3,5,0.45307933765452346,0.2399605294277161,0.587093915389824,False,67,28,16.746283999999832,16.26849322914243,11.43193464446157,0.40714285714285714
M01,sub-M01_ses-20240314T100000_behavior+ecephys.nwb,CA1,1,LtoR,4,7,0.4777912886662017,0.2834912642306131,0.6120196480665375,False,67,28,12.044390204081537,18.958456818588456,14.283642504401598,0.4966887417218543
M01,sub-M01_ses-20240314T100000_behavior+ecephys.nwb,CA1,1,LtoR,5,9,0.4629111692455132,0.2317799730122402,0.575079697024488,False,67,28,8.272680000000037,21.069727061565334,27.46690031751549,0.6201923076923077
M01,sub-M01_ses-20240314T100000_behavior+ecephys.nwb,CA1,1,LtoR,6,11,0.4239013297636354,0.23510554212436668,0.5473529015019385,False,67,28,8.677631863944953,19.022959118881353,20.244849471491133,0.634703196347032
M01,sub-M01_ses-20240314T100000_behavior+ecephys.nwb,CA1,1,LtoR,7,13,0.4910481616830312,0.26863059985052296,0.67396677520816,False,67,28,11.258990431372695,21.632378664655754,15.690940592131025,0.46099290780141844
M01,sub-M01_ses-20240314T100000_behavior+ecephys.nwb,CA1,1,LtoR,8,15,0.47951900882161846,0.3129163289245086,0.6087415817524806,False,67,28,14.108870666666917,14.496409625118362,5.127918949190386,0.5734463276836158
M01,sub-M01_ses-20240314T100000_behavior+ecephys.nwb,CA1,1,LtoR,9,17,0.5303986605046115,0.3128972739736862,0.6560679231264087,False,67,28,9.0259282312918,21.65687554560992,14.409097041591403,0.5506607929515418
M01,sub-M01_ses-20240314T100000_behavior+ecephys.nwb,CA1,1,LtoR,10,19,0.5060467185943363,0.2883528778435057,0.6236767344764694,False,67,28,19.584679999999935,22.670767632207532,22.25770619696705,0.24032586558044808
M01,sub-M01_ses-20240314T100000_behavior+ecephys.nwb,CA1,1,LtoR,11,21,0.5053384383311829,0.31265221938326937,0.6230705425434008,False,67,28,9.792557333333207,22.746450480644125,22.625691914034707,0.4634146341463415
M01,sub-M01_ses-20240314T100000_behavior+ecephys.nwb,CA1,1,LtoR,12,23,0.5170960499960762,0.3283360072833311,0.642875014366211,False,67,28,9.44437006535918,22.33484860176398,21.820616206516444,0.510548523206751
M01,sub-M01_ses-20240314T100000_behavior+ecephys.nwb,CA1,1,LtoR,13,25,0.5289287548070677,0.29607246338626075,0.6514308277290027,False,67,28,6.43456199999946,28.86500872334893,36.591515390760705,0.5555555555555556
M01,sub-M01_ses-20240314T100000_behavior+ecephys.nwb,CA1,1,LtoR,14,27,0.5161094006376015,0.35212253768875146,0.6563758898697504,False,67,28,9.474146091503826,21.40733315240992,15.657802561225887,0.5523012552301255
M01,sub-M01_ses-20240314T100000_behavior+ecephys.nwb,CA1,1,LtoR,15,29,0.553499332529128,0.36671183787235784,0.6859553238421489,False,67,28,8.672903333333124,20.565609610805517,14.227851476523405,0.6330275229357798
M01,sub-M01_ses-20240314T100000_behavior+ecephys.nwb,CA1,1,LtoR,16,31,0.403117207695737,0.2757133030735058,0.5068643439009097,False,67,28,7.367530823529705,30.012778859736684,33.309407729826106,0.45161290322580644
M01,sub-M01_ses-20240314T100000_behavior+ecephys.nwb,CA1,1,LtoR,17,33,0.5373968544175141,0.3579814181287763,0.6614765636352311,False,67,28,7.352072862744535,28.333515913403577,33.44934784362201,0.4972972972972973
M01,sub-M01_ses-20240314T100000_behavior+ecephys.nwb,CA1,1,LtoR,18,35,0.46014710814424087,0.2667206489990034,0.5852324130307209,False,67,28,10.111515333333045,22.06800580823492,20.985886056541208,0.49606299212598426
M01,sub-M01_ses-20240314T100000_behavior+ecephys.nwb,CA1,1,LtoR,19,37,0.4984591219394995,0.25037917149130795,0.6179500714888144,False,67,28,6.659437687074387,25.658658250448845,29.808090094118363,0.6071428571428571
M01,sub-M01_ses-20240314T100000_behavior+ecephys.nwb,CA1,1,LtoR,20,39,0.5419409649672731,0.37007097030452524,0.6734892445243308,False,67,28,7.5218710884346365,26.069678180456602,24.082271933173388,0.5502645502645502
M01,sub-M01_ses-20240314T100000_behavior+ecephys.nwb,CA1,1,LtoR,21,41,0.516418110670071,0.30045317519953796,0.6497630613530173,False,67,28,6.421293794871417,28.91629267034944,33.25750099253507,0.546583850931677
M01,sub-M01_ses-20240314T100000_behavior+ecephys.nwb,CA1,1,LtoR,22,43,0.48752500260443016,0.2825777669351368,0.6117254422451939,False,67,28,7.267957904761715,29.398741927896754,32.9380812231294,0.47802197802197804
M01,sub-M01_ses-20240314T100000_behavior+ecephys.nwb,CA1,1,LtoR,23,45,0.40808199877757834,0.1924343258254548,0.5528289766490507,False,67,28,6.034639210884052,28.76033638094404,33.40739397023401,0.5894039735099338
M01,sub-M01_ses-20240314T100000_behavior+ecephys.nwb,CA1,1,LtoR,24,47,0.4172570481245811,0.2090963586537088,0.5586413733895202,False,67,28,15.987586666666175,13.265494249888286,12.528995938645737,0.486284289276808
M01,sub-M01_ses-20240314T100000_behavior+ecephys.nwb,CA1,1,LtoR,25,49,0.42520317514155775,0.1675006873211453,0.5979808068216944,False,67,28,6.1113948027214064,29.292580504271573,32.76755568771252,0.5751633986928104
M01,sub-M01_ses-20240314T100000_behavior+ecephys.nwb,CA1,1,LtoR,26,51,0.454576692934518,0.2874803323462767,0.5944190292561472,False,67,28,8.792320000000473,20.332979988286738,16.911958680986785,0.6136363636363636
M01,sub-M01_ses-20240314T100000_behavior+ecephys.nwb,CA1,1,LtoR,27,53,0.44273579173602795,0.2640132287329387,0.5711634009066803,False,67,28,15.671181512604562,19.022173154878818,11.072183563350253,0.3596938775510204
M01,sub-M01_ses-20240314T100000_behavior+ecephys.nwb,CA1,1,LtoR,28,55,0.5131595591275282,0.34480368493920427,0.6449203894197342,False,67,28,13.468765333333067,15.613545553114452,12.896915680854114,0.5295857988165681
M01,sub-M01_ses-20240314T100000_behavior+ecephys.nwb,CA1,1,LtoR,29,57,0.4620442830195582,0.24227190722214462,0.5955013145208718,False,67,28,6.852295032679649,29.098345955080287,29.3296949138717,0.5086705202312138
M01,sub-M01_ses-20240314T100000_behavior+ecephys.nwb,CA1,1,LtoR,30,59,0.4968582691288894,0.3003609813348477,0.6267602659516274,False,67,28,9.941034666666383,20.615684735318354,14.486384292639546,0.544
M01,sub-M01_ses-20240314T100000_behavior+ecephys.nwb,CA1,1,LtoR,31,61,0.3724205475074189,0.10583713398785405,0.5372369537875181,False,67,28,25.380440000000817,26.667562564299136,35.25385904869577,0.1509433962264151
M01,sub-M01_ses-20240314T100000_behavior+ecephys.nwb,CA1,1,LtoR,32,63,0.44532257990867224,0.18627854651258027,0.6102905631419914,False,67,28,6.475548666666327,25.462097171705786,26.17102047657503,0.6503067484662577
M01,sub-M01_ses-20240314T100000_behavior+ecephys.nwb,CA1,1,LtoR,33,65,0.4904641367586524,0.30817528424458834,0.6174510091689702,False,67,28,6.690606509803729,27.91290392788112,30.110124695337372,0.5535714285714286
M01,sub-M01_ses-20240314T100000_behavior+ecephys.nwb,CA1,1,LtoR,34,67,0.48934132216576376,0.31542478718289313,0.6326218860523459,False,67,28,7.353963999999905,21.601089645109454,20.451370897013604,0.6739130434782609
M01,sub-M01_ses-20240314T100000_behavior+ecephys.nwb,CA1,1,LtoR,35,69,0.4622341653696198,0.22701554149805667,0.6061470471724606,False,67,28,5.2353606666665655,32.464027392462306,40.365017949026765,0.5939849624060151
M01,sub-M01_ses-20240314T100000_behavior+ecephys.nwb,CA1,1,LtoR,36,71,0.4344743483841703,0.22824379488980895,0.5914981847374468,False,67,28,5.7309755102050985,27.886466688605307,30.120110215718487,0.6319444444444444
M01,sub-M01_ses-20240314T100000_behavior+ecephys.nwb,CA1,1,LtoR,37,73,0.42164847234715647,0.18563310492348378,0.5965002361172513,False,67,28,5.355236666667224,28.717659372245176,35.4703263915703,0.6592592592592592
M01,sub-M01_ses-20240314T100000_behavior+ecephys.nwb,CA1,1,LtoR,38,75,0.472291273796539,0.3110829248736925,0.6134642605150231,False,67,28,11.230479333334188,19.005810103891335,6.965361561449671,0.5425531914893617
M01,sub-M01_ses-20240314T100000_behavior+ecephys.nwb,CA1,1,LtoR,39,77,0.4448416872712825,0.24869996696612556,0.57907914570639,False,67,28,8.752287074829837,22.69832473934212,26.91296852156516,0.5045454545454545
M01,sub-M01_ses-20240314T100000_behavior+ecephys.nwb,CA1,1,LtoR,40,79,0.4542476419858904,0.2579764076159668,0.6207058694875826,False,67,28,9.631559999999808,23.251778519454273,21.094665113663943,0.47717842323651455
M01,sub-M01_ses-20240314T100000_behavior+ecephys.nwb,CA1,1,LtoR,41,81,0.5281401553643169,0.3271768971766053,0.6711640732047547,False,67,28,6.395239999999831,23.9028433057344,17.20096519000733,0.6956521739130435
M01,sub-M01_ses-20240314T100000_behavior+ecephys.nwb,CA1,1,LtoR,42,83,0.4602368705472286,0.25443155900505393,0.5949739992545884,False,67,28,7.63320933333307,28.848705139128825,29.328914341885035,0.4607329842931937
M01,sub-M01_ses-20240314T100000_behavior+ecephys.nwb,CA1,1,LtoR,43,85,0.49921971374403645,0.31157246924524307,0.6375664330336716,False,67,28,17.001066823529072,17.894383895486975,8.171291165065199,0.38967136150234744
M01,sub-M01_ses-20240314T100000_behavior+ecephys.nwb,CA1,1,LtoR,44,87,0.4610314717394507,0.24239751357583472,0.6312755297785247,False,67,28,10.392092000000048,26.174946525496335,28.141110401688273,0.3793103448275862
M01,sub-M01_ses-20240314T100000_behavior+ecephys.nwb,CA1,1,LtoR,45,89,0.489394723471355,0.25106837233029955,0.6389557951528154,False,67,28,11.71406196078442,18.669887613815106,8.88248865963655,0.5084745762711864
M01,sub-M01_ses-20240314T100000_behavior+ecephys.nwb,CA1,1,LtoR,46,91,0.3803658472185624,0.16522250164447017,0.5456779030771743,False,67,28,16.4048016732022,22.827409985779102,16.830608897105147,0.2895377128953771
M01,sub-M01_ses-20240314T100000_behavior+ecephys.nwb,CA1,1,LtoR,47,93,0.5264130343182719,0.39263475364189254,0.6242598277570084,False,67,28,53.468037960784386,14.828468719617145,6.898124697310195,0.3059087509349289
M01,sub-M01_ses-20240314T100000_behavior+ecephys.nwb,CA1,1,LtoR,48,95,0.4699344982590584,0.27224864177232755,0.6229112773699471,False,67,28,9.033616666667513,25.715026463641486,29.184892686364325,0.45132743362831856
M01,sub-M01_ses-20240314T100000_behavior+ecephys.nwb,CA1,1,LtoR,49,97,0.3505935657165704,0.1236392727293122,0.5280611951163195,True,67,28,8.153193333333547,21.544070079571583,15.483011940572798,0.624390243902439
M01,sub-M01_ses-20240314T100000_behavior+ecephys.nwb,CA1,1,LtoR,50,99,0.40674995577538786,0.14686651359656785,0.5691730069489249,True,67,28,5.8780038095237614,28.888837187527123,36.93796107335626,0.5945945945945946
M01,sub-M01_ses-20240314T100000_behavior+ecephys.nwb,CA1,1,LtoR,51,101,0.433046777777487,0.2514098477896663,0.5769598373088441,True,67,28,40.931632571428054,20.543414057689155,17.87305265878161,0.1259765625
M01,sub-M01_ses-20240314T100000_behavior+ecephys.nwb,CA1,1,LtoR,52,103,0.4560044956257131,0.272242581259128,0.5840694561580191,True,67,28,8.16525706282573,23.5397558541873,29.848646226637474,0.5388349514563107
M01,sub-M01_ses-20240314T100000_behavior+ecephys.nwb,CA1,1,LtoR,53,105,0.4807183493611108,0.272720078603661,0.6421948847606829,True,67,28,9.873012000000926,25.58363026198331,31.279260962027024,0.4112903225806452
M01,sub-M01_ses-20240314T100000_behavior+ecephys.nwb,CA1,1,LtoR,54,107,0.3770310875689722,0.24592967436791585,0.5044497690286364,True,67,28,40.84800666666615,9.540680728792404,8.27013350112533,0.29354207436399216
M01,sub-M01_ses-20240314T100000_behavior+ecephys.nwb,CA1,1,LtoR,55,109,0.5110895719248453,0.3252770050663835,0.6574313395439174,True,67,28,17.146435999999994,20.593645002680255,21.22419836122372,0.3076923076923077
M01,sub-M01_ses-20240314T100000_behavior+ecephys.nwb,CA1,1,LtoR,56,111,0.4136309889638399,0.2690398171017012,0.5179683244276508,True,67,28,33.29372133333345,11.137258692520954,8.538040900339517,0.2917166866746699
M01,sub-M01_ses-20240314T100000_behavior+ecephys.nwb,CA1,1,LtoR,57,113,0.45023913954448824,0.29241378345995905,0.5931105291231524,True,67,28,14.886670748300276,17.004927610319516,17.049880285308298,0.43315508021390375
M01,sub-M01_ses-20240314T100000_behavior+ecephys.nwb,CA1,1,LtoR,58,115,0.5166113938473924,0.38070642615061595,0.634543020359913,True,67,28,22.281072707482963,12.073480250458726,11.55112116878926,0.4103942652329749
M01,sub-M01_ses-20240314T100000_behavior+ecephys.nwb,CA1,1,RtoL,1,2,0.18008643445168815,-0.000842357147745512,0.31282169976195356,False,67,28,12.022722938775587,17.181228748700818,9.900093200006964,0.53156146179402
M01,sub-M01_ses-20240314T100000_behavior+ecephys.nwb,CA1,1,RtoL,2,4,0.3687746384247662,0.07981649595932343,0.5163943238190016,False,67,28,17.305860000000393,18.099650951528798,8.965089756915575,0.3510392609699769
M01,sub-M01_ses-20240314T100000_behavior+ecephys.nwb,CA1,1,RtoL,3,6,0.3676748215015151,0.09604906978699332,0.5395167597065857,False,67,28,16.86620266666705,14.941512864520094,6.358120818785476,0.458628841607565
M01,sub-M01_ses-20240314T100000_behavior+ecephys.nwb,CA1,1,RtoL,4,8,0.37676487312490925,0.17820375014365614,0.49448004916692345,False,67,28,11.098043129251892,20.291465796710632,17.553982997305454,0.460431654676259
M01,sub-M01_ses-20240314T100000_behavior+ecephys.nwb,CA1,1,RtoL,5,10,0.45449717483866403,0.15981403369279573,0.6160216482167036,False,67,28,13.704673469388581,19.45382700399072,13.008017157145272,0.40816326530612246
M01,sub-M01_ses-20240314T100000_behavior+ecephys.nwb,CA1,1,RtoL,6,12,0.3206554578778299,0.0579252141377879,0.4746739904568075,False,67,28,8.924449568627097,22.465138663531537,17.465968173486797,0.5133928571428571
M01,sub-M01_ses-20240314T100000_behavior+ecephys.nwb,CA1,1,RtoL,7,14,0.3474454336422147,0.15572079735195715,0.4428570482425113,False,67,28,8.153230666666786,22.550381726146266,18.224729322689914,0.5804878048780487
M01,sub-M01_ses-20240314T100000_behavior+ecephys.nwb,CA1,1,RtoL,8,16,0.39259499753922295,0.1228894711714927,0.5408946104429363,False,67,28,11.630869999999959,16.905758877679357,6.025552022280404,0.5773195876288659
M01,sub-M01_ses-20240314T100000_behavior+ecephys.nwb,CA1,1,RtoL,9,18,0.38845141549794004,0.10599860787436743,0.5337439945717299,False,67,28,13.275909768707606,16.836615187528697,11.307961855732946,0.5315315315315315
M01,sub-M01_ses-20240314T100000_behavior+ecephys.nwb,CA1,1,RtoL,10,20,0.4675098715811837,0.19984866717289573,0.6266939143153128,False,67,28,15.22744533333389,24.149503627716342,29.589494733824566,0.2887139107611549
M01,sub-M01_ses-20240314T100000_behavior+ecephys.nwb,CA1,1,RtoL,11,22,0.4645051583134278,0.2696049011993727,0.5891414928400676,False,67,28,6.355189333333328,26.135781414500954,31.169451688884305,0.63125
M01,sub-M01_ses-20240314T100000_behavior+ecephys.nwb,CA1,1,RtoL,12,24,0.45871220468554286,0.21307728578103285,0.6000987433471955,False,67,28,9.060573267974178,21.60105541780725,20.430504877290108,0.5394736842105263
M01,sub-M01_ses-20240314T100000_behavior+ecephys.nwb,CA1,1,RtoL,13,26,0.44475571569926603,0.25770244392478264,0.5668675363808052,False,67,28,7.554050666666626,25.000681637757182,30.48979353611143,0.544973544973545
M01,sub-M01_ses-20240314T100000_behavior+ecephys.nwb,CA1,1,RtoL,14,28,0.49855062340690515,0.28775352964498463,0.6361194544600033,False,67,28,9.031104575163226,23.36105190731259,17.514042013298848,0.5265486725663717
M01,sub-M01_ses-20240314T100000_behavior+ecephys.nwb,CA1,1,RtoL,15,30,0.46207852362932433,0.21583018004173873,0.5796703489343449,False,67,28,9.059004509804254,25.55360551255222,24.623259363113988,0.44052863436123346
M01,sub-M01_ses-20240314T100000_behavior+ecephys.nwb,CA1,1,RtoL,16,32,0.42913792663177924,0.20441297840530667,0.5432907380560051,False,67,28,12.670378666666693,17.537777417625517,7.061183685216901,0.5141955835962145
M01,sub-M01_ses-20240314T100000_behavior+ecephys.nwb,CA1,1,RtoL,17,34,0.4883309889639712,0.26183671773410644,0.6341460246387685,False,67,28,6.237426470588616,27.37238944146881,31.41958463640512,0.6242038216560509
M01,sub-M01_ses-20240314T100000_behavior+ecephys.nwb,CA1,1,RtoL,18,36,0.5233665887385661,0.2518178292872155,0.6514659851406753,False,67,28,8.288216979592107,25.818802361247855,28.562564767673692,0.4855769230769231
M01,sub-M01_ses-20240314T100000_behavior+ecephys.nwb,CA1,1,RtoL,19,38,0.35897799127894037,0.1433916278748464,0.459937752142064,False,67,28,12.182592244898842,16.016874035731234,13.401672921681303,0.5508196721311476
M01,sub-M01_ses-20240314T100000_behavior+ecephys.nwb,CA1,1,RtoL,20,40,0.5520653463588302,0.2913205623546528,0.6863184430516973,False,67,28,6.48849487179541,25.612192593182854,26.296747809773052,0.6097560975609756
M01,sub-M01_ses-20240314T100000_behavior+ecephys.nwb,CA1,1,RtoL,21,42,0.5314957873977183,0.2806208050747649,0.6749781566288556,False,67,28,10.278532761904899,22.2547233110711,18.12073237904859,0.46511627906976744
M01,sub-M01_ses-20240314T100000_behavior+ecephys.nwb,CA1,1,RtoL,22,44,0.5671334088791276,0.34407315909915914,0.6891846700099665,False,67,28,8.272858666667162,23.0671052194562,18.575094699003873,0.5550239234449761
M01,sub-M01_ses-20240314T100000_behavior+ecephys.nwb,CA1,1,RtoL,23,46,0.5311051089444339,0.2633715621611829,0.6734666227478568,False,67,28,6.594819455782272,26.758410434214184,27.50818085398416,0.5843373493975904
M01,sub-M01_ses-20240314T100000_behavior+ecephys.nwb,CA1,1,RtoL,24,48,0.6104480238388723,0.40810664075992603,0.7119054988786013,False,67,28,7.113878666667006,23.415396375202604,16.69566477347651,0.6424581005586593
M01,sub-M01_ses-20240314T100000_behavior+ecephys.nwb,CA1,1,RtoL,25,50,0.5843062642300655,0.394085460757234,0.6867616399098114,False,67,28,13.313867863945234,19.542254922105506,12.091572344957248,0.43283582089552236
M01,sub-M01_ses-20240314T100000_behavior+ecephys.nwb,CA1,1,RtoL,26,52,0.5669185053515547,0.2638940703195553,0.6915507765647975,False,67,28,16.14837676190473,24.464645790256704,24.10839572328823,0.26354679802955666
M01,sub-M01_ses-20240314T100000_behavior+ecephys.nwb,CA1,1,RtoL,27,54,0.5374681983953324,0.3111701217616567,0.6546344456829608,False,67,28,6.350488392156876,26.933558421002243,25.556879891163717,0.6163522012578616
M01,sub-M01_ses-20240314T100000_behavior+ecephys.nwb,CA1,1,RtoL,28,56,0.5382772297334192,0.3218134174039464,0.6699469143715401,False,67,28,21.285378300653974,17.355017145487924,10.096699663187053,0.324577861163227
M01,sub-M01_ses-20240314T100000_behavior+ecephys.nwb,CA1,1,RtoL,29,58,0.3842757432795326,0.13115490677324862,0.5703447576058972,False,67,28,17.705552000000353,15.519302499683624,13.14664272745641,0.4018058690744921
M01,sub-M01_ses-20240314T100000_behavior+ecephys.nwb,CA1,1,RtoL,30,60,0.5391829383833066,0.32790966188650766,0.6517370487062298,False,67,28,5.96619333333274,29.284388231591457,31.233665769490457,0.5933333333333334
M01,sub-M01_ses-20240314T100000_behavior+ecephys.nwb,CA1,1,RtoL,31,62,0.5806075490049533,0.3475213543279769,0.7260942435151841,False,67,28,6.114901333333364,26.761963690039206,34.52939925300644,0.6339869281045751
M01,sub-M01_ses-20240314T100000_behavior+ecephys.nwb,CA1,1,RtoL,32,64,0.5562020396996787,0.2983666993838668,0.6900862376923229,False,67,28,7.377708823529247,27.645482965423607,30.747570537218497,0.510752688172043
M01,sub-M01_ses-20240314T100000_behavior+ecephys.nwb,CA1,1,RtoL,33,66,0.5123229234527753,0.27091711449787875,0.6245274486186041,False,67,28,5.435355999999956,30.979053429784376,37.12425898076809,0.6131386861313869
M01,sub-M01_ses-20240314T100000_behavior+ecephys.nwb,CA1,1,RtoL,34,68,0.5627101321076406,0.33059476788750497,0.6964642299693927,False,67,28,4.756904000000759,31.55282869482931,38.784283895965544,0.6833333333333333
M01,sub-M01_ses-20240314T100000_behavior+ecephys.nwb,CA1,1,RtoL,35,70,0.5290786441548928,0.25597639968740055,0.6634065157395156,False,67,28,4.981041156462197,31.424570622362868,36.990805272058566,0.664
M01,sub-M01_ses-20240314T100000_behavior+ecephys.nwb,CA1,1,RtoL,36,72,0.5238085828526537,0.30588479304815985,0.6397710401475795,False,67,28,6.2342699999990145,27.52507227337092,28.234093966499973,0.5987261146496815
M01,sub-M01_ses-20240314T100000_behavior+ecephys.nwb,CA1,1,RtoL,37,74,0.5175904936189234,0.3120491313131222,0.6210293749221193,False,67,28,5.5964433333329,29.886501222117225,34.22257201464465,0.6099290780141844
M01,sub-M01_ses-20240314T100000_behavior+ecephys.nwb,CA1,1,RtoL,38,76,0.5656187216954303,0.3495261864217147,0.6744223058591595,False,67,28,5.169016925169672,32.24374809846828,39.49051190230353,0.6307692307692307
M01,sub-M01_ses-20240314T100000_behavior+ecephys.nwb,CA1,1,RtoL,39,78,0.5414302085993423,0.32467918474314367,0.6310782012868335,False,67,28,5.224173333333056,30.527263536942186,34.308674941911754,0.6590909090909091
M01,sub-M01_ses-20240314T100000_behavior+ecephys.nwb,CA1,1,RtoL,40,80,0.5560065109778738,0.3236137262111475,0.6642910081089983,False,67,28,15.507350666666753,25.79496574968472,27.26808018226177,0.26735218508997427
M01,sub-M01_ses-20240314T100000_behavior+ecephys.nwb,CA1,1,RtoL,41,82,0.5566224324960978,0.3157012901924422,0.6625091434266043,False,67,28,5.835476000000199,26.948545675847512,29.104398564604633,0.6598639455782312
M01,sub-M01_ses-20240314T100000_behavior+ecephys.nwb,CA1,1,RtoL,42,84,0.531472027849416,0.28176136569002624,0.652428591490833,False,67,28,11.057498509804645,22.38421264858529,13.258432497087005,0.44964028776978415
M01,sub-M01_ses-20240314T100000_behavior+ecephys.nwb,CA1,1,RtoL,43,86,0.5164720412314006,0.33364566739520835,0.6108390784515618,False,67,28,5.954631999999947,27.02120067954137,30.122473458678492,0.6066666666666667
M01,sub-M01_ses-20240314T100000_behavior+ecephys.nwb,CA1,1,RtoL,44,88,0.5458701442278724,0.3142375271096556,0.6761406074034064,False,67,28,5.995474666666269,23.300014898101253,18.585755960062922,0.76
M01,sub-M01_ses-20240314T100000_behavior+ecephys.nwb,CA1,1,RtoL,45,90,0.6000121331207362,0.3665914475326554,0.7040922608802778,False,67,28,5.054981699347081,28.70470827886409,30.762980048853283,0.7165354330708661
M01,sub-M01_ses-20240314T100000_behavior+ecephys.nwb,CA1,1,RtoL,46,92,0.5936838923812084,0.41744977702248004,0.6735304309464498,False,67,28,7.6731786666668995,26.18242441667442,28.73066202458272,0.49740932642487046
M01,sub-M01_ses-20240314T100000_behavior+ecephys.nwb,CA1,1,RtoL,47,94,0.5420302853097785,0.3189543523634558,0.6447740872536414,False,67,28,9.481248039214734,24.300500526511986,22.884139399277473,0.4769874476987448
M01,sub-M01_ses-20240314T100000_behavior+ecephys.nwb,CA1,1,RtoL,48,96,0.6062580670766788,0.418569022689554,0.6900639116561272,False,67,28,14.068823333333057,17.28658857760283,7.243621309572338,0.4730878186968839
M01,sub-M01_ses-20240314T100000_behavior+ecephys.nwb,CA1,1,RtoL,49,98,0.5342813956245661,0.3315154488605472,0.6386313449804393,True,67,28,8.630626190476505,20.150709155941236,13.077436510724215,0.6342592592592593
M01,sub-M01_ses-20240314T100000_behavior+ecephys.nwb,CA1,1,RtoL,50,100,0.537069755545935,0.32989440364462047,0.6275637901026371,True,67,28,5.4752159999998185,29.699141510991346,34.12058851552597,0.6258992805755396
M01,sub-M01_ses-20240314T100000_behavior+ecephys.nwb,CA1,1,RtoL,51,102,0.5520867338538933,0.33167769120514756,0.6502967378667075,True,67,28,5.4242829931972665,30.105948507320445,35.70977353391349,0.6397058823529411
M01,sub-M01_ses-20240314T100000_behavior+ecephys.nwb,CA1,1,RtoL,52,104,0.5504898162570744,0.38453630597657057,0.6450559932563783,True,67,28,9.227547372548543,24.3516392664186,25.700245749721983,0.4675324675324675
M01,sub-M01_ses-20240314T100000_behavior+ecephys.nwb,CA1,1,RtoL,53,106,0.5188858755338892,0.27239457176805915,0.6392573368988013,True,67,28,5.235018666666292,30.452051843534264,35.51895549890401,0.6439393939393939
M01,sub-M01_ses-20240314T100000_behavior+ecephys.nwb,CA1,1,RtoL,54,108,0.5530973782664226,0.32968049719921194,0.649361008536884,True,67,28,23.820480000000316,18.166208189709682,10.454060260233266,0.25795644891122277
M01,sub-M01_ses-20240314T100000_behavior+ecephys.nwb,CA1,1,RtoL,55,110,0.5855773112160485,0.37793698351758903,0.6914372609161372,True,67,28,36.611209333333136,16.394886701435926,7.3277398556589715,0.19520174482006544
M01,sub-M01_ses-20240314T100000_behavior+ecephys.nwb,CA1,1,RtoL,56,112,0.5536910330954361,0.3637441306920546,0.67899776267607,True,67,28,13.621301360543839,16.741286011294868,8.51486241647005,0.49266862170087977
M01,sub-M01_ses-20240314T100000_behavior+ecephys.nwb,CA1,1,RtoL,57,114,0.49432306898323086,0.37625097327574697,0.5757369049577247,True,67,28,36.50135918367323,10.835095089025256,7.6377257848400175,0.3099671412924425
M01,sub-M01_ses-20240314T100000_behavior+ecephys.nwb,CA1,1,RtoL,58,116,0.49596602205108076,0.34494407640912217,0.5861754784966493,True,67,28,39.52932400000009,12.198855235409384,6.534709576506538,0.2649140546006067
M01,sub-M01_ses-20240314T100000_behavior+ecephys.nwb,CA3,1,LtoR,1,1,0.06795550155793474,0.06795550155793471,0.06795550155793477,False,28,28,4.23311972789088,20.09064640734687,20.693702277663775,0.9716981132075472
M01,sub-M01_ses-20240314T100000_behavior+ecephys.nwb,CA3,1,LtoR,2,3,0.13952444926790875,0.1395244492679086,0.13952444926790886,False,28,28,21.22213066666609,17.730813401368717,13.566959905222667,0.2894736842105263
M01,sub-M01_ses-20240314T100000_behavior+ecephys.nwb,CA3,1,LtoR,3,5,0.07348276480875514,0.07348276480875507,0.0734827648087552,False,28,28,16.746283999999832,16.26849322914243,11.43193464446157,0.40714285714285714
M01,sub-M01_ses-20240314T100000_behavior+ecephys.nwb,CA3,1,LtoR,4,7,0.06713207060154112,0.06713207060154108,0.06713207060154117,False,28,28,12.044390204081537,18.958456818588456,14.283642504401598,0.4966887417218543
M01,sub-M01_ses-20240314T100000_behavior+ecephys.nwb,CA3,1,LtoR,5,9,0.09946303045503306,0.09946303045503298,0.09946303045503313,False,28,28,8.272680000000037,21.069727061565334,27.46690031751549,0.6201923076923077
M01,sub-M01_ses-20240314T100000_behavior+ecephys.nwb,CA3,1,LtoR,6,11,0.09706929719931585,0.0970692971993158,0.09706929719931591,False,28,28,8.677631863944953,19.022959118881353,20.244849471491133,0.634703196347032
M01,sub-M01_ses-20240314T100000_behavior+ecephys.nwb,CA3,1,LtoR,7,13,0.16756298483782459,0.16756298483782445,0.16756298483782467,False,28,28,11.258990431372695,21.632378664655754,15.690940592131025,0.46099290780141844
M01,sub-M01_ses-20240314T100000_behavior+ecephys.nwb,CA3,1,LtoR,8,15,0.03473138924475579,0.034731389244755766,0.034731389244755814,False,28,28,14.108870666666917,14.496409625118362,5.127918949190386,0.5734463276836158
M01,sub-M01_ses-20240314T100000_behavior+ecephys.nwb,CA3,1,LtoR,9,17,0.12713203815715,0.12713203815714988,0.1271320381571501,False,28,28,9.0259282312918,21.65687554560992,14.409097041591403,0.5506607929515418
M01,sub-M01_ses-20240314T100000_behavior+ecephys.nwb,CA3,1,LtoR,10,19,0.046300028696579204,0.04630002869657916,0.04630002869657924,False,28,28,19.584679999999935,22.670767632207532,22.25770619696705,0.24032586558044808
M01,sub-M01_ses-20240314T100000_behavior+ecephys.nwb,CA3,1,LtoR,11,21,0.0691740539001025,0.06917405390010246,0.06917405390010256,False,28,28,9.792557333333207,22.746450480644125,22.625691914034707,0.4634146341463415
M01,sub-M01_ses-20240314T100000_behavior+ecephys.nwb,CA3,1,LtoR,12,23,0.10163803421177867,0.1016380342117786,0.10163803421177872,False,28,28,9.44437006535918,22.33484860176398,21.820616206516444,0.510548523206751
M01,sub-M01_ses-20240314T100000_behavior+ecephys.nwb,CA3,1,LtoR,13,25,0.08328665842341401,0.0832866584234139,0.08328665842341405,False,28,28,6.43456199999946,28.86500872334893,36.591515390760705,0.5555555555555556
M01,sub-M01_ses-20240314T100000_behavior+ecephys.nwb,CA3,1,LtoR,14,27,0.09536453918613731,0.09536453918613717,0.09536453918613738,False,28,28,9.474146091503826,21.40733315240992,15.657802561225887,0.5523012552301255
M01,sub-M01_ses-20240314T100000_behavior+ecephys.nwb,CA3,1,LtoR,15,29,0.06075390187877843,0.06075390187877839,0.06075390187877849,False,28,28,8.672903333333124,20.565609610805517,14.227851476523405,0.6330275229357798
M01,sub-M01_ses-20240314T100000_behavior+ecephys.nwb,CA3,1,LtoR,16,31,0.1263261258878515,0.12632612588785141,0.12632612588785158,False,28,28,7.367530823529705,30.012778859736684,33.309407729826106,0.45161290322580644
M01,sub-M01_ses-20240314T100000_behavior+ecephys.nwb,CA3,1,LtoR,17,33,0.18304160698986252,0.18304160698986244,0.1830416069898626,False,28,28,7.352072862744535,28.333515913403577,33.44934784362201,0.4972972972972973
M01,sub-M01_ses-20240314T100000_behavior+ecephys.nwb,CA3,1,LtoR,18,35,0.12988820994328193,0.12988820994328185,0.129888209943282,False,28,28,10.111515333333045,22.06800580823492,20.985886056541208,0.49606299212598426
M01,sub-M01_ses-20240314T100000_behavior+ecephys.nwb,CA3,1,LtoR,19,37,0.1480853476822537,0.14808534768225362,0.1480853476822538,False,28,28,6.659437687074387,25.658658250448845,29.808090094118363,0.6071428571428571
M01,sub-M01_ses-20240314T100000_behavior+ecephys.nwb,CA3,1,LtoR,20,39,0.010162812411823952,0.010162812411823926,0.01016281241182397,False,28,28,7.5218710884346365,26.069678180456602,24.082271933173388,0.5502645502645502
M01,sub-M01_ses-20240314T100000_behavior+ecephys.nwb,CA3,1,LtoR,21,41,0.10507168918494705,0.1050716891849469,0.1050716891849471,False,28,28,6.421293794871417,28.91629267034944,33.25750099253507,0.546583850931677
M01,sub-M01_ses-20240314T100000_behavior+ecephys.nwb,CA3,1,LtoR,22,43,0.052576431110784166,0.05257643111078413,0.052576431110784194,False,28,28,7.267957904761715,29.398741927896754,32.9380812231294,0.47802197802197804
M01,sub-M01_ses-20240314T100000_behavior+ecephys.nwb,CA3,1,LtoR,23,45,0.12936281364284166,0.12936281364284158,0.12936281364284175,False,28,28,6.034639210884052,28.76033638094404,33.40739397023401,0.5894039735099338
M01,sub-M01_ses-20240314T100000_behavior+ecephys.nwb,CA3,1,LtoR,24,47,0.1078778343839231,0.107877834383923,0.10787783438392319,False,28,28,15.987586666666175,13.265494249888286,12.528995938645737,0.486284289276808
M01,sub-M01_ses-20240314T100000_behavior+ecephys.nwb,CA3,1,LtoR,25,49,0.10692719826122205,0.10692719826122196,0.10692719826122211,False,28,28,6.1113948027214064,29.292580504271573,32.76755568771252,0.5751633986928104
M01,sub-M01_ses-20240314T100000_behavior+ecephys.nwb,CA3,1,LtoR,26,51,0.1452014964599569,0.1452014964599568,0.14520149645995697,False,28,28,8.792320000000473,20.332979988286738,16.911958680986785,0.6136363636363636
M01,sub-M01_ses-20240314T100000_behavior+ecephys.nwb,CA3,1,LtoR,27,53,0.15419466126522813,0.154194661265228,0.1541946612652282,False,28,28,15.671181512604562,19.022173154878818,11.072183563350253,0.3596938775510204
M01,sub-M01_ses-20240314T100000_behavior+ecephys.nwb,CA3,1,LtoR,28,55,0.10062573796761093,0.10062573796761079,0.100625737967611,False,28,28,13.468765333333067,15.613545553114452,12.896915680854114,0.5295857988165681
M01,sub-M01_ses-20240314T100000_behavior+ecephys.nwb,CA3,1,LtoR,29,57,0.12523620525552326,0.12523620525552318,0.12523620525552331,False,28,28,6.852295032679649,29.098345955080287,29.3296949138717,0.5086705202312138
M01,sub-M01_ses-20240314T100000_behavior+ecephys.nwb,CA3,1,LtoR,30,59,0.12362044558792333,0.12362044558792325,0.12362044558792344,False,28,28,9.941034666666383,20.615684735318354,14.486384292639546,0.544
M01,sub-M01_ses-20240314T100000_behavior+ecephys.nwb,CA3,1,LtoR,31,61,0.2220499977097945,0.22204999770979428,0.2220499977097947,False,28,28,25.380440000000817,26.667562564299136,35.25385904869577,0.1509433962264151
M01,sub-M01_ses-20240314T100000_behavior+ecephys.nwb,CA3,1,LtoR,32,63,0.1233014514855772,0.12330145148557714,0.12330145148557731,False,28,28,6.475548666666327,25.462097171705786,26.17102047657503,0.6503067484662577
M01,sub-M01_ses-20240314T100000_behavior+ecephys.nwb,CA3,1,LtoR,33,65,0.1332382388164473,0.13323823881644725,0.1332382388164474,False,28,28,6.690606509803729,27.91290392788112,30.110124695337372,0.5535714285714286
M01,sub-M01_ses-20240314T100000_behavior+ecephys.nwb,CA3,1,LtoR,34,67,0.05549610279632348,0.05549610279632339,0.05549610279632352,False,28,28,7.353963999999905,21.601089645109454,20.451370897013604,0.6739130434782609
M01,sub-M01_ses-20240314T100000_behavior+ecephys.nwb,CA3,1,LtoR,35,69,0.25027790604019806,0.25027790604019795,0.25027790604019823,False,28,28,5.2353606666665655,32.464027392462306,40.365017949026765,0.5939849624060151
M01,sub-M01_ses-20240314T100000_behavior+ecephys.nwb,CA3,1,LtoR,36,71,0.2546822200146755,0.25468222001467544,0.2546822200146757,False,28,28,5.7309755102050985,27.886466688605307,30.120110215718487,0.6319444444444444
M01,sub-M01_ses-20240314T100000_behavior+ecephys.nwb,CA3,1,LtoR,37,73,0.2511116018633742,0.25111160186337406,0.2511116018633744,False,28,28,5.355236666667224,28.717659372245176,35.4703263915703,0.6592592592592592
M01,sub-M01_ses-20240314T100000_behavior+ecephys.nwb,CA3,1,LtoR,38,75,0.14194731072324787,0.1419473107232478,0.141947310723248,False,28,28,11.230479333334188,19.005810103891335,6.965361561449671,0.5425531914893617
M01,sub-M01_ses-20240314T100000_behavior+ecephys.nwb,CA3,1,LtoR,39,77,0.17791294242440678,0.1779129424244066,0.17791294242440692,False,28,28,8.752287074829837,22.69832473934212,26.91296852156516,0.5045454545454545
M01,sub-M01_ses-20240314T100000_behavior+ecephys.nwb,CA3,1,LtoR,40,79,0.17062041463616465,0.17062041463616456,0.17062041463616473,False,28,28,9.631559999999808,23.251778519454273,21.094665113663943,0.47717842323651455
M01,sub-M01_ses-20240314T100000_behavior+ecephys.nwb,CA3,1,LtoR,41,81,0.18064648797307845,0.1806464879730783,0.18064648797307856,False,28,28,6.395239999999831,23.9028433057344,17.20096519000733,0.6956521739130435
M01,sub-M01_ses-20240314T100000_behavior+ecephys.nwb,CA3,1,LtoR,42,83,0.13201813727508746,0.13201813727508738,0.13201813727508752,False,28,28,7.63320933333307,28.848705139128825,29.328914341885035,0.4607329842931937
M01,sub-M01_ses-20240314T100000_behavior+ecephys.nwb,CA3,1,LtoR,43,85,0.12033530726226259,0.12033530726226252,0.12033530726226266,False,28,28,17.001066823529072,17.894383895486975,8.171291165065199,0.38967136150234744
M01,sub-M01_ses-20240314T100000_behavior+ecephys.nwb,CA3,1,LtoR,44,87,0.031015075759205767,0.03101507575920573,0.0310150757592058,False,28,28,10.392092000000048,26.174946525496335,28.141110401688273,0.3793103448275862
M01,sub-M01_ses-20240314T100000_behavior+ecephys.nwb,CA3,1,LtoR,45,89,0.24124560855332675,0.24124560855332655,0.24124560855332694,False,28,28,11.71406196078442,18.669887613815106,8.88248865963655,0.5084745762711864
M01,sub-M01_ses-20240314T100000_behavior+ecephys.nwb,CA3,1,LtoR,46,91,0.12918335165718284,0.12918335165718275,0.1291833516571829,False,28,28,16.4048016732022,22.827409985779102,16.830608897105147,0.2895377128953771
M01,sub-M01_ses-20240314T100000_behavior+ecephys.nwb,CA3,1,LtoR,47,93,0.2581148949866152,0.25811489498661494,0.25811489498661544,False,28,28,53.468037960784386,14.828468719617145,6.898124697310195,0.3059087509349289
M01,sub-M01_ses-20240314T100000_behavior+ecephys.nwb,CA3,1,LtoR,48,95,0.18860874197878413,0.18860874197878402,0.18860874197878422,False,28,28,9.033616666667513,25.715026463641486,29.184892686364325,0.45132743362831856
M01,sub-M01_ses-20240314T100000_behavior+ecephys.nwb,CA3,1,LtoR,49,97,0.23998430682349073,0.23998430682349062,0.23998430682349084,True,28,28,8.153193333333547,21.544070079571583,15.483011940572798,0.624390243902439
M01,sub-M01_ses-20240314T100000_behavior+ecephys.nwb,CA3,1,LtoR,50,99,0.1700935918200459,0.17009359182004577,0.17009359182004596,True,28,28,5.8780038095237614,28.888837187527123,36.93796107335626,0.5945945945945946
M01,sub-M01_ses-20240314T100000_behavior+ecephys.nwb,CA3,1,LtoR,51,101,0.036016832949046035,0.036016832949045986,0.03601683294904607,True,28,28,40.931632571428054,20.543414057689155,17.87305265878161,0.1259765625
M01,sub-M01_ses-20240314T100000_behavior+ecephys.nwb,CA3,1,LtoR,52,103,0.20558232060256348,0.20558232060256332,0.20558232060256357,True,28,28,8.16525706282573,23.5397558541873,29.848646226637474,0.5388349514563107
M01,sub-M01_ses-20240314T100000_behavior+ecephys.nwb,CA3,1,LtoR,53,105,0.12865239511687965,0.12865239511687956,0.12865239511687968,True,28,28,9.873012000000926,25.58363026198331,31.279260962027024,0.4112903225806452
M01,sub-M01_ses-20240314T100000_behavior+ecephys.nwb,CA3,1,LtoR,54,107,0.07208382013589475,0.07208382013589466,0.07208382013589483,True,28,28,40.84800666666615,9.540680728792404,8.27013350112533,0.29354207436399216
M01,sub-M01_ses-20240314T100000_behavior+ecephys.nwb,CA3,1,LtoR,55,109,0.20695275460400842,0.20695275460400825,0.20695275460400858,True,28,28,17.146435999999994,20.593645002680255,21.22419836122372,0.3076923076923077
M01,sub-M01_ses-20240314T100000_behavior+ecephys.nwb,CA3,1,LtoR,56,111,0.06664574431536709,0.06664574431536704,0.06664574431536714,True,28,28,33.29372133333345,11.137258692520954,8.538040900339517,0.2917166866746699
M01,sub-M01_ses-20240314T100000_behavior+ecephys.nwb,CA3,1,LtoR,57,113,0.05763443977364089,0.057634439773640835,0.05763443977364095,True,28,28,14.886670748300276,17.004927610319516,17.049880285308298,0.43315508021390375
M01,sub-M01_ses-20240314T100000_behavior+ecephys.nwb,CA3,1,LtoR,58,115,0.0004740196464127558,0.00047401964641273394,0.0004740196464127778,True,28,28,22.281072707482963,12.073480250458726,11.55112116878926,0.4103942652329749
M01,sub-M01_ses-20240314T100000_behavior+ecephys.nwb,CA3,1,RtoL,1,2,0.21908001292843493,0.21908001292843482,0.21908001292843504,False,28,28,12.022722938775587,17.181228748700818,9.900093200006964,0.53156146179402
M01,sub-M01_ses-20240314T100000_behavior+ecephys.nwb,CA3,1,RtoL,2,4,0.31222329587291414,0.3122232958729137,0.31222329587291436,False,28,28,17.305860000000393,18.099650951528798,8.965089756915575,0.3510392609699769
M01,sub-M01_ses-20240314T100000_behavior+ecephys.nwb,CA3,1,RtoL,3,6,0.3230951785688304,0.32309517856883024,0.3230951785688305,False,28,28,16.86620266666705,14.941512864520094,6.358120818785476,0.458628841607565
M01,sub-M01_ses-20240314T100000_behavior+ecephys.nwb,CA3,1,RtoL,4,8,0.2776038915939309,0.2776038915939308,0.277603891593931,False,28,28,11.098043129251892,20.291465796710632,17.553982997305454,0.460431654676259
M01,sub-M01_ses-20240314T100000_behavior+ecephys.nwb,CA3,1,RtoL,5,10,0.27958525516335375,0.27958525516335353,0.2795852551633539,False,28,28,13.704673469388581,19.45382700399072,13.008017157145272,0.40816326530612246
M01,sub-M01_ses-20240314T100000_behavior+ecephys.nwb,CA3,1,RtoL,6,12,0.2899634040478373,0.2899634040478371,0.28996340404783744,False,28,28,8.924449568627097,22.465138663531537,17.465968173486797,0.5133928571428571
M01,sub-M01_ses-20240314T100000_behavior+ecephys.nwb,CA3,1,RtoL,7,14,0.2474552839873391,0.24745528398733901,0.24745528398733926,False,28,28,8.153230666666786,22.550381726146266,18.224729322689914,0.5804878048780487
M01,sub-M01_ses-20240314T100000_behavior+ecephys.nwb,CA3,1,RtoL,8,16,0.22896456175441435,0.22896456175441424,0.22896456175441454,False,28,28,11.630869999999959,16.905758877679357,6.025552022280404,0.5773195876288659
M01,sub-M01_ses-20240314T100000_behavior+ecephys.nwb,CA3,1,RtoL,9,18,0.2727481635579405,0.27274816355794035,0.2727481635579406,False,28,28,13.275909768707606,16.836615187528697,11.307961855732946,0.5315315315315315
M01,sub-M01_ses-20240314T100000_behavior+ecephys.nwb,CA3,1,RtoL,10,20,0.32339581678233936,0.32339581678233914,0.32339581678233953,False,28,28,15.22744533333389,24.149503627716342,29.589494733824566,0.2887139107611549
M01,sub-M01_ses-20240314T100000_behavior+ecephys.nwb,CA3,1,RtoL,11,22,0.22444557466087045,0.22444557466087028,0.2244455746608705,False,28,28,6.355189333333328,26.135781414500954,31.169451688884305,0.63125
M01,sub-M01_ses-20240314T100000_behavior+ecephys.nwb,CA3,1,RtoL,12,24,0.29381329026946224,0.29381329026946207,0.2938132902694624,False,28,28,9.060573267974178,21.60105541780725,20.430504877290108,0.5394736842105263
M01,sub-M01_ses-20240314T100000_behavior+ecephys.nwb,CA3,1,RtoL,13,26,0.2899271423227087,0.2899271423227086,0.28992714232270883,False,28,28,7.554050666666626,25.000681637757182,30.48979353611143,0.544973544973545
M01,sub-M01_ses-20240314T100000_behavior+ecephys.nwb,CA3,1,RtoL,14,28,0.30896626662068655,0.3089662666206864,0.3089662666206867,False,28,28,9.031104575163226,23.36105190731259,17.514042013298848,0.5265486725663717
M01,sub-M01_ses-20240314T100000_behavior+ecephys.nwb,CA3,1,RtoL,15,30,0.29350967804511263,0.2935096780451126,0.2935096780451127,False,28,28,9.059004509804254,25.55360551255222,24.623259363113988,0.44052863436123346
M01,sub-M01_ses-20240314T100000_behavior+ecephys.nwb,CA3,1,RtoL,16,32,0.2728637533319397,0.2728637533319395,0.27286375333193974,False,28,28,12.670378666666693,17.537777417625517,7.061183685216901,0.5141955835962145
M01,sub-M01_ses-20240314T100000_behavior+ecephys.nwb,CA3,1,RtoL,17,34,0.17987743440823845,0.17987743440823842,0.17987743440823853,False,28,28,6.237426470588616,27.37238944146881,31.41958463640512,0.6242038216560509
M01,sub-M01_ses-20240314T100000_behavior+ecephys.nwb,CA3,1,RtoL,18,36,0.37817967999326024,0.37817967999325997,0.3781796799932605,False,28,28,8.288216979592107,25.818802361247855,28.562564767673692,0.4855769230769231
M01,sub-M01_ses-20240314T100000_behavior+ecephys.nwb,CA3,1,RtoL,19,38,0.11392035981148699,0.11392035981148689,0.11392035981148704,False,28,28,12.182592244898842,16.016874035731234,13.401672921681303,0.5508196721311476
M01,sub-M01_ses-20240314T100000_behavior+ecephys.nwb,CA3,1,RtoL,20,40,0.3151374694033951,0.3151374694033948,0.3151374694033954,False,28,28,6.48849487179541,25.612192593182854,26.296747809773052,0.6097560975609756
M01,sub-M01_ses-20240314T100000_behavior+ecephys.nwb,CA3,1,RtoL,21,42,0.39517763496301594,0.3951776349630157,0.3951776349630162,False,28,28,10.278532761904899,22.2547233110711,18.12073237904859,0.46511627906976744
M01,sub-M01_ses-20240314T100000_behavior+ecephys.nwb,CA3,1,RtoL,22,44,0.284258066698386,0.28425806669838577,0.28425806669838616,False,28,28,8.272858666667162,23.0671052194562,18.575094699003873,0.5550239234449761
M01,sub-M01_ses-20240314T100000_behavior+ecephys.nwb,CA3,1,RtoL,23,46,0.29586863579223344,0.2958686357922332,0.29586863579223355,False,28,28,6.594819455782272,26.758410434214184,27.50818085398416,0.5843373493975904
M01,sub-M01_ses-20240314T100000_behavior+ecephys.nwb,CA3,1,RtoL,24,48,0.26224917364743533,0.26224917364743516,0.26224917364743544,False,28,28,7.113878666667006,23.415396375202604,16.69566477347651,0.6424581005586593
M01,sub-M01_ses-20240314T100000_behavior+ecephys.nwb,CA3,1,RtoL,25,50,0.3342577732607712,0.3342577732607709,0.33425777326077155,False,28,28,13.313867863945234,19.542254922105506,12.091572344957248,0.43283582089552236
M01,sub-M01_ses-20240314T100000_behavior+ecephys.nwb,CA3,1,RtoL,26,52,0.22711200709984442,0.22711200709984433,0.22711200709984458,False,28,28,16.14837676190473,24.464645790256704,24.10839572328823,0.26354679802955666
M01,sub-M01_ses-20240314T100000_behavior+ecephys.nwb,CA3,1,RtoL,27,54,0.30827207647905125,0.3082720764790511,0.30827207647905147,False,28,28,6.350488392156876,26.933558421002243,25.556879891163717,0.6163522012578616
M01,sub-M01_ses-20240314T100000_behavior+ecephys.nwb,CA3,1,RtoL,28,56,0.25819732815095403,0.2581973281509538,0.25819732815095414,False,28,28,21.285378300653974,17.355017145487924,10.096699663187053,0.324577861163227
M01,sub-M01_ses-20240314T100000_behavior+ecephys.nwb,CA3,1,RtoL,29,58,0.1404721528531471,0.14047215285314701,0.14047215285314718,False,28,28,17.705552000000353,15.519302499683624,13.14664272745641,0.4018058690744921
M01,sub-M01_ses-20240314T100000_behavior+ecephys.nwb,CA3,1,RtoL,30,60,0.17471006771349654,0.17471006771349643,0.17471006771349662,False,28,28,5.96619333333274,29.284388231591457,31.233665769490457,0.5933333333333334
M01,sub-M01_ses-20240314T100000_behavior+ecephys.nwb,CA3,1,RtoL,31,62,0.3349885294422879,0.33498852944228763,0.3349885294422881,False,28,28,6.114901333333364,26.761963690039206,34.52939925300644,0.6339869281045751
M01,sub-M01_ses-20240314T100000_behavior+ecephys.nwb,CA3,1,RtoL,32,64,0.3614930635425833,0.361493063542583,0.3614930635425834,False,28,28,7.377708823529247,27.645482965423607,30.747570537218497,0.510752688172043
M01,sub-M01_ses-20240314T100000_behavior+ecephys.nwb,CA3,1,RtoL,33,66,0.28545275162780276,0.28545275162780254,0.28545275162780287,False,28,28,5.435355999999956,30.979053429784376,37.12425898076809,0.6131386861313869
M01,sub-M01_ses-20240314T100000_behavior+ecephys.nwb,CA3,1,RtoL,34,68,0.20492977052985975,0.2049297705298597,0.20492977052985978,False,28,28,4.756904000000759,31.55282869482931,38.784283895965544,0.6833333333333333
M01,sub-M01_ses-20240314T100000_behavior+ecephys.nwb,CA3,1,RtoL,35,70,0.39505036720171716,0.3950503672017169,0.3950503672017174,False,28,28,4.981041156462197,31.424570622362868,36.990805272058566,0.664
M01,sub-M01_ses-20240314T100000_behavior+ecephys.nwb,CA3,1,RtoL,36,72,0.4034895613197533,0.403489561319753,0.4034895613197537,False,28,28,6.2342699999990145,27.52507227337092,28.234093966499973,0.5987261146496815
M01,sub-M01_ses-20240314T100000_behavior+ecephys.nwb,CA3,1,RtoL,37,74,0.3644277210963261,0.36442772109632593,0.36442772109632643,False,28,28,5.5964433333329,29.886501222117225,34.22257201464465,0.6099290780141844
M01,sub-M01_ses-20240314T100000_behavior+ecephys.nwb,CA3,1,RtoL,38,76,0.33231614479189225,0.33231614479189214,0.33231614479189253,False,28,28,5.169016925169672,32.24374809846828,39.49051190230353,0.6307692307692307
M01,sub-M01_ses-20240314T100000_behavior+ecephys.nwb,CA3,1,RtoL,39,78,0.33170503891009767,0.3317050389100974,0.33170503891009784,False,28,28,5.224173333333056,30.527263536942186,34.308674941911754,0.6590909090909091
M01,sub-M01_ses-20240314T100000_behavior+ecephys.nwb,CA3,1,RtoL,40,80,0.34415837087002965,0.3441583708700293,0.34415837087002976,False,28,28,15.507350666666753,25.79496574968472,27.26808018226177,0.26735218508997427
M01,sub-M01_ses-20240314T100000_behavior+ecephys.nwb,CA3,1,RtoL,41,82,0.29664324216458726,0.2966432421645872,0.2966432421645873,False,28,28,5.835476000000199,26.948545675847512,29.104398564604633,0.6598639455782312
M01,sub-M01_ses-20240314T100000_behavior+ecephys.nwb,CA3,1,RtoL,42,84,0.36670315374367735,0.3667031537436772,0.3667031537436775,False,28,28,11.057498509804645,22.38421264858529,13.258432497087005,0.44964028776978415
M01,sub-M01_ses-20240314T100000_behavior+ecephys.nwb,CA3,1,RtoL,43,86,0.2959327784298974,0.2959327784298972,0.2959327784298975,False,28,28,5.954631999999947,27.02120067954137,30.122473458678492,0.6066666666666667
M01,sub-M01_ses-20240314T100000_behavior+ecephys.nwb,CA3,1,RtoL,44,88,0.3451667683866036,0.34516676838660343,0.3451667683866039,False,28,28,5.995474666666269,23.300014898101253,18.585755960062922,0.76
M01,sub-M01_ses-20240314T100000_behavior+ecephys.nwb,CA3,1,RtoL,45,90,0.4030218191119544,0.4030218191119542,0.40302181911195456,False,28,28,5.054981699347081,28.70470827886409,30.762980048853283,0.7165354330708661
M01,sub-M01_ses-20240314T100000_behavior+ecephys.nwb,CA3,1,RtoL,46,92,0.2985362021418754,0.2985362021418754,0.2985362021418755,False,28,28,7.6731786666668995,26.18242441667442,28.73066202458272,0.49740932642487046
M01,sub-M01_ses-20240314T100000_behavior+ecephys.nwb,CA3,1,RtoL,47,94,0.3371097986677643,0.3371097986677641,0.33710979866776447,False,28,28,9.481248039214734,24.300500526511986,22.884139399277473,0.4769874476987448
M01,sub-M01_ses-20240314T100000_behavior+ecephys.nwb,CA3,1,RtoL,48,96,0.3116176165898591,0.3116176165898589,0.3116176165898592,False,28,28,14.068823333333057,17.28658857760283,7.243621309572338,0.4730878186968839
M01,sub-M01_ses-20240314T100000_behavior+ecephys.nwb,CA3,1,RtoL,49,98,0.42198101629687124,0.4219810162968709,0.4219810162968714,True,28,28,8.630626190476505,20.150709155941236,13.077436510724215,0.6342592592592593
M01,sub-M01_ses-20240314T100000_behavior+ecephys.nwb,CA3,1,RtoL,50,100,0.2840142762575638,0.2840142762575635,0.284014276257564,True,28,28,5.4752159999998185,29.699141510991346,34.12058851552597,0.6258992805755396
M01,sub-M01_ses-20240314T100000_behavior+ecephys.nwb,CA3,1,RtoL,51,102,0.30519280775165764,0.30519280775165747,0.30519280775165775,True,28,28,5.4242829931972665,30.105948507320445,35.70977353391349,0.6397058823529411
M01,sub-M01_ses-20240314T100000_behavior+ecephys.nwb,CA3,1,RtoL,52,104,0.2213128784127614,0.22131287841276126,0.22131287841276162,True,28,28,9.227547372548543,24.3516392664186,25.700245749721983,0.4675324675324675
M01,sub-M01_ses-20240314T100000_behavior+ecephys.nwb,CA3,1,RtoL,53,106,0.32575591249186586,0.3257559124918657,0.32575591249186603,True,28,28,5.235018666666292,30.452051843534264,35.51895549890401,0.6439393939393939
M01,sub-M01_ses-20240314T100000_behavior+ecephys.nwb,CA3,1,RtoL,54,108,0.24393380535914683,0.24393380535914672,0.243933805359147,True,28,28,23.820480000000316,18.166208189709682,10.454060260233266,0.25795644891122277
M01,sub-M01_ses-20240314T100000_behavior+ecephys.nwb,CA3,1,RtoL,55,110,0.2971431242166575,0.297143124216657,0.29714312421665773,True,28,28,36.611209333333136,16.394886701435926,7.3277398556589715,0.19520174482006544
M01,sub-M01_ses-20240314T100000_behavior+ecephys.nwb,CA3,1,RtoL,56,112,0.4419727181898909,0.4419727181898907,0.4419727181898911,True,28,28,13.621301360543839,16.741286011294868,8.51486241647005,0.49266862170087977
M01,sub-M01_ses-20240314T100000_behavior+ecephys.nwb,CA3,1,RtoL,57,114,0.19044034522862407,0.19044034522862396,0.1904403452286242,True,28,28,36.50135918367323,10.835095089025256,7.6377257848400175,0.3099671412924425
M01,sub-M01_ses-20240314T100000_behavior+ecephys.nwb,CA3,1,RtoL,58,116,0.35563093971197257,0.35563093971197235,0.35563093971197274,True,28,28,39.52932400000009,12.198855235409384,6.534709576506538,0.2649140546006067
M01,sub-M01_ses-20240314T100000_behavior+ecephys.nwb,RSC,1,LtoR,1,1,-0.00924004064332427,-0.056301729330233044,0.03222396695691824,False,36,28,4.23311972789088,20.09064640734687,20.693702277663775,0.9716981132075472
M01,sub-M01_ses-20240314T100000_behavior+ecephys.nwb,RSC,1,LtoR,2,3,0.07895027947638034,0.0246807921231161,0.13423324274323398,False,36,28,21.22213066666609,17.730813401368717,13.566959905222667,0.2894736842105263
M01,sub-M01_ses-20240314T100000_behavior+ecephys.nwb,RSC,1,LtoR,3,5,0.15760951121895794,0.09658352671605554,0.20723979572353304,False,36,28,16.746283999999832,16.26849322914243,11.43193464446157,0.40714285714285714
M01,sub-M01_ses-20240314T100000_behavior+ecephys.nwb,RSC,1,LtoR,4,7,0.1220858538438083,0.06334246321695286,0.1715388383288857,False,36,28,12.044390204081537,18.958456818588456,14.283642504401598,0.4966887417218543
M01,sub-M01_ses-20240314T100000_behavior+ecephys.nwb,RSC,1,LtoR,5,9,0.12433832202321046,0.0688595605710241,0.17893388781955374,False,36,28,8.272680000000037,21.069727061565334,27.46690031751549,0.6201923076923077
M01,sub-M01_ses-20240314T100000_behavior+ecephys.nwb,RSC,1,LtoR,6,11,0.07737405715832074,0.009781759420157866,0.13000355614626716,False,36,28,8.677631863944953,19.022959118881353,20.244849471491133,0.634703196347032
M01,sub-M01_ses-20240314T100000_behavior+ecephys.nwb,RSC,1,LtoR,7,13,0.15889230222189027,0.10257685351734705,0.2206586972878261,False,36,28,11.258990431372695,21.632378664655754,15.690940592131025,0.46099290780141844
M01,sub-M01_ses-20240314T100000_behavior+ecephys.nwb,RSC,1,LtoR,8,15,0.14810312823867428,0.06708045458573883,0.21977562428388342,False,36,28,14.108870666666917,14.496409625118362,5.127918949190386,0.5734463276836158
M01,sub-M01_ses-20240314T100000_behavior+ecephys.nwb,RSC,1,LtoR,9,17,0.2000396252019815,0.1542305460679672,0.23419874958616677,False,36,28,9.0259282312918,21.65687554560992,14.409097041591403,0.5506607929515418
M01,sub-M01_ses-20240314T100000_behavior+ecephys.nwb,RSC,1,LtoR,10,19,0.15570698024534477,0.10304713411432134,0.19475595599118337,False,36,28,19.584679999999935,22.670767632207532,22.25770619696705,0.24032586558044808
M01,sub-M01_ses-20240314T100000_behavior+ecephys.nwb,RSC,1,LtoR,11,21,0.15485417671941332,0.08427044473086608,0.20279156546023935,False,36,28,9.792557333333207,22.746450480644125,22.625691914034707,0.4634146341463415
M01,sub-M01_ses-20240314T100000_behavior+ecephys.nwb,RSC,1,LtoR,12,23,0.17152919185909088,0.09116457743037605,0.20375201587275724,False,36,28,9.44437006535918,22.33484860176398,21.820616206516444,0.510548523206751
M01,sub-M01_ses-20240314T100000_behavior+ecephys.nwb,RSC,1,LtoR,13,25,0.1662290808708176,0.10988002677799734,0.20279160165526625,False,36,28,6.43456199999946,28.86500872334893,36.591515390760705,0.5555555555555556
M01,sub-M01_ses-20240314T100000_behavior+ecephys.nwb,RSC,1,LtoR,14,27,0.14865060423567358,0.07843877134960603,0.1927363024977852,False,36,28,9.474146091503826,21.40733315240992,15.657802561225887,0.5523012552301255
M01,sub-M01_ses-20240314T100000_behavior+ecephys.nwb,RSC,1,LtoR,15,29,0.15045627950305634,0.08868480674136943,0.20397294292082305,False,36,28,8.672903333333124,20.565609610805517,14.227851476523405,0.6330275229357798
M01,sub-M01_ses-20240314T100000_behavior+ecephys.nwb,RSC,1,LtoR,16,31,0.21192080199748783,0.14683340693461566,0.2674910232051456,False,36,28,7.367530823529705,30.012778859736684,33.309407729826106,0.45161290322580644
M01,sub-M01_ses-20240314T100000_behavior+ecephys.nwb,RSC,1,LtoR,17,33,0.15739079179151938,0.10946396785367243,0.19893068929584432,False,36,28,7.352072862744535,28.333515913403577,33.44934784362201,0.4972972972972973
M01,sub-M01_ses-20240314T100000_behavior+ecephys.nwb,RSC,1,LtoR,18,35,0.11089226224219613,0.04866359935507059,0.1524891231807106,False,36,28,10.111515333333045,22.06800580823492,20.985886056541208,0.49606299212598426
M01,sub-M01_ses-20240314T100000_behavior+ecephys.nwb,RSC,1,LtoR,19,37,0.1992599877610923,0.15342084287048696,0.2345661929538799,False,36,28,6.659437687074387,25.658658250448845,29.808090094118363,0.6071428571428571
M01,sub-M01_ses-20240314T100000_behavior+ecephys.nwb,RSC,1,LtoR,20,39,0.17687966112428027,0.12307899647102628,0.21073777454425438,False,36,28,7.5218710884346365,26.069678180456602,24.082271933173388,0.5502645502645502
M01,sub-M01_ses-20240314T100000_behavior+ecephys.nwb,RSC,1,LtoR,21,41,0.17759528721315476,0.13145814286420218,0.2067638782398749,False,36,28,6.421293794871417,28.91629267034944,33.25750099253507,0.546583850931677
M01,sub-M01_ses-20240314T100000_behavior+ecephys.nwb,RSC,1,LtoR,22,43,0.13891950060602193,0.08988828382789744,0.17754812232517558,False,36,28,7.267957904761715,29.398741927896754,32.9380812231294,0.47802197802197804
M01,sub-M01_ses-20240314T100000_behavior+ecephys.nwb,RSC,1,LtoR,23,45,0.16579442970626798,0.10558364989182076,0.20955701889443132,False,36,28,6.034639210884052,28.76033638094404,33.40739397023401,0.5894039735099338
M01,sub-M01_ses-20240314T100000_behavior+ecephys.nwb,RSC,1,LtoR,24,47,0.08082589401595319,0.01600364449853255,0.13315762829527678,False,36,28,15.987586666666175,13.265494249888286,12.528995938645737,0.486284289276808
M01,sub-M01_ses-20240314T100000_behavior+ecephys.nwb,RSC,1,LtoR,25,49,0.14650329075367952,0.08533894334536674,0.19286807896593078,False,36,28,6.1113948027214064,29.292580504271573,32.76755568771252,0.5751633986928104
M01,sub-M01_ses-20240314T100000_behavior+ecephys.nwb,RSC,1,LtoR,26,51,0.13650988791584623,0.08390279334065161,0.1838790404404161,False,36,28,8.792320000000473,20.332979988286738,16.911958680986785,0.6136363636363636
M01,sub-M01_ses-20240314T100000_behavior+ecephys.nwb,RSC,1,LtoR,27,53,0.149500206462512,0.08024102605043955,0.2140564013018407,False,36,28,15.671181512604562,19.022173154878818,11.072183563350253,0.3596938775510204
M01,sub-M01_ses-20240314T100000_behavior+ecephys.nwb,RSC,1,LtoR,28,55,0.13784595682264159,0.08541414088768011,0.19380572713082103,False,36,28,13.468765333333067,15.613545553114452,12.896915680854114,0.5295857988165681
M01,sub-M01_ses-20240314T100000_behavior+ecephys.nwb,RSC,1,LtoR,29,57,0.17297750017107494,0.11422522246461478,0.21664772626942708,False,36,28,6.852295032679649,29.098345955080287,29.3296949138717,0.5086705202312138
M01,sub-M01_ses-20240314T100000_behavior+ecephys.nwb,RSC,1,LtoR,30,59,0.27683171951229285,0.21046224489578613,0.32542100526985723,False,36,28,9.941034666666383,20.615684735318354,14.486384292639546,0.544
M01,sub-M01_ses-20240314T100000_behavior+ecephys.nwb,RSC,1,LtoR,31,61,0.19545339200062706,0.11636219469634514,0.24944650770108068,False,36,28,25.380440000000817,26.667562564299136,35.25385904869577,0.1509433962264151
M01,sub-M01_ses-20240314T100000_behavior+ecephys.nwb,RSC,1,LtoR,32,63,0.22173281720684423,0.16974569523598543,0.26696889367370413,False,36,28,6.475548666666327,25.462097171705786,26.17102047657503,0.6503067484662577
M01,sub-M01_ses-20240314T100000_behavior+ecephys.nwb,RSC,1,LtoR,33,65,0.1917641953228879,0.13753642432734958,0.23507904922572778,False,36,28,6.690606509803729,27.91290392788112,30.110124695337372,0.5535714285714286
M01,sub-M01_ses-20240314T100000_behavior+ecephys.nwb,RSC,1,LtoR,34,67,0.2229888034667606,0.1617713348459855,0.26348127184208764,False,36,28,7.353963999999905,21.601089645109454,20.451370897013604,0.6739130434782609
M01,sub-M01_ses-20240314T100000_behavior+ecephys.nwb,RSC,1,LtoR,35,69,0.26221586545324216,0.19509430418754906,0.3115001512323161,False,36,28,5.2353606666665655,32.464027392462306,40.365017949026765,0.5939849624060151
M01,sub-M01_ses-20240314T100000_behavior+ecephys.nwb,RSC,1,LtoR,36,71,0.24728556796177042,0.16210734895134882,0.2994470897126361,False,36,28,5.7309755102050985,27.886466688605307,30.120110215718487,0.6319444444444444
M01,sub-M01_ses-20240314T100000_behavior+ecephys.nwb,RSC,1,LtoR,37,73,0.2050968419448273,0.14103519141583012,0.25425652994721687,False,36,28,5.355236666667224,28.717659372245176,35.4703263915703,0.6592592592592592
M01,sub-M01_ses-20240314T100000_behavior+ecephys.nwb,RSC,1,LtoR,38,75,0.17989838827886281,0.1418867872976382,0.21118419308575034,False,36,28,11.230479333334188,19.005810103891335,6.965361561449671,0.5425531914893617
M01,sub-M01_ses-20240314T100000_behavior+ecephys.nwb,RSC,1,LtoR,39,77,0.22950806378637573,0.18789503767187057,0.26639621610721026,False,36,28,8.752287074829837,22.69832473934212,26.91296852156516,0.5045454545454545
M01,sub-M01_ses-20240314T100000_behavior+ecephys.nwb,RSC,1,LtoR,40,79,0.24091285504704335,0.17617419207762325,0.2805591296742708,False,36,28,9.631559999999808,23.251778519454273,21.094665113663943,0.47717842323651455
M01,sub-M01_ses-20240314T100000_behavior+ecephys.nwb,RSC,1,LtoR,41,81,0.21221500980414532,0.1570219767991309,0.2554175060945317,False,36,28,6.395239999999831,23.9028433057344,17.20096519000733,0.6956521739130435
M01,sub-M01_ses-20240314T100000_behavior+ecephys.nwb,RSC,1,LtoR,42,83,0.2549515678495756,0.18733085063554702,0.2910603805109585,False,36,28,7.63320933333307,28.848705139128825,29.328914341885035,0.4607329842931937
M01,sub-M01_ses-20240314T100000_behavior+ecephys.nwb,RSC,1,LtoR,43,85,0.2281351569288494,0.15421608900470948,0.2733734583305484,False,36,28,17.001066823529072,17.894383895486975,8.171291165065199,0.38967136150234744
M01,sub-M01_ses-20240314T100000_behavior+ecephys.nwb,RSC,1,LtoR,44,87,0.2667010260217855,0.20242448819195602,0.31617213991676957,False,36,28,10.392092000000048,26.174946525496335,28.141110401688273,0.3793103448275862
M01,sub-M01_ses-20240314T100000_behavior+ecephys.nwb,RSC,1,LtoR,45,89,0.18854390452221895,0.12002407802193922,0.2335431243214781,False,36,28,11.71406196078442,18.669887613815106,8.88248865963655,0.5084745762711864
M01,sub-M01_ses-20240314T100000_behavior+ecephys.nwb,RSC,1,LtoR,46,91,0.19909129027659517,0.10668297372748539,0.24831378058550502,False,36,28,16.4048016732022,22.827409985779102,16.830608897105147,0.2895377128953771
M01,sub-M01_ses-20240314T100000_behavior+ecephys.nwb,RSC,1,LtoR,47,93,0.21624548720409847,0.16332905837830408,0.2626522235631194,False,36,28,53.468037960784386,14.828468719617145,6.898124697310195,0.3059087509349289
M01,sub-M01_ses-20240314T100000_behavior+ecephys.nwb,RSC,1,LtoR,48,95,0.26955000303652976,0.17545346651452623,0.3445017335682933,False,36,28,9.033616666667513,25.715026463641486,29.184892686364325,0.45132743362831856
M01,sub-M01_ses-20240314T100000_behavior+ecephys.nwb,RSC,1,LtoR,49,97,0.21772064159611976,0.15798261453925697,0.25367173325527964,True,36,28,8.153193333333547,21.544070079571583,15.483011940572798,0.624390243902439
M01,sub-M01_ses-20240314T100000_behavior+ecephys.nwb,RSC,1,LtoR,50,99,0.2586443124924344,0.18137571455734253,0.2948381551394826,True,36,28,5.8780038095237614,28.888837187527123,36.93796107335626,0.5945945945945946
M01,sub-M01_ses-20240314T100000_behavior+ecephys.nwb,RSC,1,LtoR,51,101,0.16531382669978129,0.09836383825100027,0.20784635077750463,True,36,28,40.931632571428054,20.543414057689155,17.87305265878161,0.1259765625
M01,sub-M01_ses-20240314T100000_behavior+ecephys.nwb,RSC,1,LtoR,52,103,0.2215777794992655,0.15844201075771283,0.2634562704085895,True,36,28,8.16525706282573,23.5397558541873,29.848646226637474,0.5388349514563107
M01,sub-M01_ses-20240314T100000_behavior+ecephys.nwb,RSC,1,LtoR,53,105,0.1801541174564331,0.09873312503802213,0.24568309821935566,True,36,28,9.873012000000926,25.58363026198331,31.279260962027024,0.4112903225806452
M01,sub-M01_ses-20240314T100000_behavior+ecephys.nwb,RSC,1,LtoR,54,107,0.05081180246430551,-0.006409798591377282,0.10219756701149271,True,36,28,40.84800666666615,9.540680728792404,8.27013350112533,0.29354207436399216
M01,sub-M01_ses-20240314T100000_behavior+ecephys.nwb,RSC,1,LtoR,55,109,0.1773902631924997,0.10983141457653536,0.2286648328844436,True,36,28,17.146435999999994,20.593645002680255,21.22419836122372,0.3076923076923077
M01,sub-M01_ses-20240314T100000_behavior+ecephys.nwb,RSC,1,LtoR,56,111,0.03166416868314821,-0.015520622918137451,0.07188170967107922,True,36,28,33.29372133333345,11.137258692520954,8.538040900339517,0.2917166866746699
M01,sub-M01_ses-20240314T100000_behavior+ecephys.nwb,RSC,1,LtoR,57,113,0.13828650639903547,0.07037886688676172,0.1917535004189073,True,36,28,14.886670748300276,17.004927610319516,17.049880285308298,0.43315508021390375
M01,sub-M01_ses-20240314T100000_behavior+ecephys.nwb,RSC,1,LtoR,58,115,0.09969320570813195,0.04680505042176941,0.149464007425483,True,36,28,22.281072707482963,12.073480250458726,11.55112116878926,0.4103942652329749
M01,sub-M01_ses-20240314T100000_behavior+ecephys.nwb,RSC,1,RtoL,1,2,0.09480880945246804,0.04507286358389897,0.14339807292692924,False,36,28,12.022722938775587,17.181228748700818,9.900093200006964,0.53156146179402
M01,sub-M01_ses-20240314T100000_behavior+ecephys.nwb,RSC,1,RtoL,2,4,0.13722266376189587,0.07684015212791215,0.19641788907272564,False,36,28,17.305860000000393,18.099650951528798,8.965089756915575,0.3510392609699769
M01,sub-M01_ses-20240314T100000_behavior+ecephys.nwb,RSC,1,RtoL,3,6,0.10270033550413449,0.06778001050726087,0.13368912214819142,False,36,28,16.86620266666705,14.941512864520094,6.358120818785476,0.458628841607565
M01,sub-M01_ses-20240314T100000_behavior+ecephys.nwb,RSC,1,RtoL,4,8,0.20377783894836204,0.136110436809973,0.25250690030520256,False,36,28,11.098043129251892,20.291465796710632,17.553982997305454,0.460431654676259
M01,sub-M01_ses-20240314T100000_behavior+ecephys.nwb,RSC,1,RtoL,5,10,0.1317677741065041,0.06366257495525152,0.17335776770190595,False,36,28,13.704673469388581,19.45382700399072,13.008017157145272,0.40816326530612246
M01,sub-M01_ses-20240314T100000_behavior+ecephys.nwb,RSC,1,RtoL,6,12,0.1920960038949614,0.13222662247835335,0.24688741176725035,False,36,28,8.924449568627097,22.465138663531537,17.465968173486797,0.5133928571428571
M01,sub-M01_ses-20240314T100000_behavior+ecephys.nwb,RSC,1,RtoL,7,14,0.10321427878023684,0.05625890627060075,0.1349413008412646,False,36,28,8.153230666666786,22.550381726146266,18.224729322689914,0.5804878048780487
M01,sub-M01_ses-20240314T100000_behavior+ecephys.nwb,RSC,1,RtoL,8,16,0.13401014162824587,0.06923649943309733,0.17631765266143185,False,36,28,11.630869999999959,16.905758877679357,6.025552022280404,0.5773195876288659
M01,sub-M01_ses-20240314T100000_behavior+ecephys.nwb,RSC,1,RtoL,9,18,0.17740407073197556,0.10384238964005874,0.22709749620961925,False,36,28,13.275909768707606,16.836615187528697,11.307961855732946,0.5315315315315315
M01,sub-M01_ses-20240314T100000_behavior+ecephys.nwb,RSC,1,RtoL,10,20,0.13814139321014146,0.10021509937775462,0.16657027775278818,False,36,28,15.22744533333389,24.149503627716342,29.589494733824566,0.2887139107611549
M01,sub-M01_ses-20240314T100000_behavior+ecephys.nwb,RSC,1,RtoL,11,22,0.20530732868601273,0.14180198988799433,0.2395515134168619,False,36,28,6.355189333333328,26.135781414500954,31.169451688884305,0.63125
M01,sub-M01_ses-20240314T100000_behavior+ecephys.nwb,RSC,1,RtoL,12,24,0.2491916249648227,0.16167880303864549,0.3149750849607407,False,36,28,9.060573267974178,21.60105541780725,20.430504877290108,0.5394736842105263
M01,sub-M01_ses-20240314T100000_behavior+ecephys.nwb,RSC,1,RtoL,13,26,0.2335299697578975,0.16215874118682155,0.2873224644327309,False,36,28,7.554050666666626,25.000681637757182,30.48979353611143,0.544973544973545
M01,sub-M01_ses-20240314T100000_behavior+ecephys.nwb,RSC,1,RtoL,14,28,0.09971134044205485,0.05864039033660051,0.14946574618364758,False,36,28,9.031104575163226,23.36105190731259,17.514042013298848,0.5265486725663717
M01,sub-M01_ses-20240314T100000_behavior+ecephys.nwb,RSC,1,RtoL,15,30,0.21199189048611733,0.14431942437341713,0.25514391394427727,False,36,28,9.059004509804254,25.55360551255222,24.623259363113988,0.44052863436123346
M01,sub-M01_ses-20240314T100000_behavior+ecephys.nwb,RSC,1,RtoL,16,32,0.15257608610783474,0.08511416106558374,0.19816750279235296,False,36,28,12.670378666666693,17.537777417625517,7.061183685216901,0.5141955835962145
M01,sub-M01_ses-20240314T100000_behavior+ecephys.nwb,RSC,1,RtoL,17,34,0.21005221631552778,0.14873212720229045,0.26137916212674456,False,36,28,6.237426470588616,27.37238944146881,31.41958463640512,0.6242038216560509
M01,sub-M01_ses-20240314T100000_behavior+ecephys.nwb,RSC,1,RtoL,18,36,0.24858858027350733,0.18260906486264925,0.2979565177970533,False,36,28,8.288216979592107,25.818802361247855,28.562564767673692,0.4855769230769231
M01,sub-M01_ses-20240314T100000_behavior+ecephys.nwb,RSC,1,RtoL,19,38,0.052318145357427445,0.013739274415124682,0.08268197390078631,False,36,28,12.182592244898842,16.016874035731234,13.401672921681303,0.5508196721311476
M01,sub-M01_ses-20240314T100000_behavior+ecephys.nwb,RSC,1,RtoL,20,40,0.17692116607353572,0.11773715371633574,0.21800074228208108,False,36,28,6.48849487179541,25.612192593182854,26.296747809773052,0.6097560975609756
M01,sub-M01_ses-20240314T100000_behavior+ecephys.nwb,RSC,1,RtoL,21,42,0.19435548134496955,0.14447685211729197,0.23713829352001214,False,36,28,10.278532761904899,22.2547233110711,18.12073237904859,0.46511627906976744
M01,sub-M01_ses-20240314T100000_behavior+ecephys.nwb,RSC,1,RtoL,22,44,0.12729132542471444,0.05738608704650711,0.18745101742213802,False,36,28,8.272858666667162,23.0671052194562,18.575094699003873,0.5550239234449761
M01,sub-M01_ses-20240314T100000_behavior+ecephys.nwb,RSC,1,RtoL,23,46,0.20843746519740475,0.13997647003217903,0.24840235464578567,False,36,28,6.594819455782272,26.758410434214184,27.50818085398416,0.5843373493975904
M01,sub-M01_ses-20240314T100000_behavior+ecephys.nwb,RSC,1,RtoL,24,48,0.18652873234806677,0.1442061520424946,0.2267239753288993,False,36,28,7.113878666667006,23.415396375202604,16.69566477347651,0.6424581005586593
M01,sub-M01_ses-20240314T100000_behavior+ecephys.nwb,RSC,1,RtoL,25,50,0.22883694125231185,0.1668252652834674,0.27752558406482813,False,36,28,13.313867863945234,19.542254922105506,12.091572344957248,0.43283582089552236
M01,sub-M01_ses-20240314T100000_behavior+ecephys.nwb,RSC,1,RtoL,26,52,0.16097439337161257,0.1066338273704024,0.20257189911357001,False,36,28,16.14837676190473,24.464645790256704,24.10839572328823,0.26354679802955666
M01,sub-M01_ses-20240314T100000_behavior+ecephys.nwb,RSC,1,RtoL,27,54,0.16711085940584855,0.12399467986820216,0.21034076386503742,False,36,28,6.350488392156876,26.933558421002243,25.556879891163717,0.6163522012578616
M01,sub-M01_ses-20240314T100000_behavior+ecephys.nwb,RSC,1,RtoL,28,56,0.1801062390053634,0.09838611287516638,0.22142542400941667,False,36,28,21.285378300653974,17.355017145487924,10.096699663187053,0.324577861163227
M01,sub-M01_ses-20240314T100000_behavior+ecephys.nwb,RSC,1,RtoL,29,58,0.12806710731080045,0.09040646092502506,0.17239889792492116,False,36,28,17.705552000000353,15.519302499683624,13.14664272745641,0.4018058690744921
M01,sub-M01_ses-20240314T100000_behavior+ecephys.nwb,RSC,1,RtoL,30,60,0.19186869801053247,0.14498555935004473,0.24208406904722649,False,36,28,5.96619333333274,29.284388231591457,31.233665769490457,0.5933333333333334
M01,sub-M01_ses-20240314T100000_behavior+ecephys.nwb,RSC,1,RtoL,31,62,0.14128083926942211,0.09187374050796811,0.18245255332577126,False,36,28,6.114901333333364,26.761963690039206,34.52939925300644,0.6339869281045751
M01,sub-M01_ses-20240314T100000_behavior+ecephys.nwb,RSC,1,RtoL,32,64,0.1984659540702931,0.13671709387962616,0.22489338684661703,False,36,28,7.377708823529247,27.645482965423607,30.747570537218497,0.510752688172043
M01,sub-M01_ses-20240314T100000_behavior+ecephys.nwb,RSC,1,RtoL,33,66,0.15689400201122813,0.09452701498239398,0.20539064554635705,False,36,28,5.435355999999956,30.979053429784376,37.12425898076809,0.6131386861313869
M01,sub-M01_ses-20240314T100000_behavior+ecephys.nwb,RSC,1,RtoL,34,68,0.16875301622914057,0.11343648983323266,0.2269848912642852,False,36,28,4.756904000000759,31.55282869482931,38.784283895965544,0.6833333333333333
M01,sub-M01_ses-20240314T100000_behavior+ecephys.nwb,RSC,1,RtoL,35,70,0.22738730930889128,0.16398577205700077,0.2725009131713579,False,36,28,4.981041156462197,31.424570622362868,36.990805272058566,0.664
M01,sub-M01_ses-20240314T100000_behavior+ecephys.nwb,RSC,1,RtoL,36,72,0.17720324743157062,0.11261927108704245,0.22653163630231957,False,36,28,6.2342699999990145,27.52507227337092,28.234093966499973,0.5987261146496815
M01,sub-M01_ses-20240314T100000_behavior+ecephys.nwb,RSC,1,RtoL,37,74,0.20401200614068726,0.14423793144565228,0.2537216585885191,False,36,28,5.5964433333329,29.886501222117225,34.22257201464465,0.6099290780141844
M01,sub-M01_ses-20240314T100000_behavior+ecephys.nwb,RSC,1,RtoL,38,76,0.1415324855765378,0.08515199868273192,0.19423213486191312,False,36,28,5.169016925169672,32.24374809846828,39.49051190230353,0.6307692307692307
M01,sub-M01_ses-20240314T100000_behavior+ecephys.nwb,RSC,1,RtoL,39,78,0.23476379032318026,0.16852817904781728,0.2819849394456709,False,36,28,5.224173333333056,30.527263536942186,34.308674941911754,0.6590909090909091
M01,sub-M01_ses-20240314T100000_behavior+ecephys.nwb,RSC,1,RtoL,40,80,0.1632165723180467,0.10845304667838089,0.2171478240195345,False,36,28,15.507350666666753,25.79496574968472,27.26808018226177,0.26735218508997427
M01,sub-M01_ses-20240314T100000_behavior+ecephys.nwb,RSC,1,RtoL,41,82,0.14644689757010215,0.10141106469260212,0.20014419092461505,False,36,28,5.835476000000199,26.948545675847512,29.104398564604633,0.6598639455782312
M01,sub-M01_ses-20240314T100000_behavior+ecephys.nwb,RSC,1,RtoL,42,84,0.1407351420877538,0.09133768718918923,0.18560836317817062,False,36,28,11.057498509804645,22.38421264858529,13.258432497087005,0.44964028776978415
M01,sub-M01_ses-20240314T100000_behavior+ecephys.nwb,RSC,1,RtoL,43,86,0.18499543336877897,0.13639360477335302,0.2347591106464286,False,36,28,5.954631999999947,27.02120067954137,30.122473458678492,0.6066666666666667
M01,sub-M01_ses-20240314T100000_behavior+ecephys.nwb,RSC,1,RtoL,44,88,0.19122932699473957,0.14634090969646762,0.22735299983960622,False,36,28,5.995474666666269,23.300014898101253,18.585755960062922,0.76
M01,sub-M01_ses-20240314T100000_behavior+ecephys.nwb,RSC,1,RtoL,45,90,0.15602067489903815,0.11602493725620278,0.20163209685437664,False,36,28,5.054981699347081,28.70470827886409,30.762980048853283,0.7165354330708661
M01,sub-M01_ses-20240314T100000_behavior+ecephys.nwb,RSC,1,RtoL,46,92,0.13155655705680913,0.06933412629494641,0.17831307690570236,False,36,28,7.6731786666668995,26.18242441667442,28.73066202458272,0.49740932642487046
M01,sub-M01_ses-20240314T100000_behavior+ecephys.nwb,RSC,1,RtoL,47,94,0.19817124780871392,0.12996894906538994,0.2569381449961957,False,36,28,9.481248039214734,24.300500526511986,22.884139399277473,0.4769874476987448
M01,sub-M01_ses-20240314T100000_behavior+ecephys.nwb,RSC,1,RtoL,48,96,0.19124784794636002,0.10334812373807396,0.2571815719717291,False,36,28,14.068823333333057,17.28658857760283,7.243621309572338,0.4730878186968839
M01,sub-M01_ses-20240314T100000_behavior+ecephys.nwb,RSC,1,RtoL,49,98,0.23445982034411245,0.18630428553877765,0.28170297141802614,True,36,28,8.630626190476505,20.150709155941236,13.077436510724215,0.6342592592592593
M01,sub-M01_ses-20240314T100000_behavior+ecephys.nwb,RSC,1,RtoL,50,100,0.1638771777130933,0.1015736423612454,0.23427702611167786,True,36,28,5.4752159999998185,29.699141510991346,34.12058851552597,0.6258992805755396
M01,sub-M01_ses-20240314T100000_behavior+ecephys.nwb,RSC,1,RtoL,51,102,0.1747018089684913,0.11927809695940668,0.2201408634768463,True,36,28,5.4242829931972665,30.105948507320445,35.70977353391349,0.6397058823529411
M01,sub-M01_ses-20240314T100000_behavior+ecephys.nwb,RSC,1,RtoL,52,104,0.1875211132465984,0.0975479300311189,0.2516858951561546,True,36,28,9.227547372548543,24.3516392664186,25.700245749721983,0.4675324675324675
M01,sub-M01_ses-20240314T100000_behavior+ecephys.nwb,RSC,1,RtoL,53,106,0.16480941987598935,0.10451468127920911,0.22001799429727023,True,36,28,5.235018666666292,30.452051843534264,35.51895549890401,0.6439393939393939
M01,sub-M01_ses-20240314T100000_behavior+ecephys.nwb,RSC,1,RtoL,54,108,0.18135941787988713,0.1220727172680152,0.24028329127769557,True,36,28,23.820480000000316,18.166208189709682,10.454060260233266,0.25795644891122277
M01,sub-M01_ses-20240314T100000_behavior+ecephys.nwb,RSC,1,RtoL,55,110,0.22343558233612076,0.13379783906701836,0.28189950527032315,True,36,28,36.611209333333136,16.394886701435926,7.3277398556589715,0.19520174482006544
M01,sub-M01_ses-20240314T100000_behavior+ecephys.nwb,RSC,1,RtoL,56,112,0.2792040595538106,0.215700217858647,0.3379826191285381,True,36,28,13.621301360543839,16.741286011294868,8.51486241647005,0.49266862170087977
M01,sub-M01_ses-20240314T100000_behavior+ecephys.nwb,RSC,1,RtoL,57,114,0.11861505295628312,0.08170437354663941,0.1556783948116892,True,36,28,36.50135918367323,10.835095089025256,7.6377257848400175,0.3099671412924425
M01,sub-M01_ses-20240314T100000_behavior+ecephys.nwb,RSC,1,RtoL,58,116,0.15014088225604988,0.08847580192563011,0.2126817228026889,True,36,28,39.52932400000009,12.198855235409384,6.534709576506538,0.2649140546006067
M02,sub-M02_ses-20240312T100000_behavior+ecephys.nwb,CA1,1,LtoR,1,1,0.04304810535450632,-0.22149116657272158,0.3658378527574406,False,63,7,18.14713411764751,13.6424674904062,11.080948827698958,0.4351648351648352
M02,sub-M02_ses-20240312T100000_behavior+ecephys.nwb,CA1,1,LtoR,2,3,-0.01329950454884689,-0.20518138067213076,0.34537472606529507,False,63,7,17.415419047618343,12.4966488092567,9.130697615240077,0.5068807339449541
M02,sub-M02_ses-20240312T100000_behavior+ecephys.nwb,CA1,1,LtoR,3,5,0.09020494932466602,-0.17242117157958048,0.49384091936633234,False,63,7,22.101503333332403,11.097241708917313,7.616660348600923,0.4755877034358047
M02,sub-M02_ses-20240312T100000_behavior+ecephys.nwb,CA1,1,LtoR,4,7,0.024949983915671277,-0.20509687051435724,0.35589745900176234,False,63,7,25.53913666666631,12.900550653857746,11.964917485054809,0.3296875
M02,sub-M02_ses-20240312T100000_behavior+ecephys.nwb,CA1,1,LtoR,5,9,0.016630578442951724,-0.16442745194811081,0.43781363765854253,False,63,7,28.40811568627487,9.914488093749737,6.265810923983647,0.3890449438202247
M02,sub-M02_ses-20240312T100000_behavior+ecephys.nwb,CA1,1,LtoR,6,11,0.09054050629742788,-0.16991558843346724,0.43572574260062674,False,63,7,26.752159358974495,7.819165147689769,6.020934751545321,0.5246636771300448
M02,sub-M02_ses-20240312T100000_behavior+ecephys.nwb,CA1,1,LtoR,7,13,0.08074157827011579,-0.14966169015382444,0.4096848811783332,False,63,7,29.68146115646232,10.23391015118106,6.1180258198896285,0.36473755047106327
M02,sub-M02_ses-20240312T100000_behavior+ecephys.nwb,CA1,1,LtoR,8,15,0.11622181528474698,-0.1272659282450146,0.3656551411932499,False,63,7,19.943836666666357,12.83154563578095,10.815740371270152,0.412
M02,sub-M02_ses-20240312T100000_behavior+ecephys.nwb,CA1,1,LtoR,9,17,0.07692445975402619,-0.06791111480534348,0.3774058858414073,False,63,7,25.87222960784402,11.221557324475123,7.703475478970722,0.37962962962962965
M02,sub-M02_ses-20240312T100000_behavior+ecephys.nwb,CA1,1,LtoR,10,19,0.019178930564024876,-0.22967527717050087,0.37564371455038226,False,63,7,20.52640470588176,11.584356196763864,12.169386611152955,0.4591439688715953
M02,sub-M02_ses-20240312T100000_behavior+ecephys.nwb,CA1,1,LtoR,11,21,0.0998050062256463,-0.12971416339917755,0.37216045587907437,False,63,7,16.586956666667902,13.612464797270276,11.98876190956001,0.47836538461538464
M02,sub-M02_ses-20240312T100000_behavior+ecephys.nwb,CA1,1,LtoR,12,23,0.07811665253126565,-0.12612139578169443,0.32294515241986277,False,63,7,17.54601399999865,16.317278518916066,16.49161338331288,0.3977272727272727
M02,sub-M02_ses-20240312T100000_behavior+ecephys.nwb,CA1,1,LtoR,13,25,0.1053932450911751,-0.2300007632332898,0.447808450657992,False,63,7,23.636231176470574,13.762717272646357,11.64336662488371,0.34459459459459457
M02,sub-M02_ses-20240312T100000_behavior+ecephys.nwb,CA1,1,LtoR,14,27,0.06701576462216921,-0.143514459760001,0.4741399076343035,False,63,7,13.86958333333314,15.77063007904492,15.698697391929382,0.5014409221902018
M02,sub-M02_ses-20240312T100000_behavior+ecephys.nwb,CA1,1,LtoR,15,29,0.0126803249592124,-0.22864548279459662,0.3691823999256962,False,63,7,38.86803141256496,9.554287921605116,8.102502392143917,0.29671457905544146
M02,sub-M02_ses-20240312T100000_behavior+ecephys.nwb,CA1,1,LtoR,16,31,0.038457455858814105,-0.20202924805359604,0.4169318030753698,False,63,7,45.65833857142843,7.968915346155471,5.949545327444634,0.3318739054290718
M02,sub-M02_ses-20240312T100000_behavior+ecephys.nwb,CA1,1,LtoR,17,33,0.10496138439618324,-0.13412934118786254,0.41371483057882674,False,63,7,22.525601228758205,10.457600517714134,7.922913806309944,0.4866785079928952
M02,sub-M02_ses-20240312T100000_behavior+ecephys.nwb,CA1,1,LtoR,18,35,0.12008248876874189,-0.2128954555776951,0.4009481866245953,False,63,7,19.831240196077488,10.699138122417997,9.001494519932182,0.4969818913480885
M02,sub-M02_ses-20240312T100000_behavior+ecephys.nwb,CA1,1,LtoR,19,37,0.026322438511540057,-0.1687282745530403,0.4130176633716547,False,63,7,12.949973333333219,15.165711188223485,13.079381787248886,0.5617283950617284
M02,sub-M02_ses-20240312T100000_behavior+ecephys.nwb,CA1,1,LtoR,20,39,0.013379570941775651,-0.2735384557123507,0.35712090907690375,False,63,7,18.11800581699299,11.522618781276808,6.420255754338175,0.5242290748898678
M02,sub-M02_ses-20240312T100000_behavior+ecephys.nwb,CA1,1,LtoR,21,41,0.014885608588549235,-0.18730662564341646,0.3802014008455827,False,63,7,22.65012032679624,10.66490540871741,8.256752576393566,0.46113074204946997
M02,sub-M02_ses-20240312T100000_behavior+ecephys.nwb,CA1,1,LtoR,22,43,0.09433855467055516,-0.10128850012880827,0.4474860685988176,False,63,7,15.108053333333373,13.858902236881871,7.939069545608451,0.5185185185185185
M02,sub-M02_ses-20240312T100000_behavior+ecephys.nwb,CA1,1,LtoR,23,45,0.09402166470658013,-0.1453631135994213,0.34750724533476535,False,63,7,19.632213725490146,12.7664451846086,10.237771176110543,0.44715447154471544
M02,sub-M02_ses-20240312T100000_behavior+ecephys.nwb,CA1,1,LtoR,24,47,0.1470528989093808,-0.10964141573765529,0.476615497293093,False,63,7,26.57922733333271,11.0637875736465,7.748635045499448,0.4099099099099099
M02,sub-M02_ses-20240312T100000_behavior+ecephys.nwb,CA1,1,LtoR,25,49,0.10471784189436983,-0.13784814459207767,0.3949037284675068,False,63,7,18.156547138854876,10.672918639363335,10.988419334614404,0.5802197802197803
M02,sub-M02_ses-20240312T100000_behavior+ecephys.nwb,CA1,1,LtoR,26,51,0.13219395669085432,-0.13947059240396464,0.44223001680445473,False,63,7,15.58813199999986,12.024442731287298,8.892371099850154,0.6102564102564103
M02,sub-M02_ses-20240312T100000_behavior+ecephys.nwb,CA1,1,LtoR,27,53,0.1168966188831374,-0.11682230704138923,0.37964306668133907,True,63,7,16.74646333333385,14.336202968474376,10.57687997446433,0.4666666666666667
M02,sub-M02_ses-20240312T100000_behavior+ecephys.nwb,CA1,1,LtoR,28,55,-0.0027344886965260137,-0.3828344388895393,0.41127887126815643,True,63,7,23.781047058822878,10.222109146719042,7.960051982922695,0.46812080536912754
M02,sub-M02_ses-20240312T100000_behavior+ecephys.nwb,CA1,1,LtoR,29,57,0.0993520824683371,-0.22082633182166614,0.4458436907049652,True,63,7,12.545694705882852,11.221773795373434,10.87142488170301,0.7929936305732485
M02,sub-M02_ses-20240312T100000_behavior+ecephys.nwb,CA1,1,LtoR,30,59,0.08900971579158332,-0.23927470616329893,0.43951551442726616,True,63,7,16.124969019608216,11.065075260203011,7.006875552010518,0.6485148514851485
M02,sub-M02_ses-20240312T100000_behavior+ecephys.nwb,CA1,1,LtoR,31,61,0.01561521648972443,-0.2411213352435446,0.31476311452023215,True,63,7,22.378256802721808,11.981639017581406,8.937706655963153,0.4160714285714286
M02,sub-M02_ses-20240312T100000_behavior+ecephys.nwb,CA1,1,LtoR,32,63,0.17550309274206308,-0.14366015229644616,0.49151463403537593,True,63,7,14.461251904761411,14.49593321447478,11.808679956989032,0.5359116022099447
M02,sub-M02_ses-20240312T100000_behavior+ecephys.nwb,CA1,1,LtoR,33,65,0.12895858797910514,-0.2015951931904053,0.4689922585622945,True,63,7,16.06693333333351,12.981307365571096,10.918226272430157,0.5223880597014925
M02,sub-M02_ses-20240312T100000_behavior+ecephys.nwb,CA1,1,LtoR,34,67,0.08833337394075194,-0.19179413467482842,0.4362317136045276,True,63,7,13.819134829932409,14.73433266255744,10.84739932189063,0.5375722543352601
M02,sub-M02_ses-20240312T100000_behavior+ecephys.nwb,CA1,1,LtoR,35,69,0.03857297604014275,-0.17942643208808165,0.3881503483162271,True,63,7,76.85698563265305,6.840907441791793,4.365649076058466,0.3100936524453694
M02,sub-M02_ses-20240312T100000_behavior+ecephys.nwb,CA1,1,LtoR,36,71,0.037475620678078046,-0.2536239796085343,0.3697877699988007,True,63,7,13.73618843537406,11.672134850441772,8.938996390537659,0.6976744186046512
M02,sub-M02_ses-20240312T100000_behavior+ecephys.nwb,CA1,1,RtoL,1,2,0.06353274214583476,-0.21588016007791797,0.3101337335856629,False,63,7,30.02126952380968,9.584413149030706,7.80354210438256,0.39095744680851063
M02,sub-M02_ses-20240312T100000_behavior+ecephys.nwb,CA1,1,RtoL,2,4,0.0747129307775246,-0.1093912288185486,0.3891310221972896,False,63,7,22.38788809523885,10.59020763129989,10.037760299165118,0.44206773618538325
M02,sub-M02_ses-20240312T100000_behavior+ecephys.nwb,CA1,1,RtoL,3,6,0.03650196207605125,-0.19711628482646512,0.3356420502345786,False,63,7,35.25240000000031,8.931305311159148,5.819169654496796,0.3567383918459796
M02,sub-M02_ses-20240312T100000_behavior+ecephys.nwb,CA1,1,RtoL,4,8,0.09804485734841241,-0.1512193774077012,0.4011969638453617,False,63,7,25.68471000000045,9.834895244059114,8.404540567344501,0.42990654205607476
M02,sub-M02_ses-20240312T100000_behavior+ecephys.nwb,CA1,1,RtoL,5,10,0.12424038936172628,-0.041542838155285554,0.4246885139176039,False,63,7,30.639774313724956,8.69230433622611,6.809306198118627,0.4028683181225554
M02,sub-M02_ses-20240312T100000_behavior+ecephys.nwb,CA1,1,RtoL,6,12,0.12675608105797284,-0.07944840758187302,0.40536353055459456,False,63,7,18.066659484563388,11.409061881526602,11.418494661181603,0.5209713024282561
M02,sub-M02_ses-20240312T100000_behavior+ecephys.nwb,CA1,1,RtoL,7,14,0.14745182320762207,-0.06729373324798577,0.4779337753303021,False,63,7,33.05429000000004,10.977433936683928,9.625552890746247,0.31197097944377267
M02,sub-M02_ses-20240312T100000_behavior+ecephys.nwb,CA1,1,RtoL,8,16,0.04580212170559247,-0.24980273975447143,0.46235143060753453,False,63,7,17.985793333333277,12.442204654688426,11.029131692562958,0.49445676274944567
M02,sub-M02_ses-20240312T100000_behavior+ecephys.nwb,CA1,1,RtoL,9,18,0.059209075860698096,-0.11896867028162,0.3822423450353289,False,63,7,23.745949019607906,10.414674355569984,7.998783878546105,0.44107744107744107
M02,sub-M02_ses-20240312T100000_behavior+ecephys.nwb,CA1,1,RtoL,10,20,0.11473309756368474,-0.07673634947437429,0.30137860122817833,False,63,7,22.381233333332602,15.083441268186357,13.58802444702494,0.32976827094474154
M02,sub-M02_ses-20240312T100000_behavior+ecephys.nwb,CA1,1,RtoL,11,22,0.1782668876650457,-0.20382576093492355,0.4346749453558682,False,63,7,20.38493333333372,12.5005678603678,10.441415385461795,0.4294117647058823
M02,sub-M02_ses-20240312T100000_behavior+ecephys.nwb,CA1,1,RtoL,12,24,0.08501008065186305,-0.15052344166276652,0.42677866944553866,False,63,7,14.13304815686297,13.734011232032392,12.303436379864406,0.5677966101694916
M02,sub-M02_ses-20240312T100000_behavior+ecephys.nwb,CA1,1,RtoL,13,26,0.02370637053358744,-0.18749235267085876,0.2933970430203043,False,63,7,15.58811333333324,16.593858261915663,17.013928549719704,0.4194373401534527
M02,sub-M02_ses-20240312T100000_behavior+ecephys.nwb,CA1,1,RtoL,14,28,0.14471444517687787,-0.09924214873463487,0.525730864465175,False,63,7,29.117962312925556,10.528406524881312,6.924288524953496,0.3607681755829904
M02,sub-M02_ses-20240312T100000_behavior+ecephys.nwb,CA1,1,RtoL,15,30,0.17841092888897214,-0.07279585422989673,0.349559595337412,False,63,7,53.2218910364154,9.231117907605945,7.7501771785255364,0.24718256949661907
M02,sub-M02_ses-20240312T100000_behavior+ecephys.nwb,CA1,1,RtoL,16,32,0.15021028876765533,-0.179864679337047,0.5691118631639952,False,63,7,37.29199399999925,9.912827632225085,7.3831261250201425,0.30406852248394006
M02,sub-M02_ses-20240312T100000_behavior+ecephys.nwb,CA1,1,RtoL,17,34,0.08659612087973699,-0.23185437856825933,0.3925166665053566,False,63,7,17.001978104575755,9.938811252845143,8.575126156519135,0.667447306791569
M02,sub-M02_ses-20240312T100000_behavior+ecephys.nwb,CA1,1,RtoL,18,36,0.14394668705891253,-0.1318485493757496,0.41478435981483036,False,63,7,27.011106470588857,9.051729052749547,7.627758010312721,0.44970414201183434
M02,sub-M02_ses-20240312T100000_behavior+ecephys.nwb,CA1,1,RtoL,19,38,0.10572762791817758,-0.23429948025808484,0.41521523924495135,False,63,7,47.5624333333335,10.02184888548837,7.003780260161104,0.22670025188916876
M02,sub-M02_ses-20240312T100000_behavior+ecephys.nwb,CA1,1,RtoL,20,40,0.13485344541983516,-0.08623991137478122,0.362938790535091,False,63,7,58.033040522876945,7.936066369194073,5.730694224649365,0.2837465564738292
M02,sub-M02_ses-20240312T100000_behavior+ecephys.nwb,CA1,1,RtoL,21,42,0.10375310682134484,-0.24441464414173622,0.42007161360167883,False,63,7,41.44796333333397,11.258422352817773,7.726174091473843,0.2466281310211946
M02,sub-M02_ses-20240312T100000_behavior+ecephys.nwb,CA1,1,RtoL,22,44,0.12704814634268743,-0.1233600567140361,0.4225558987902352,False,63,7,27.884540784313685,9.97935511423353,5.971317763511206,0.41117478510028654
M02,sub-M02_ses-20240312T100000_behavior+ecephys.nwb,CA1,1,RtoL,23,46,0.11666621562270618,-0.109814305076863,0.3517002173651033,False,63,7,60.91679549019591,7.168900289943929,5.5815376558130545,0.29986876640419946
M02,sub-M02_ses-20240312T100000_behavior+ecephys.nwb,CA1,1,RtoL,24,48,0.03680205949244556,-0.2685061623752667,0.4627793805614365,False,63,7,22.795267292518474,11.887514904352432,10.506976436248985,0.39404553415061294
M02,sub-M02_ses-20240312T100000_behavior+ecephys.nwb,CA1,1,RtoL,25,50,0.12384904664060328,-0.15563920087957972,0.41702897255317994,False,63,7,29.232636235294194,10.129993428178627,8.28243931827436,0.42349726775956287
M02,sub-M02_ses-20240312T100000_behavior+ecephys.nwb,CA1,1,RtoL,26,52,0.14431838775593717,-0.12349558554492457,0.36862248455170854,True,63,7,23.30173666666633,10.675566872640886,7.7635978350479,0.4691780821917808
M02,sub-M02_ses-20240312T100000_behavior+ecephys.nwb,CA1,1,RtoL,27,54,0.13047198844324684,-0.15768999254579233,0.41112014537354574,True,63,7,28.378719999999703,8.447904335056469,7.1249170705785625,0.46901408450704224
M02,sub-M02_ses-20240312T100000_behavior+ecephys.nwb,CA1,1,RtoL,28,56,0.16897376559883376,-0.07322994325412764,0.402913153804021,True,63,7,55.79938823529483,8.695000293354905,6.66903514657781,0.24068767908309455
M02,sub-M02_ses-20240312T100000_behavior+ecephys.nwb,CA1,1,RtoL,29,58,0.23858263792967463,-0.06591650004425151,0.49114758671685094,True,63,7,26.57911666666587,9.438829662601098,7.8934134748616485,0.46996996996997
M02,sub-M02_ses-20240312T100000_behavior+ecephys.nwb,CA1,1,RtoL,30,60,0.18172707730713777,-0.1850102538087702,0.5507011050624442,True,63,7,20.285800980392196,11.356877983453826,9.297224312342415,0.5078740157480315
M02,sub-M02_ses-20240312T100000_behavior+ecephys.nwb,CA1,1,RtoL,31,62,0.15883905852005445,-0.17068347521313204,0.4567600065878649,True,63,7,21.34760319727775,11.292456475355731,8.123642395712674,0.5177570093457944
M02,sub-M02_ses-20240312T100000_behavior+ecephys.nwb,CA1,1,RtoL,32,64,0.20270073620689152,-0.0705454150316546,0.41335099677124626,True,63,7,42.53442142857239,9.488347064626478,7.756962488519234,0.3117370892018779
M02,sub-M02_ses-20240312T100000_behavior+ecephys.nwb,CA1,1,RtoL,33,66,0.15133626950709245,-0.14491004832043097,0.4862185959498297,True,63,7,32.18460850340125,8.94832203635595,6.903357529784792,0.42379182156133827
M02,sub-M02_ses-20240312T100000_behavior+ecephys.nwb,CA1,1,RtoL,34,68,0.2199190860724793,-0.09681118829035029,0.4851624170956549,True,63,7,34.61210266666603,9.17919862407888,6.513902411072163,0.3787528868360277
M02,sub-M02_ses-20240312T100000_behavior+ecephys.nwb,CA1,1,RtoL,35,70,0.2043948414552834,-0.05583516341374139,0.5349790582308651,True,63,7,21.70508503401379,11.742037626542283,9.592964920711903,0.4724264705882353
M02,sub-M02_ses-20240312T100000_behavior+ecephys.nwb,CA3,1,LtoR,1,1,-0.04099288235182912,-0.24250826553010577,0.23660368314302643,False,18,7,18.14713411764751,13.6424674904062,11.080948827698958,0.4351648351648352
M02,sub-M02_ses-20240312T100000_behavior+ecephys.nwb,CA3,1,LtoR,2,3,0.03464189296327487,-0.06826533531998984,0.12972470249278964,False,18,7,17.415419047618343,12.4966488092567,9.130697615240077,0.5068807339449541
M02,sub-M02_ses-20240312T100000_behavior+ecephys.nwb,CA3,1,LtoR,3,5,0.07907822893803759,-0.15071235915523876,0.25347601359995525,False,18,7,22.101503333332403,11.097241708917313,7.616660348600923,0.4755877034358047
M02,sub-M02_ses-20240312T100000_behavior+ecephys.nwb,CA3,1,LtoR,4,7,0.20674901114739996,-0.18369881391126333,0.38379337474846,False,18,7,25.53913666666631,12.900550653857746,11.964917485054809,0.3296875
M02,sub-M02_ses-20240312T100000_behavior+ecephys.nwb,CA3,1,LtoR,5,9,-0.03986821526354688,-0.3482234069824836,0.06467317136063616,False,18,7,28.40811568627487,9.914488093749737,6.265810923983647,0.3890449438202247
M02,sub-M02_ses-20240312T100000_behavior+ecephys.nwb,CA3,1,LtoR,6,11,0.18165247829754141,-0.08882209632342877,0.35770551833081055,False,18,7,26.752159358974495,7.819165147689769,6.020934751545321,0.5246636771300448
M02,sub-M02_ses-20240312T100000_behavior+ecephys.nwb,CA3,1,LtoR,7,13,0.2953632964821581,-0.10196123966044358,0.6000062453918117,False,18,7,29.68146115646232,10.23391015118106,6.1180258198896285,0.36473755047106327
M02,sub-M02_ses-20240312T100000_behavior+ecephys.nwb,CA3,1,LtoR,8,15,0.14304290882856924,-0.16768243276820485,0.4178046101186587,False,18,7,19.943836666666357,12.83154563578095,10.815740371270152,0.412
M02,sub-M02_ses-20240312T100000_behavior+ecephys.nwb,CA3,1,LtoR,9,17,0.03644825809458169,-0.2196240254018692,0.3554975816744557,False,18,7,25.87222960784402,11.221557324475123,7.703475478970722,0.37962962962962965
M02,sub-M02_ses-20240312T100000_behavior+ecephys.nwb,CA3,1,LtoR,10,19,0.12051927571919073,-0.0862121738992031,0.5637407408743573,False,18,7,20.52640470588176,11.584356196763864,12.169386611152955,0.4591439688715953
M02,sub-M02_ses-20240312T100000_behavior+ecephys.nwb,CA3,1,LtoR,11,21,-0.01580409751969397,-0.26811923149589484,0.34786321411347576,False,18,7,16.586956666667902,13.612464797270276,11.98876190956001,0.47836538461538464
M02,sub-M02_ses-20240312T100000_behavior+ecephys.nwb,CA3,1,LtoR,12,23,0.13650241510250904,-0.14369134522037336,0.35634888815975185,False,18,7,17.54601399999865,16.317278518916066,16.49161338331288,0.3977272727272727
M02,sub-M02_ses-20240312T100000_behavior+ecephys.nwb,CA3,1,LtoR,13,25,0.22975832065004287,0.03845926031808787,0.4221239609897079,False,18,7,23.636231176470574,13.762717272646357,11.64336662488371,0.34459459459459457
M02,sub-M02_ses-20240312T100000_behavior+ecephys.nwb,CA3,1,LtoR,14,27,0.22590293044776247,0.01550072775308548,0.33440342573053733,False,18,7,13.86958333333314,15.77063007904492,15.698697391929382,0.5014409221902018
M02,sub-M02_ses-20240312T100000_behavior+ecephys.nwb,CA3,1,LtoR,15,29,0.17515328679767111,-0.055531171325658775,0.38992461785899396,False,18,7,38.86803141256496,9.554287921605116,8.102502392143917,0.29671457905544146
M02,sub-M02_ses-20240312T100000_behavior+ecephys.nwb,CA3,1,LtoR,16,31,0.2700887275022915,-0.1484162577249455,0.574215794597141,False,18,7,45.65833857142843,7.968915346155471,5.949545327444634,0.3318739054290718
M02,sub-M02_ses-20240312T100000_behavior+ecephys.nwb,CA3,1,LtoR,17,33,0.20839384745552514,-0.26076487684391797,0.602615337404989,False,18,7,22.525601228758205,10.457600517714134,7.922913806309944,0.4866785079928952
M02,sub-M02_ses-20240312T100000_behavior+ecephys.nwb,CA3,1,LtoR,18,35,0.2116397202113294,0.049066504202100444,0.39117014135368083,False,18,7,19.831240196077488,10.699138122417997,9.001494519932182,0.4969818913480885
M02,sub-M02_ses-20240312T100000_behavior+ecephys.nwb,CA3,1,LtoR,19,37,0.3235653439690539,-0.005383419800914584,0.6037447550442444,False,18,7,12.949973333333219,15.165711188223485,13.079381787248886,0.5617283950617284
M02,sub-M02_ses-20240312T100000_behavior+ecephys.nwb,CA3,1,LtoR,20,39,0.34011874525200714,-0.327008753755091,0.5690770342733295,False,18,7,18.11800581699299,11.522618781276808,6.420255754338175,0.5242290748898678
M02,sub-M02_ses-20240312T100000_behavior+ecephys.nwb,CA3,1,LtoR,21,41,0.21381755957137263,-0.02483306720955294,0.42178837478467673,False,18,7,22.65012032679624,10.66490540871741,8.256752576393566,0.46113074204946997
M02,sub-M02_ses-20240312T100000_behavior+ecephys.nwb,CA3,1,LtoR,22,43,0.0956432117147833,0.018395361766098562,0.15159929947890197,False,18,7,15.108053333333373,13.858902236881871,7.939069545608451,0.5185185185185185
M02,sub-M02_ses-20240312T100000_behavior+ecephys.nwb,CA3,1,LtoR,23,45,0.21280210767283037,-0.0842043829226545,0.5904173417849117,False,18,7,19.632213725490146,12.7664451846086,10.237771176110543,0.44715447154471544
M02,sub-M02_ses-20240312T100000_behavior+ecephys.nwb,CA3,1,LtoR,24,47,0.032591110399203406,-0.15220006508698436,0.4201589317460583,False,18,7,26.57922733333271,11.0637875736465,7.748635045499448,0.4099099099099099
M02,sub-M02_ses-20240312T100000_behavior+ecephys.nwb,CA3,1,LtoR,25,49,0.3247761156172544,-0.004347176115714998,0.5696814848065562,False,18,7,18.156547138854876,10.672918639363335,10.988419334614404,0.5802197802197803
M02,sub-M02_ses-20240312T100000_behavior+ecephys.nwb,CA3,1,LtoR,26,51,0.2943167104855104,-0.05715322028853426,0.5011268622074218,False,18,7,15.58813199999986,12.024442731287298,8.892371099850154,0.6102564102564103
M02,sub-M02_ses-20240312T100000_behavior+ecephys.nwb,CA3,1,LtoR,27,53,0.22467921616985054,-5.1568034670518834e-05,0.27023140743854024,True,18,7,16.74646333333385,14.336202968474376,10.57687997446433,0.4666666666666667
M02,sub-M02_ses-20240312T100000_behavior+ecephys.nwb,CA3,1,LtoR,28,55,0.41157826938185305,-0.13797616573988364,0.6905774145250367,True,18,7,23.781047058822878,10.222109146719042,7.960051982922695,0.46812080536912754
M02,sub-M02_ses-20240312T100000_behavior+ecephys.nwb,CA3,1,LtoR,29,57,0.24428117244473904,-0.2944435089434184,0.6029726768538277,True,18,7,12.545694705882852,11.221773795373434,10.87142488170301,0.7929936305732485
M02,sub-M02_ses-20240312T100000_behavior+ecephys.nwb,CA3,1,LtoR,30,59,-0.049266085447259474,-0.1995057848462546,0.5080307750496552,True,18,7,16.124969019608216,11.065075260203011,7.006875552010518,0.6485148514851485
M02,sub-M02_ses-20240312T100000_behavior+ecephys.nwb,CA3,1,LtoR,31,61,0.2605448022574063,-0.0506987081996901,0.5598874604996225,True,18,7,22.378256802721808,11.981639017581406,8.937706655963153,0.4160714285714286
M02,sub-M02_ses-20240312T100000_behavior+ecephys.nwb,CA3,1,LtoR,32,63,0.2844582169777132,-0.2528813211663106,0.7003356603017635,True,18,7,14.461251904761411,14.49593321447478,11.808679956989032,0.5359116022099447
M02,sub-M02_ses-20240312T100000_behavior+ecephys.nwb,CA3,1,LtoR,33,65,0.2607372259911537,-0.31675869321348404,0.560446613497554,True,18,7,16.06693333333351,12.981307365571096,10.918226272430157,0.5223880597014925
M02,sub-M02_ses-20240312T100000_behavior+ecephys.nwb,CA3,1,LtoR,34,67,0.2477396639407365,-0.03963415010657624,0.5111500387829694,True,18,7,13.819134829932409,14.73433266255744,10.84739932189063,0.5375722543352601
M02,sub-M02_ses-20240312T100000_behavior+ecephys.nwb,CA3,1,LtoR,35,69,0.20866191874594614,-0.23141327950793775,0.6660587742737721,True,18,7,76.85698563265305,6.840907441791793,4.365649076058466,0.3100936524453694
M02,sub-M02_ses-20240312T100000_behavior+ecephys.nwb,CA3,1,LtoR,36,71,0.11255106616469449,-0.3949640899263896,0.4782128700028543,True,18,7,13.73618843537406,11.672134850441772,8.938996390537659,0.6976744186046512
M02,sub-M02_ses-20240312T100000_behavior+ecephys.nwb,CA3,1,RtoL,1,2,0.08773615244291774,-0.23624777926092375,0.3476433992254229,False,18,7,30.02126952380968,9.584413149030706,7.80354210438256,0.39095744680851063
M02,sub-M02_ses-20240312T100000_behavior+ecephys.nwb,CA3,1,RtoL,2,4,0.1448727010386303,-0.1626761736843468,0.4331976386834604,False,18,7,22.38788809523885,10.59020763129989,10.037760299165118,0.44206773618538325
M02,sub-M02_ses-20240312T100000_behavior+ecephys.nwb,CA3,1,RtoL,3,6,-0.005087268188747959,-0.09822063635543898,0.42938437108500893,False,18,7,35.25240000000031,8.931305311159148,5.819169654496796,0.3567383918459796
M02,sub-M02_ses-20240312T100000_behavior+ecephys.nwb,CA3,1,RtoL,4,8,0.13448886900213303,-0.06201056177488471,0.5406026646280669,False,18,7,25.68471000000045,9.834895244059114,8.404540567344501,0.42990654205607476
M02,sub-M02_ses-20240312T100000_behavior+ecephys.nwb,CA3,1,RtoL,5,10,0.03523489947857933,-0.18160525656199528,0.5143084025157688,False,18,7,30.639774313724956,8.69230433622611,6.809306198118627,0.4028683181225554
M02,sub-M02_ses-20240312T100000_behavior+ecephys.nwb,CA3,1,RtoL,6,12,0.20899744001919082,-0.2369148465427689,0.5944854825102189,False,18,7,18.066659484563388,11.409061881526602,11.418494661181603,0.5209713024282561
M02,sub-M02_ses-20240312T100000_behavior+ecephys.nwb,CA3,1,RtoL,7,14,0.24910238296532827,-0.15404268512720729,0.477183997011759,False,18,7,33.05429000000004,10.977433936683928,9.625552890746247,0.31197097944377267
M02,sub-M02_ses-20240312T100000_behavior+ecephys.nwb,CA3,1,RtoL,8,16,0.10175482111480083,0.010839856864464894,0.530243486582888,False,18,7,17.985793333333277,12.442204654688426,11.029131692562958,0.49445676274944567
M02,sub-M02_ses-20240312T100000_behavior+ecephys.nwb,CA3,1,RtoL,9,18,0.18308965641743744,-0.051195171244175705,0.5744174400224354,False,18,7,23.745949019607906,10.414674355569984,7.998783878546105,0.44107744107744107
M02,sub-M02_ses-20240312T100000_behavior+ecephys.nwb,CA3,1,RtoL,10,20,-0.0009483146426334928,-0.22340393708016773,0.5920288218621816,False,18,7,22.381233333332602,15.083441268186357,13.58802444702494,0.32976827094474154
M02,sub-M02_ses-20240312T100000_behavior+ecephys.nwb,CA3,1,RtoL,11,22,0.22831618152413005,-0.044003339766005185,0.5681775098791029,False,18,7,20.38493333333372,12.5005678603678,10.441415385461795,0.4294117647058823
M02,sub-M02_ses-20240312T100000_behavior+ecephys.nwb,CA3,1,RtoL,12,24,0.10616130452861439,-0.22371695957235738,0.6247695273036301,False,18,7,14.13304815686297,13.734011232032392,12.303436379864406,0.5677966101694916
M02,sub-M02_ses-20240312T100000_behavior+ecephys.nwb,CA3,1,RtoL,13,26,0.131575680991116,-0.08277385799856526,0.49907239633240746,False,18,7,15.58811333333324,16.593858261915663,17.013928549719704,0.4194373401534527
M02,sub-M02_ses-20240312T100000_behavior+ecephys.nwb,CA3,1,RtoL,14,28,0.2474606175882781,-0.10485392333508188,0.6436625465518941,False,18,7,29.117962312925556,10.528406524881312,6.924288524953496,0.3607681755829904
M02,sub-M02_ses-20240312T100000_behavior+ecephys.nwb,CA3,1,RtoL,15,30,0.1417398881249443,-0.12196376564735427,0.5554274008537375,False,18,7,53.2218910364154,9.231117907605945,7.7501771785255364,0.24718256949661907
M02,sub-M02_ses-20240312T100000_behavior+ecephys.nwb,CA3,1,RtoL,16,32,0.2614959209693841,-0.028635895642477958,0.5741227643811214,False,18,7,37.29199399999925,9.912827632225085,7.3831261250201425,0.30406852248394006
M02,sub-M02_ses-20240312T100000_behavior+ecephys.nwb,CA3,1,RtoL,17,34,0.17075294496182822,-0.06494978072880571,0.5178929916631462,False,18,7,17.001978104575755,9.938811252845143,8.575126156519135,0.667447306791569
M02,sub-M02_ses-20240312T100000_behavior+ecephys.nwb,CA3,1,RtoL,18,36,0.14240929281853204,-0.031612866322633514,0.6077497127431154,False,18,7,27.011106470588857,9.051729052749547,7.627758010312721,0.44970414201183434
M02,sub-M02_ses-20240312T100000_behavior+ecephys.nwb,CA3,1,RtoL,19,38,0.11091895102748363,-0.163561143453811,0.3217696931616159,False,18,7,47.5624333333335,10.02184888548837,7.003780260161104,0.22670025188916876
M02,sub-M02_ses-20240312T100000_behavior+ecephys.nwb,CA3,1,RtoL,20,40,0.023305188518710863,-0.11727575555587397,0.43136743043195946,False,18,7,58.033040522876945,7.936066369194073,5.730694224649365,0.2837465564738292
M02,sub-M02_ses-20240312T100000_behavior+ecephys.nwb,CA3,1,RtoL,21,42,-0.03623757831812324,-0.3045755343263458,0.38056616988834646,False,18,7,41.44796333333397,11.258422352817773,7.726174091473843,0.2466281310211946
M02,sub-M02_ses-20240312T100000_behavior+ecephys.nwb,CA3,1,RtoL,22,44,0.1080615395734925,-0.3247937258348188,0.33276182530504916,False,18,7,27.884540784313685,9.97935511423353,5.971317763511206,0.41117478510028654
M02,sub-M02_ses-20240312T100000_behavior+ecephys.nwb,CA3,1,RtoL,23,46,0.21437448285667032,-0.14264241974024086,0.5634991081499805,False,18,7,60.91679549019591,7.168900289943929,5.5815376558130545,0.29986876640419946
M02,sub-M02_ses-20240312T100000_behavior+ecephys.nwb,CA3,1,RtoL,24,48,0.12882300844194416,-0.15830209675887014,0.514643809579602,False,18,7,22.795267292518474,11.887514904352432,10.506976436248985,0.39404553415061294
M02,sub-M02_ses-20240312T100000_behavior+ecephys.nwb,CA3,1,RtoL,25,50,0.3628716050781134,0.0398444442400308,0.6126426413073346,False,18,7,29.232636235294194,10.129993428178627,8.28243931827436,0.42349726775956287
M02,sub-M02_ses-20240312T100000_behavior+ecephys.nwb,CA3,1,RtoL,26,52,0.29229157743634965,-0.19359928315592984,0.468140793919734,True,18,7,23.30173666666633,10.675566872640886,7.7635978350479,0.4691780821917808
M02,sub-M02_ses-20240312T100000_behavior+ecephys.nwb,CA3,1,RtoL,27,54,0.1329412968419787,-0.09290570159967279,0.4052064166677339,True,18,7,28.378719999999703,8.447904335056469,7.1249170705785625,0.46901408450704224
M02,sub-M02_ses-20240312T100000_behavior+ecephys.nwb,CA3,1,RtoL,28,56,0.15759277317314296,-0.10431634722186656,0.5007270709859591,True,18,7,55.79938823529483,8.695000293354905,6.66903514657781,0.24068767908309455
M02,sub-M02_ses-20240312T100000_behavior+ecephys.nwb,CA3,1,RtoL,29,58,0.26904728051631555,0.11482376034963444,0.46762573644732514,True,18,7,26.57911666666587,9.438829662601098,7.8934134748616485,0.46996996996997
M02,sub-M02_ses-20240312T100000_behavior+ecephys.nwb,CA3,1,RtoL,30,60,0.11817845308255305,-0.17730064602286416,0.4479726628682038,True,18,7,20.285800980392196,11.356877983453826,9.297224312342415,0.5078740157480315
M02,sub-M02_ses-20240312T100000_behavior+ecephys.nwb,CA3,1,RtoL,31,62,0.08155089627104745,-0.12081980067397338,0.27643578480085307,True,18,7,21.34760319727775,11.292456475355731,8.123642395712674,0.5177570093457944
M02,sub-M02_ses-20240312T100000_behavior+ecephys.nwb,CA3,1,RtoL,32,64,0.21871930134096398,-0.043322093543808546,0.39172385492312856,True,18,7,42.53442142857239,9.488347064626478,7.756962488519234,0.3117370892018779
M02,sub-M02_ses-20240312T100000_behavior+ecephys.nwb,CA3,1,RtoL,33,66,0.1312177535428382,-0.09654657857297856,0.3651609624628599,True,18,7,32.18460850340125,8.94832203635595,6.903357529784792,0.42379182156133827
M02,sub-M02_ses-20240312T100000_behavior+ecephys.nwb,CA3,1,RtoL,34,68,0.31625773008670155,0.04863381832591096,0.44815417966014,True,18,7,34.61210266666603,9.17919862407888,6.513902411072163,0.3787528868360277
M02,sub-M02_ses-20240312T100000_behavior+ecephys.nwb,CA3,1,RtoL,35,70,0.08761034344288281,-0.16657508992473008,0.5221296544974096,True,18,7,21.70508503401379,11.742037626542283,9.592964920711903,0.4724264705882353
M02,sub-M02_ses-20240312T100000_behavior+ecephys.nwb,RSC,1,LtoR,1,1,0.148672938469554,0.14867293846955398,0.14867293846955407,False,7,7,18.14713411764751,13.6424674904062,11.080948827698958,0.4351648351648352
M02,sub-M02_ses-20240312T100000_behavior+ecephys.nwb,RSC,1,LtoR,2,3,0.09467227294766135,0.09467227294766133,0.09467227294766138,False,7,7,17.415419047618343,12.4966488092567,9.130697615240077,0.5068807339449541
M02,sub-M02_ses-20240312T100000_behavior+ecephys.nwb,RSC,1,LtoR,3,5,0.007046397482008018,0.007046397482007994,0.007046397482008045,False,7,7,22.101503333332403,11.097241708917313,7.616660348600923,0.4755877034358047
M02,sub-M02_ses-20240312T100000_behavior+ecephys.nwb,RSC,1,LtoR,4,7,-0.052875902357828165,-0.05287590235782819,-0.052875902357828145,False,7,7,25.53913666666631,12.900550653857746,11.964917485054809,0.3296875
M02,sub-M02_ses-20240312T100000_behavior+ecephys.nwb,RSC,1,LtoR,5,9,0.17825527770738372,0.17825527770738364,0.17825527770738375,False,7,7,28.40811568627487,9.914488093749737,6.265810923983647,0.3890449438202247
M02,sub-M02_ses-20240312T100000_behavior+ecephys.nwb,RSC,1,LtoR,6,11,-0.013211661354386096,-0.013211661354386114,-0.013211661354386077,False,7,7,26.752159358974495,7.819165147689769,6.020934751545321,0.5246636771300448
M02,sub-M02_ses-20240312T100000_behavior+ecephys.nwb,RSC,1,LtoR,7,13,0.009389309295405747,0.00938930929540573,0.00938930929540577,False,7,7,29.68146115646232,10.23391015118106,6.1180258198896285,0.36473755047106327
M02,sub-M02_ses-20240312T100000_behavior+ecephys.nwb,RSC,1,LtoR,8,15,0.00866385505904746,0.008663855059047446,0.008663855059047475,False,7,7,19.943836666666357,12.83154563578095,10.815740371270152,0.412
M02,sub-M02_ses-20240312T100000_behavior+ecephys.nwb,RSC,1,LtoR,9,17,-0.08617989454441931,-0.08617989454441934,-0.08617989454441928,False,7,7,25.87222960784402,11.221557324475123,7.703475478970722,0.37962962962962965
M02,sub-M02_ses-20240312T100000_behavior+ecephys.nwb,RSC,1,LtoR,10,19,-0.06691051707633891,-0.06691051707633894,-0.0669105170763389,False,7,7,20.52640470588176,11.584356196763864,12.169386611152955,0.4591439688715953
M02,sub-M02_ses-20240312T100000_behavior+ecephys.nwb,RSC,1,LtoR,11,21,0.0014937355633539567,0.001493735563353932,0.0014937355633539786,False,7,7,16.586956666667902,13.612464797270276,11.98876190956001,0.47836538461538464
M02,sub-M02_ses-20240312T100000_behavior+ecephys.nwb,RSC,1,LtoR,12,23,-0.03543390926903545,-0.03543390926903548,-0.03543390926903544,False,7,7,17.54601399999865,16.317278518916066,16.49161338331288,0.3977272727272727
M02,sub-M02_ses-20240312T100000_behavior+ecephys.nwb,RSC,1,LtoR,13,25,-0.07709652898960233,-0.07709652898960236,-0.07709652898960229,False,7,7,23.636231176470574,13.762717272646357,11.64336662488371,0.34459459459459457
M02,sub-M02_ses-20240312T100000_behavior+ecephys.nwb,RSC,1,LtoR,14,27,-0.019303482142234096,-0.019303482142234117,-0.01930348214223407,False,7,7,13.86958333333314,15.77063007904492,15.698697391929382,0.5014409221902018
M02,sub-M02_ses-20240312T100000_behavior+ecephys.nwb,RSC,1,LtoR,15,29,-0.03750846004538793,-0.03750846004538795,-0.0375084600453879,False,7,7,38.86803141256496,9.554287921605116,8.102502392143917,0.29671457905544146
M02,sub-M02_ses-20240312T100000_behavior+ecephys.nwb,RSC,1,LtoR,16,31,0.13524833875701509,0.13524833875701506,0.1352483387570151,False,7,7,45.65833857142843,7.968915346155471,5.949545327444634,0.3318739054290718
M02,sub-M02_ses-20240312T100000_behavior+ecephys.nwb,RSC,1,LtoR,17,33,0.01967769620380594,0.019677696203805918,0.019677696203805956,False,7,7,22.525601228758205,10.457600517714134,7.922913806309944,0.4866785079928952
M02,sub-M02_ses-20240312T100000_behavior+ecephys.nwb,RSC,1,LtoR,18,35,-0.015991524785180254,-0.01599152478518027,-0.015991524785180237,False,7,7,19.831240196077488,10.699138122417997,9.001494519932182,0.4969818913480885
M02,sub-M02_ses-20240312T100000_behavior+ecephys.nwb,RSC,1,LtoR,19,37,0.14589178560046226,0.1458917856004622,0.1458917856004623,False,7,7,12.949973333333219,15.165711188223485,13.079381787248886,0.5617283950617284
M02,sub-M02_ses-20240312T100000_behavior+ecephys.nwb,RSC,1,LtoR,20,39,-0.05788676352122524,-0.05788676352122526,-0.05788676352122521,False,7,7,18.11800581699299,11.522618781276808,6.420255754338175,0.5242290748898678
M02,sub-M02_ses-20240312T100000_behavior+ecephys.nwb,RSC,1,LtoR,21,41,0.16348664847164793,0.1634866484716479,0.163486648471648,False,7,7,22.65012032679624,10.66490540871741,8.256752576393566,0.46113074204946997
M02,sub-M02_ses-20240312T100000_behavior+ecephys.nwb,RSC,1,LtoR,22,43,0.10559241442888664,0.1055924144288866,0.10559241442888669,False,7,7,15.108053333333373,13.858902236881871,7.939069545608451,0.5185185185185185
M02,sub-M02_ses-20240312T100000_behavior+ecephys.nwb,RSC,1,LtoR,23,45,0.24344200503405478,0.24344200503405472,0.24344200503405483,False,7,7,19.632213725490146,12.7664451846086,10.237771176110543,0.44715447154471544
M02,sub-M02_ses-20240312T100000_behavior+ecephys.nwb,RSC,1,LtoR,24,47,0.020401441115599002,0.020401441115598985,0.02040144111559903,False,7,7,26.57922733333271,11.0637875736465,7.748635045499448,0.4099099099099099
M02,sub-M02_ses-20240312T100000_behavior+ecephys.nwb,RSC,1,LtoR,25,49,0.14672553866527271,0.14672553866527271,0.14672553866527277,False,7,7,18.156547138854876,10.672918639363335,10.988419334614404,0.5802197802197803
M02,sub-M02_ses-20240312T100000_behavior+ecephys.nwb,RSC,1,LtoR,26,51,0.013141733309197524,0.013141733309197507,0.013141733309197545,False,7,7,15.58813199999986,12.024442731287298,8.892371099850154,0.6102564102564103
M02,sub-M02_ses-20240312T100000_behavior+ecephys.nwb,RSC,1,LtoR,27,53,0.06917488577401563,0.06917488577401561,0.06917488577401566,True,7,7,16.74646333333385,14.336202968474376,10.57687997446433,0.4666666666666667
M02,sub-M02_ses-20240312T100000_behavior+ecephys.nwb,RSC,1,LtoR,28,55,0.16068426834110328,0.16068426834110322,0.16068426834110333,True,7,7,23.781047058822878,10.222109146719042,7.960051982922695,0.46812080536912754
M02,sub-M02_ses-20240312T100000_behavior+ecephys.nwb,RSC,1,LtoR,29,57,0.122128643976026,0.12212864397602595,0.12212864397602605,True,7,7,12.545694705882852,11.221773795373434,10.87142488170301,0.7929936305732485
M02,sub-M02_ses-20240312T100000_behavior+ecephys.nwb,RSC,1,LtoR,30,59,0.06698278877479326,0.06698278877479322,0.06698278877479327,True,7,7,16.124969019608216,11.065075260203011,7.006875552010518,0.6485148514851485
M02,sub-M02_ses-20240312T100000_behavior+ecephys.nwb,RSC,1,LtoR,31,61,0.05503303864358591,0.05503303864358589,0.05503303864358594,True,7,7,22.378256802721808,11.981639017581406,8.937706655963153,0.4160714285714286
M02,sub-M02_ses-20240312T100000_behavior+ecephys.nwb,RSC,1,LtoR,32,63,0.20896571777349224,0.20896571777349218,0.2089657177734923,True,7,7,14.461251904761411,14.49593321447478,11.808679956989032,0.5359116022099447
M02,sub-M02_ses-20240312T100000_behavior+ecephys.nwb,RSC,1,LtoR,33,65,-0.0017321185861644177,-0.001732118586164439,-0.0017321185861643989,True,7,7,16.06693333333351,12.981307365571096,10.918226272430157,0.5223880597014925
M02,sub-M02_ses-20240312T100000_behavior+ecephys.nwb,RSC,1,LtoR,34,67,0.1385242658920678,0.13852426589206776,0.13852426589206784,True,7,7,13.819134829932409,14.73433266255744,10.84739932189063,0.5375722543352601
M02,sub-M02_ses-20240312T100000_behavior+ecephys.nwb,RSC,1,LtoR,35,69,0.03312666998154525,0.03312666998154523,0.03312666998154528,True,7,7,76.85698563265305,6.840907441791793,4.365649076058466,0.3100936524453694
M02,sub-M02_ses-20240312T100000_behavior+ecephys.nwb,RSC,1,LtoR,36,71,-0.02930562133080405,-0.029305621330804072,-0.02930562133080403,True,7,7,13.73618843537406,11.672134850441772,8.938996390537659,0.6976744186046512
M02,sub-M02_ses-20240312T100000_behavior+ecephys.nwb,RSC,1,RtoL,1,2,0.1233674960147327,0.12336749601473264,0.12336749601473272,False,7,7,30.02126952380968,9.584413149030706,7.80354210438256,0.39095744680851063
M02,sub-M02_ses-20240312T100000_behavior+ecephys.nwb,RSC,1,RtoL,2,4,0.00310759804829263,0.003107598048292608,0.0031075980482926637,False,7,7,22.38788809523885,10.59020763129989,10.037760299165118,0.44206773618538325
M02,sub-M02_ses-20240312T100000_behavior+ecephys.nwb,RSC,1,RtoL,3,6,-0.002814581314053065,-0.002814581314053089,-0.0028145813140530397,False,7,7,35.25240000000031,8.931305311159148,5.819169654496796,0.3567383918459796
M02,sub-M02_ses-20240312T100000_behavior+ecephys.nwb,RSC,1,RtoL,4,8,0.05371801260326636,0.05371801260326634,0.053718012603266384,False,7,7,25.68471000000045,9.834895244059114,8.404540567344501,0.42990654205607476
M02,sub-M02_ses-20240312T100000_behavior+ecephys.nwb,RSC,1,RtoL,5,10,0.105421267651864,0.10542126765186396,0.10542126765186405,False,7,7,30.639774313724956,8.69230433622611,6.809306198118627,0.4028683181225554
M02,sub-M02_ses-20240312T100000_behavior+ecephys.nwb,RSC,1,RtoL,6,12,0.06336295007817071,0.06336295007817067,0.06336295007817073,False,7,7,18.066659484563388,11.409061881526602,11.418494661181603,0.5209713024282561
M02,sub-M02_ses-20240312T100000_behavior+ecephys.nwb,RSC,1,RtoL,7,14,0.06616657832104253,0.06616657832104249,0.06616657832104256,False,7,7,33.05429000000004,10.977433936683928,9.625552890746247,0.31197097944377267
M02,sub-M02_ses-20240312T100000_behavior+ecephys.nwb,RSC,1,RtoL,8,16,0.26576394424552,0.26576394424551997,0.2657639442455201,False,7,7,17.985793333333277,12.442204654688426,11.029131692562958,0.49445676274944567
M02,sub-M02_ses-20240312T100000_behavior+ecephys.nwb,RSC,1,RtoL,9,18,0.29352827008846405,0.293528270088464,0.2935282700884641,False,7,7,23.745949019607906,10.414674355569984,7.998783878546105,0.44107744107744107
M02,sub-M02_ses-20240312T100000_behavior+ecephys.nwb,RSC,1,RtoL,10,20,0.01619013936838741,0.016190139368387386,0.016190139368387434,False,7,7,22.381233333332602,15.083441268186357,13.58802444702494,0.32976827094474154
M02,sub-M02_ses-20240312T100000_behavior+ecephys.nwb,RSC,1,RtoL,11,22,0.21188685324775952,0.21188685324775947,0.21188685324775958,False,7,7,20.38493333333372,12.5005678603678,10.441415385461795,0.4294117647058823
M02,sub-M02_ses-20240312T100000_behavior+ecephys.nwb,RSC,1,RtoL,12,24,0.2698722603928896,0.2698722603928895,0.2698722603928897,False,7,7,14.13304815686297,13.734011232032392,12.303436379864406,0.5677966101694916
M02,sub-M02_ses-20240312T100000_behavior+ecephys.nwb,RSC,1,RtoL,13,26,0.3830169814339079,0.3830169814339077,0.383016981433908,False,7,7,15.58811333333324,16.593858261915663,17.013928549719704,0.4194373401534527
M02,sub-M02_ses-20240312T100000_behavior+ecephys.nwb,RSC,1,RtoL,14,28,0.19092677248839343,0.19092677248839335,0.19092677248839351,False,7,7,29.117962312925556,10.528406524881312,6.924288524953496,0.3607681755829904
M02,sub-M02_ses-20240312T100000_behavior+ecephys.nwb,RSC,1,RtoL,15,30,0.17276730518584554,0.17276730518584552,0.17276730518584563,False,7,7,53.2218910364154,9.231117907605945,7.7501771785255364,0.24718256949661907
M02,sub-M02_ses-20240312T100000_behavior+ecephys.nwb,RSC,1,RtoL,16,32,0.4486635831003526,0.4486635831003524,0.4486635831003527,False,7,7,37.29199399999925,9.912827632225085,7.3831261250201425,0.30406852248394006
M02,sub-M02_ses-20240312T100000_behavior+ecephys.nwb,RSC,1,RtoL,17,34,0.025418024548551937,0.025418024548551906,0.02541802454855197,False,7,7,17.001978104575755,9.938811252845143,8.575126156519135,0.667447306791569
M02,sub-M02_ses-20240312T100000_behavior+ecephys.nwb,RSC,1,RtoL,18,36,-0.026811145317650296,-0.026811145317650324,-0.02681114531765027,False,7,7,27.011106470588857,9.051729052749547,7.627758010312721,0.44970414201183434
M02,sub-M02_ses-20240312T100000_behavior+ecephys.nwb,RSC,1,RtoL,19,38,0.16188563081215948,0.1618856308121594,0.16188563081215954,False,7,7,47.5624333333335,10.02184888548837,7.003780260161104,0.22670025188916876
M02,sub-M02_ses-20240312T100000_behavior+ecephys.nwb,RSC,1,RtoL,20,40,0.37292512532613736,0.3729251253261372,0.3729251253261374,False,7,7,58.033040522876945,7.936066369194073,5.730694224649365,0.2837465564738292
M02,sub-M02_ses-20240312T100000_behavior+ecephys.nwb,RSC,1,RtoL,21,42,0.18191134671697623,0.18191134671697617,0.18191134671697629,False,7,7,41.44796333333397,11.258422352817773,7.726174091473843,0.2466281310211946
M02,sub-M02_ses-20240312T100000_behavior+ecephys.nwb,RSC,1,RtoL,22,44,0.2287496829838917,0.22874968298389164,0.22874968298389176,False,7,7,27.884540784313685,9.97935511423353,5.971317763511206,0.41117478510028654
M02,sub-M02_ses-20240312T100000_behavior+ecephys.nwb,RSC,1,RtoL,23,46,0.21186153245106054,0.21186153245106046,0.2118615324510606,False,7,7,60.91679549019591,7.168900289943929,5.5815376558130545,0.29986876640419946
M02,sub-M02_ses-20240312T100000_behavior+ecephys.nwb,RSC,1,RtoL,24,48,0.23754926233018775,0.23754926233018767,0.23754926233018783,False,7,7,22.795267292518474,11.887514904352432,10.506976436248985,0.39404553415061294
M02,sub-M02_ses-20240312T100000_behavior+ecephys.nwb,RSC,1,RtoL,25,50,0.15831246878426486,0.1583124687842648,0.15831246878426491,False,7,7,29.232636235294194,10.129993428178627,8.28243931827436,0.42349726775956287
M02,sub-M02_ses-20240312T100000_behavior+ecephys.nwb,RSC,1,RtoL,26,52,0.19553128477211767,0.19553128477211762,0.19553128477211773,True,7,7,23.30173666666633,10.675566872640886,7.7635978350479,0.4691780821917808
M02,sub-M02_ses-20240312T100000_behavior+ecephys.nwb,RSC,1,RtoL,27,54,0.20806186866994447,0.20806186866994444,0.20806186866994456,True,7,7,28.378719999999703,8.447904335056469,7.1249170705785625,0.46901408450704224
M02,sub-M02_ses-20240312T100000_behavior+ecephys.nwb,RSC,1,RtoL,28,56,0.211442712461362,0.21144271246136195,0.21144271246136204,True,7,7,55.79938823529483,8.695000293354905,6.66903514657781,0.24068767908309455
M02,sub-M02_ses-20240312T100000_behavior+ecephys.nwb,RSC,1,RtoL,29,58,0.18800779461034992,0.1880077946103499,0.18800779461035,True,7,7,26.57911666666587,9.438829662601098,7.8934134748616485,0.46996996996997
M02,sub-M02_ses-20240312T100000_behavior+ecephys.nwb,RSC,1,RtoL,30,60,0.06717955797266296,0.06717955797266294,0.067179557972663,True,7,7,20.285800980392196,11.356877983453826,9.297224312342415,0.5078740157480315
M02,sub-M02_ses-20240312T100000_behavior+ecephys.nwb,RSC,1,RtoL,31,62,0.15172702095610946,0.1517270209561094,0.15172702095610952,True,7,7,21.34760319727775,11.292456475355731,8.123642395712674,0.5177570093457944
M02,sub-M02_ses-20240312T100000_behavior+ecephys.nwb,RSC,1,RtoL,32,64,0.23397264933231268,0.23397264933231263,0.23397264933231274,True,7,7,42.53442142857239,9.488347064626478,7.756962488519234,0.3117370892018779
M02,sub-M02_ses-20240312T100000_behavior+ecephys.nwb,RSC,1,RtoL,33,66,0.2942154218034252,0.29421542180342514,0.29421542180342536,True,7,7,32.18460850340125,8.94832203635595,6.903357529784792,0.42379182156133827
M02,sub-M02_ses-20240312T100000_behavior+ecephys.nwb,RSC,1,RtoL,34,68,0.285309432861352,0.28530943286135196,0.28530943286135213,True,7,7,34.61210266666603,9.17919862407888,6.513902411072163,0.3787528868360277
M02,sub-M02_ses-20240312T100000_behavior+ecephys.nwb,RSC,1,RtoL,35,70,0.05544611565092635,0.05544611565092633,0.055446115650926386,True,7,7,21.70508503401379,11.742037626542283,9.592964920711903,0.4724264705882353
M02,sub-M02_ses-20240313T100000_behavior+ecephys.nwb,CA1,1,LtoR,1,1,0.001491783802773627,-0.0924098492988475,0.08982894082354399,False,173,37,9.675749999999425,14.070638235669994,13.488273316959285,0.691358024691358
M02,sub-M02_ses-20240313T100000_behavior+ecephys.nwb,CA1,1,LtoR,2,3,0.07608101997640924,-0.01597292731111721,0.17045290275783667,False,173,37,23.75390238095224,9.586413442483801,7.322362506046307,0.5092436974789916
M02,sub-M02_ses-20240313T100000_behavior+ecephys.nwb,CA1,1,LtoR,3,5,0.06550665445671719,-0.034089113154739274,0.16429221895715662,False,173,37,32.33483000000069,9.62782881822152,9.425487693200148,0.3617283950617284
M02,sub-M02_ses-20240313T100000_behavior+ecephys.nwb,CA1,1,LtoR,4,7,0.10670780953731154,0.024172948255670176,0.20455873682074951,False,173,37,20.073411372549344,11.96911880301291,12.100213164483026,0.46520874751491054
M02,sub-M02_ses-20240313T100000_behavior+ecephys.nwb,CA1,1,LtoR,5,9,0.1401386844321384,0.050088684783331554,0.2451747613956663,False,173,37,24.831775646258393,12.614026287978664,12.418739761317822,0.3520900321543408
M02,sub-M02_ses-20240313T100000_behavior+ecephys.nwb,CA1,1,LtoR,6,11,0.15719157664426212,0.06902694595773597,0.2653504413803706,False,173,37,17.38568999999916,15.83527710784798,16.280156222856313,0.3944954128440367
M02,sub-M02_ses-20240313T100000_behavior+ecephys.nwb,CA1,1,LtoR,7,13,0.17145088108762663,0.07506129900694075,0.25717805341562827,False,173,37,39.29973445378164,9.732903049748897,7.38637798200448,0.3051881993896236
M02,sub-M02_ses-20240313T100000_behavior+ecephys.nwb,CA1,1,LtoR,8,15,0.18808393510964572,0.07926384194482394,0.30130662702816924,False,173,37,39.44949866666684,10.55984500327277,8.076551454030406,0.2765957446808511
M02,sub-M02_ses-20240313T100000_behavior+ecephys.nwb,CA1,1,LtoR,9,17,0.11389602859809743,-0.002237941319765288,0.2153650964183736,False,173,37,18.186056666666445,14.827994014567997,14.999392899608237,0.4100877192982456
M02,sub-M02_ses-20240313T100000_behavior+ecephys.nwb,CA1,1,LtoR,10,19,0.127846854695504,0.04115042605168257,0.21847934321295226,False,173,37,21.34304666666685,11.165714743328044,8.908989676728156,0.48411214953271026
M02,sub-M02_ses-20240313T100000_behavior+ecephys.nwb,CA1,1,LtoR,11,21,0.17650582965484807,0.0896467300444571,0.2664875472512234,False,173,37,14.388433333333523,16.480258478802796,16.590322761933226,0.45706371191135736
M02,sub-M02_ses-20240313T100000_behavior+ecephys.nwb,CA1,1,LtoR,12,23,0.2061628111943076,0.10987658674939241,0.31233978318346994,False,173,37,18.346296666666603,15.37417733840877,9.545053656120333,0.3978260869565217
M02,sub-M02_ses-20240313T100000_behavior+ecephys.nwb,CA1,1,LtoR,13,25,0.13821914095156224,0.015698417501224072,0.2412342294329634,False,173,37,15.0757047619054,14.886400625480318,14.528136956169071,0.503957783641161
M02,sub-M02_ses-20240313T100000_behavior+ecephys.nwb,CA1,1,LtoR,14,27,0.21610932320053422,0.11129507174926329,0.32014592006693193,False,173,37,10.632053333333715,19.586984945218568,19.44240423446646,0.5168539325842697
M02,sub-M02_ses-20240313T100000_behavior+ecephys.nwb,CA1,1,LtoR,15,29,0.2091469497769236,0.10739200907471923,0.3306962721672711,False,173,37,7.473926000001484,22.09792792840289,19.903765846470797,0.6524064171122995
M02,sub-M02_ses-20240313T100000_behavior+ecephys.nwb,CA1,1,LtoR,16,31,0.20808008334457528,0.09776900948333733,0.30589196278180497,False,173,37,11.431193333333795,18.84784484107775,19.224445418019517,0.49825783972125437
M02,sub-M02_ses-20240313T100000_behavior+ecephys.nwb,CA1,1,LtoR,17,33,0.21723737335619447,0.10233230982834973,0.3496270623404262,False,173,37,8.369809803921271,21.156258273591348,23.016671646250472,0.5971563981042654
M02,sub-M02_ses-20240313T100000_behavior+ecephys.nwb,CA1,1,LtoR,18,35,0.1977109328776132,0.09321405680534113,0.29856124893508773,False,173,37,10.712283333334199,16.507135253349226,12.60101609023711,0.6059479553903345
M02,sub-M02_ses-20240313T100000_behavior+ecephys.nwb,CA1,1,LtoR,19,37,0.19448952387224688,0.10924646957355287,0.29629122846345507,False,173,37,9.690799019607766,21.45377760298136,22.68940423861183,0.5267489711934157
M02,sub-M02_ses-20240313T100000_behavior+ecephys.nwb,CA1,1,LtoR,20,39,0.198624057013459,0.09708958692334152,0.29461553053761497,False,173,37,13.373525098038954,20.761862654481355,20.751433848502323,0.3880597014925373
M02,sub-M02_ses-20240313T100000_behavior+ecephys.nwb,CA1,1,LtoR,21,41,0.17680666786284455,0.08199834588749974,0.29147460446601425,False,173,37,15.05038333333323,18.216235611113504,16.581111459391817,0.40318302387267907
M02,sub-M02_ses-20240313T100000_behavior+ecephys.nwb,CA1,1,LtoR,22,43,0.21568101355833616,0.11120684411630022,0.33408273160015983,False,173,37,9.237599863945434,20.744952050971154,19.119615902663394,0.5603448275862069
M02,sub-M02_ses-20240313T100000_behavior+ecephys.nwb,CA1,1,LtoR,23,45,0.23175601290016073,0.11922724914595154,0.35323122475296925,False,173,37,11.191233333333912,20.723387291936717,24.82380223495067,0.46785714285714286
M02,sub-M02_ses-20240313T100000_behavior+ecephys.nwb,CA1,1,LtoR,24,47,0.23294419893612542,0.1086088250834563,0.33498592628761764,False,173,37,10.511143333334076,20.520303742875058,22.89659432059505,0.5057034220532319
M02,sub-M02_ses-20240313T100000_behavior+ecephys.nwb,CA1,1,LtoR,25,49,0.2169931929242521,0.08392902368774054,0.33783375403876764,False,173,37,10.672689333333437,20.636567437101768,19.110673854901705,0.5
M02,sub-M02_ses-20240313T100000_behavior+ecephys.nwb,CA1,1,LtoR,26,51,0.2283779611878515,0.12637257190779358,0.33784553236918274,False,173,37,10.480305278912056,18.79429490881225,18.52888654641379,0.5454545454545454
M02,sub-M02_ses-20240313T100000_behavior+ecephys.nwb,CA1,1,LtoR,27,53,0.24253846698500622,0.153728238192439,0.35033549448522655,False,173,37,12.590583333333598,17.113588257037033,15.701899945482582,0.5253164556962026
M02,sub-M02_ses-20240313T100000_behavior+ecephys.nwb,CA1,1,LtoR,28,55,0.2420668142631623,0.1394003293428929,0.3536639711957548,False,173,37,8.049285686274743,22.36465711860891,26.529334628353535,0.5960591133004927
M02,sub-M02_ses-20240313T100000_behavior+ecephys.nwb,CA1,1,LtoR,29,57,0.2227273558429304,0.12115414641086203,0.34347025600170905,False,173,37,9.622796530611595,20.574008678092138,20.035133477525115,0.5578512396694215
M02,sub-M02_ses-20240313T100000_behavior+ecephys.nwb,CA1,1,LtoR,30,59,0.24491505754204834,0.1602782036368491,0.3149563367876621,False,173,37,9.114173333333383,22.053649625073543,24.361752638086994,0.537117903930131
M02,sub-M02_ses-20240313T100000_behavior+ecephys.nwb,CA1,1,LtoR,31,61,0.23306839673351598,0.11713972419339305,0.3351388457951811,False,173,37,9.22709725490131,18.81780027245978,16.543517371828592,0.6293103448275862
M02,sub-M02_ses-20240313T100000_behavior+ecephys.nwb,CA1,1,LtoR,32,63,0.2521480949659496,0.14911722967078342,0.36842571247127515,False,173,37,11.191373333333104,20.481607191614444,20.145308795720894,0.4626334519572954
M02,sub-M02_ses-20240313T100000_behavior+ecephys.nwb,CA1,1,LtoR,33,65,0.180431385005206,0.03287860498828878,0.30234438090258425,False,173,37,13.632938235294205,16.70943894106646,12.716024855095268,0.49854227405247814
M02,sub-M02_ses-20240313T100000_behavior+ecephys.nwb,CA1,1,LtoR,34,67,0.2251683200602263,0.11056652574163452,0.3345982173757697,False,173,37,10.511419333332924,21.29633099096521,23.989992936628404,0.49242424242424243
M02,sub-M02_ses-20240313T100000_behavior+ecephys.nwb,CA1,1,LtoR,35,69,0.22611769988240354,0.1372338068317105,0.32089773012193584,False,173,37,12.55089333333217,20.575743700101423,15.732223555704337,0.4208860759493671
M02,sub-M02_ses-20240313T100000_behavior+ecephys.nwb,CA1,1,LtoR,36,71,0.23782799927586368,0.15025467180113353,0.33301003990407446,False,173,37,19.705250000000888,11.88922905068154,9.466653988476326,0.5364372469635628
M02,sub-M02_ses-20240313T100000_behavior+ecephys.nwb,CA1,1,LtoR,37,73,0.25004887088491295,0.15560358956893533,0.33036963735588903,False,173,37,14.908843333333607,13.48180371083691,11.056054350702796,0.5882352941176471
M02,sub-M02_ses-20240313T100000_behavior+ecephys.nwb,CA1,1,LtoR,38,75,0.26425540641904066,0.16430227454136825,0.3723621505828647,False,173,37,6.955153333333328,22.100778198557276,26.087980634498958,0.7045454545454546
M02,sub-M02_ses-20240313T100000_behavior+ecephys.nwb,CA1,1,LtoR,39,77,0.2479616470202923,0.14008841912651793,0.36401047285873367,False,173,37,6.893649411764272,22.380785628857854,26.18483616741678,0.6954022988505747
M02,sub-M02_ses-20240313T100000_behavior+ecephys.nwb,CA1,1,LtoR,40,79,0.2789166057185627,0.17188281466529323,0.37402047153731094,False,173,37,16.711763197278742,13.290598167589554,11.728317273628043,0.4916467780429594
M02,sub-M02_ses-20240313T100000_behavior+ecephys.nwb,CA1,1,LtoR,41,81,0.3154212109223938,0.19761557930981147,0.44344637294968553,False,173,37,10.313897058823386,18.631467434864337,16.449413809086554,0.5769230769230769
M02,sub-M02_ses-20240313T100000_behavior+ecephys.nwb,CA1,1,LtoR,42,83,0.31616349709145114,0.21492401882538661,0.41983230518897546,False,173,37,11.02717254901927,16.289098662136965,12.042165806450118,0.631768953068592
M02,sub-M02_ses-20240313T100000_behavior+ecephys.nwb,CA1,1,LtoR,43,85,0.3276620016044999,0.21916493021166406,0.42068720638072676,False,173,37,6.8267455782315665,18.98718545354954,16.31547176708558,0.8362573099415205
M02,sub-M02_ses-20240313T100000_behavior+ecephys.nwb,CA1,1,LtoR,44,87,0.31000179097226344,0.18029394301861953,0.42269132455132724,False,173,37,7.793363333333218,22.434026819790674,23.82411721925876,0.6153846153846154
M02,sub-M02_ses-20240313T100000_behavior+ecephys.nwb,CA1,1,LtoR,45,89,0.26199949757464525,0.15325290238156714,0.36543967859515863,True,173,37,26.805045882352715,13.108811464955144,10.455550490422134,0.323397913561848
M02,sub-M02_ses-20240313T100000_behavior+ecephys.nwb,CA1,1,LtoR,46,91,0.2915160680834122,0.18994605556639754,0.3905862760687605,True,173,37,18.091782753101143,13.260359568769504,11.186971423620044,0.4856512141280353
M02,sub-M02_ses-20240313T100000_behavior+ecephys.nwb,CA1,1,LtoR,47,93,0.29273423368764173,0.19478471025119148,0.382879361602956,True,173,37,19.887425238095602,10.40945405891517,7.046790224216714,0.5682730923694779
M02,sub-M02_ses-20240313T100000_behavior+ecephys.nwb,CA1,1,LtoR,48,95,0.30677586578862615,0.2119253957391415,0.3921552785752596,True,173,37,7.593333333332339,20.230930118563787,21.22540275921325,0.7105263157894737
M02,sub-M02_ses-20240313T100000_behavior+ecephys.nwb,CA1,1,LtoR,49,97,0.2349458617077369,0.1322114770219756,0.3303501834779088,True,173,37,36.74368333333314,8.380196716085305,6.1444330411329435,0.4032608695652174
M02,sub-M02_ses-20240313T100000_behavior+ecephys.nwb,CA1,1,LtoR,50,99,0.3123183651717165,0.19185427843870367,0.422159587144477,True,173,37,21.943551999999727,11.756563312108783,9.937029973124714,0.4581818181818182
M02,sub-M02_ses-20240313T100000_behavior+ecephys.nwb,CA1,1,LtoR,51,101,0.3405581056307087,0.24377071596532443,0.4487535218587855,True,173,37,19.82486666666773,13.815738204133297,8.79451017882253,0.42338709677419356
M02,sub-M02_ses-20240313T100000_behavior+ecephys.nwb,CA1,1,LtoR,52,103,0.24433785846967926,0.1308064002965381,0.35271489160383984,True,173,37,40.63149333333331,7.497673556173902,5.6312354416035,0.4296951819075713
M02,sub-M02_ses-20240313T100000_behavior+ecephys.nwb,CA1,1,LtoR,53,105,0.28652758651456445,0.16949876905727196,0.39409123687043357,True,173,37,26.42835575510253,12.396822900040535,7.579235980306089,0.35196374622356497
M02,sub-M02_ses-20240313T100000_behavior+ecephys.nwb,CA1,1,LtoR,54,107,0.22764127690406222,0.12549248423085246,0.3297202493999729,True,173,37,19.146076666666886,11.128273353609934,7.527313539958062,0.6791666666666667
M02,sub-M02_ses-20240313T100000_behavior+ecephys.nwb,CA1,1,RtoL,1,2,0.042235035162000646,-0.03512121863328745,0.14137461774385385,False,173,37,23.968530952381116,9.475149191406397,8.089703527475962,0.47833333333333333
M02,sub-M02_ses-20240313T100000_behavior+ecephys.nwb,CA1,1,RtoL,2,4,0.09669305591439217,0.019603041756915785,0.20326235324286512,False,173,37,24.859986666666373,8.94881637207201,6.624430924285636,0.5241157556270096
M02,sub-M02_ses-20240313T100000_behavior+ecephys.nwb,CA1,1,RtoL,3,6,0.11638090710615745,0.02279262101991091,0.18841614203499918,False,173,37,25.02128666666613,10.14684015874122,9.203203065563013,0.43450479233226835
M02,sub-M02_ses-20240313T100000_behavior+ecephys.nwb,CA1,1,RtoL,4,8,0.1097043556999498,0.02828922524712174,0.20272112842128684,False,173,37,32.12557529411788,9.577529148051422,7.826998550045852,0.3793532338308458
M02,sub-M02_ses-20240313T100000_behavior+ecephys.nwb,CA1,1,RtoL,5,10,0.07835293175059177,-0.013649568788881749,0.1636584934033536,False,173,37,23.051244353741822,11.612485555442905,9.8965468241531,0.41421143847487
M02,sub-M02_ses-20240313T100000_behavior+ecephys.nwb,CA1,1,RtoL,6,12,0.14132805416264077,0.041376037346668164,0.23788625263449928,False,173,37,29.565644117647025,9.103026536403451,7.5429978298675575,0.4243243243243243
M02,sub-M02_ses-20240313T100000_behavior+ecephys.nwb,CA1,1,RtoL,7,14,0.13254019335083134,0.046070704395618514,0.2150406634951031,False,173,37,23.103358095238036,9.015523957504083,6.822162848009179,0.5854922279792746
M02,sub-M02_ses-20240313T100000_behavior+ecephys.nwb,CA1,1,RtoL,8,16,0.1398182456070533,0.0676067171799915,0.23017460622221136,False,173,37,21.98255800000061,10.735297178963936,6.737081459343002,0.5027223230490018
M02,sub-M02_ses-20240313T100000_behavior+ecephys.nwb,CA1,1,RtoL,9,18,0.10759743586617576,0.022701529724452666,0.1960059160097252,False,173,37,15.907453333333251,12.508108745287748,11.059570895363592,0.5577889447236181
M02,sub-M02_ses-20240313T100000_behavior+ecephys.nwb,CA1,1,RtoL,10,20,0.12000977094708884,0.004480305213785532,0.2351119491569008,False,173,37,37.57169999999951,12.362382827615724,6.2941660464126805,0.24893617021276596
M02,sub-M02_ses-20240313T100000_behavior+ecephys.nwb,CA1,1,RtoL,11,22,0.12047157122711566,0.029154338045811246,0.23515793033517782,False,173,37,13.029253333333145,16.21505169726606,12.763243790613208,0.5276073619631901
M02,sub-M02_ses-20240313T100000_behavior+ecephys.nwb,CA1,1,RtoL,12,24,0.14543948329559694,0.03995307655912672,0.23030381342784875,False,173,37,28.21054523809562,13.046551592140352,10.68408630646677,0.3073654390934844
M02,sub-M02_ses-20240313T100000_behavior+ecephys.nwb,CA1,1,RtoL,13,26,0.13760017225007432,-0.0035752543673762197,0.23506546573764006,False,173,37,18.825296666665963,17.612565069736817,15.557195297007581,0.3227176220806794
M02,sub-M02_ses-20240313T100000_behavior+ecephys.nwb,CA1,1,RtoL,14,28,0.17505200158289358,0.09251816621884992,0.25108879706469983,False,173,37,27.259606666665604,12.98179784271012,7.661232330629788,0.3206442166910688
M02,sub-M02_ses-20240313T100000_behavior+ecephys.nwb,CA1,1,RtoL,15,30,0.1325470561517084,0.04448545125589167,0.22375116531840378,False,173,37,9.552587333332667,19.25735525877388,25.418636971984707,0.5708333333333333
M02,sub-M02_ses-20240313T100000_behavior+ecephys.nwb,CA1,1,RtoL,16,32,0.1366172800832829,0.03761663068399846,0.22714217034618692,False,173,37,16.827403333332768,14.8500135924571,6.4054656340917475,0.45605700712589076
M02,sub-M02_ses-20240313T100000_behavior+ecephys.nwb,CA1,1,RtoL,17,34,0.09797345746009323,-0.022812492841807135,0.18969398705343113,False,173,37,29.40065019607846,12.643330844662879,7.2037384885084705,0.31929347826086957
M02,sub-M02_ses-20240313T100000_behavior+ecephys.nwb,CA1,1,RtoL,18,36,0.14451069009916484,0.055399993228037785,0.22699319011736738,False,173,37,19.566340980391942,14.147458200460058,7.5410752368742555,0.3877551020408163
M02,sub-M02_ses-20240313T100000_behavior+ecephys.nwb,CA1,1,RtoL,19,38,0.1561151825131662,0.060072887533115474,0.2480125274284787,False,173,37,26.555604901960578,19.426929525508132,15.940127219501585,0.21654135338345865
M02,sub-M02_ses-20240313T100000_behavior+ecephys.nwb,CA1,1,RtoL,20,40,0.15139500724118804,0.06331167458300588,0.2295054529384376,False,173,37,32.474020000000564,14.702134666915327,9.439866210988964,0.23862238622386223
M02,sub-M02_ses-20240313T100000_behavior+ecephys.nwb,CA1,1,RtoL,21,42,0.1482362103331632,0.051153471138662567,0.25961223972350006,False,173,37,22.821476666666058,14.568905954772557,6.4676746107986975,0.35664335664335667
M02,sub-M02_ses-20240313T100000_behavior+ecephys.nwb,CA1,1,RtoL,22,44,0.18305196978635874,0.08161965609009873,0.28513155039113625,False,173,37,14.904426802720991,15.525212555330269,9.642523549658474,0.4919786096256685
M02,sub-M02_ses-20240313T100000_behavior+ecephys.nwb,CA1,1,RtoL,23,46,0.19212226164835022,0.10404450261615408,0.28101056137310165,False,173,37,17.866496666666535,17.083791526924614,10.003442964956657,0.36607142857142855
M02,sub-M02_ses-20240313T100000_behavior+ecephys.nwb,CA1,1,RtoL,24,48,0.19241856090098358,0.08598088321643334,0.2793372869820279,False,173,37,30.896083999999064,18.864499515012994,17.776096378909134,0.18992248062015504
M02,sub-M02_ses-20240313T100000_behavior+ecephys.nwb,CA1,1,RtoL,25,50,0.16636237048876207,0.05416023009975619,0.2672932852168296,False,173,37,21.583025333333353,12.932778897527022,7.429860661016656,0.40925925925925927
M02,sub-M02_ses-20240313T100000_behavior+ecephys.nwb,CA1,1,RtoL,26,52,0.2098566968385736,0.09675080971863059,0.3028934788598193,False,173,37,14.900712721087984,15.031659453100591,10.290733379199475,0.4959785522788204
M02,sub-M02_ses-20240313T100000_behavior+ecephys.nwb,CA1,1,RtoL,27,54,0.2225664363051794,0.12980139945921282,0.30392757877522253,False,173,37,19.224603333333107,13.9533690635688,5.377637973060827,0.44490644490644493
M02,sub-M02_ses-20240313T100000_behavior+ecephys.nwb,CA1,1,RtoL,28,56,0.17837563496442402,0.07948589350977324,0.28440564128747786,False,173,37,17.26085778311335,17.749257260426287,13.3459803356736,0.36574074074074076
M02,sub-M02_ses-20240313T100000_behavior+ecephys.nwb,CA1,1,RtoL,29,58,0.2548061476056779,0.17048525075878065,0.3396921550906066,False,173,37,19.82414666666682,18.738222444692322,10.64724573729024,0.29435483870967744
M02,sub-M02_ses-20240313T100000_behavior+ecephys.nwb,CA1,1,RtoL,30,60,0.21730544455359885,0.13720492721769373,0.30509159996754576,False,173,37,16.633039411764912,16.18225542531214,8.693120948112997,0.4292565947242206
M02,sub-M02_ses-20240313T100000_behavior+ecephys.nwb,CA1,1,RtoL,31,62,0.20514137360217222,0.12715287616990967,0.277363708223312,False,173,37,20.504456666667465,19.276785024852444,13.430086440025432,0.2826510721247563
M02,sub-M02_ses-20240313T100000_behavior+ecephys.nwb,CA1,1,RtoL,32,64,0.1821418218046522,0.09541515592272025,0.27442047878904313,False,173,37,13.465788431372857,22.4238832912153,20.338071697318934,0.35014836795252224
M02,sub-M02_ses-20240313T100000_behavior+ecephys.nwb,CA1,1,RtoL,33,66,0.20003324129539068,0.11188954147835309,0.3028370035143349,False,173,37,19.625047333332986,13.146195862903795,8.576955334546616,0.45417515274949083
M02,sub-M02_ses-20240313T100000_behavior+ecephys.nwb,CA1,1,RtoL,34,68,0.2014660479305541,0.1024415146376725,0.3046917165186121,False,173,37,12.43088333333435,16.026553935833373,5.510100335498639,0.5755627009646302
M02,sub-M02_ses-20240313T100000_behavior+ecephys.nwb,CA1,1,RtoL,35,70,0.2447378148733091,0.1563184158530014,0.3148658075861627,False,173,37,14.628600000000006,16.536436779301734,10.054812924962029,0.45901639344262296
M02,sub-M02_ses-20240313T100000_behavior+ecephys.nwb,CA1,1,RtoL,36,72,0.1907619618684814,0.07899031695736061,0.27262751465527757,False,173,37,33.73377999999957,10.352505564243515,4.777369046991609,0.3447867298578199
M02,sub-M02_ses-20240313T100000_behavior+ecephys.nwb,CA1,1,RtoL,37,74,0.21788734371776922,0.1255539986523893,0.313392160256746,False,173,37,22.66271666666671,12.499706629354236,6.226900188068912,0.41798941798941797
M02,sub-M02_ses-20240313T100000_behavior+ecephys.nwb,CA1,1,RtoL,38,76,0.13211412430423264,0.03916244887904475,0.23977321728628476,False,173,37,23.282767254901955,12.786943514179255,8.231995618194162,0.39862542955326463
M02,sub-M02_ses-20240313T100000_behavior+ecephys.nwb,CA1,1,RtoL,39,78,0.18680976643733965,0.09662596399663058,0.2539393470280222,False,173,37,11.946086802721766,18.366630197276887,17.74766315120811,0.5117056856187291
M02,sub-M02_ses-20240313T100000_behavior+ecephys.nwb,CA1,1,RtoL,40,80,0.24206771934556487,0.15487537238674426,0.3266065959596431,False,173,37,15.507349607843025,17.122899064139872,8.804013054891396,0.422680412371134
M02,sub-M02_ses-20240313T100000_behavior+ecephys.nwb,CA1,1,RtoL,41,82,0.22115230508965644,0.11784653256503941,0.3197583484819934,False,173,37,14.82808333333378,14.972755002457458,8.37091009002608,0.5256064690026954
M02,sub-M02_ses-20240313T100000_behavior+ecephys.nwb,CA1,1,RtoL,42,84,0.25367063054107253,0.1378697941046875,0.35944040443095837,False,173,37,16.552227450980354,18.10872476196645,9.908438991060212,0.38072289156626504
M02,sub-M02_ses-20240313T100000_behavior+ecephys.nwb,CA1,1,RtoL,43,86,0.2274437366573607,0.11096135317987896,0.3484034901633476,False,173,37,13.997511088435203,15.044281297619094,5.7421398228195955,0.5738636363636364
M02,sub-M02_ses-20240313T100000_behavior+ecephys.nwb,CA1,1,RtoL,44,88,0.2315930930568821,0.13618993908773241,0.33222177975352424,False,173,37,11.806074117646858,15.056378270048395,5.550489522860392,0.6902356902356902
M02,sub-M02_ses-20240313T100000_behavior+ecephys.nwb,CA1,1,RtoL,45,90,0.16649841474816346,0.053340440753169564,0.30407997757381655,True,173,37,28.486920784313952,10.676519276456524,5.405978357035682,0.4305750350631136
M02,sub-M02_ses-20240313T100000_behavior+ecephys.nwb,CA1,1,RtoL,46,92,0.20183523316486746,0.11519539809037933,0.2990726640115539,True,173,37,16.151094557822944,14.074745574043455,8.865954268743437,0.49135802469135803
M02,sub-M02_ses-20240313T100000_behavior+ecephys.nwb,CA1,1,RtoL,47,94,0.20977326438463875,0.12297752192011671,0.3103522623787184,True,173,37,14.429203333334044,14.786657314872208,12.106659018541889,0.5359116022099447
M02,sub-M02_ses-20240313T100000_behavior+ecephys.nwb,CA1,1,RtoL,48,96,0.20661090599924656,0.10597884500367238,0.3454788133698908,True,173,37,25.78141666666761,9.65763934558704,6.525304760104831,0.5108359133126935
M02,sub-M02_ses-20240313T100000_behavior+ecephys.nwb,CA1,1,RtoL,49,98,0.20618905489206424,0.113616975448846,0.2951149516989006,True,173,37,19.17309333333378,11.046100181540593,8.762302286984598,0.5791666666666667
M02,sub-M02_ses-20240313T100000_behavior+ecephys.nwb,CA1,1,RtoL,50,100,0.19112805697634702,0.08742679959380642,0.29938648488167985,True,173,37,16.10802799999874,12.882640432290344,6.537320413140737,0.6113861386138614
M02,sub-M02_ses-20240313T100000_behavior+ecephys.nwb,CA1,1,RtoL,51,102,0.21607127461902342,0.10115422953253297,0.33243136931225137,True,173,37,26.35742666666647,10.695174674196236,5.264333185768945,0.453030303030303
M02,sub-M02_ses-20240313T100000_behavior+ecephys.nwb,CA1,1,RtoL,52,104,0.21349150815913687,0.1145785463028911,0.29056512321096883,True,173,37,48.07591891156426,8.048392464158676,4.7295116320423505,0.4417637271214642
M02,sub-M02_ses-20240313T100000_behavior+ecephys.nwb,CA1,1,RtoL,53,106,0.15613862385541585,0.0387519256782847,0.27545651128461185,True,173,37,23.501465333332817,8.601326646937263,6.323842440821625,0.5959252971137521
M02,sub-M02_ses-20240313T100000_behavior+ecephys.nwb,CA1,1,RtoL,54,108,0.22133388697896983,0.1302979718932582,0.3082288662803219,True,173,37,32.49535133333393,9.078071779791557,6.216863480310572,0.45879458794587946
M02,sub-M02_ses-20240313T100000_behavior+ecephys.nwb,CA3,1,LtoR,1,1,0.015522758090083608,0.015522758090083594,0.015522758090083622,False,37,37,9.675749999999425,14.070638235669994,13.488273316959285,0.691358024691358
M02,sub-M02_ses-20240313T100000_behavior+ecephys.nwb,CA3,1,LtoR,2,3,0.020498508421373938,0.02049850842137392,0.02049850842137396,False,37,37,23.75390238095224,9.586413442483801,7.322362506046307,0.5092436974789916
M02,sub-M02_ses-20240313T100000_behavior+ecephys.nwb,CA3,1,LtoR,3,5,0.07367440861076929,0.07367440861076927,0.07367440861076933,False,37,37,32.33483000000069,9.62782881822152,9.425487693200148,0.3617283950617284
M02,sub-M02_ses-20240313T100000_behavior+ecephys.nwb,CA3,1,LtoR,4,7,0.027417928071165984,0.02741792807116596,0.027417928071166015,False,37,37,20.073411372549344,11.96911880301291,12.100213164483026,0.46520874751491054
M02,sub-M02_ses-20240313T100000_behavior+ecephys.nwb,CA3,1,LtoR,5,9,-0.020837684743460757,-0.020837684743460778,-0.020837684743460736,False,37,37,24.831775646258393,12.614026287978664,12.418739761317822,0.3520900321543408
M02,sub-M02_ses-20240313T100000_behavior+ecephys.nwb,CA3,1,LtoR,6,11,0.06439901316799919,0.06439901316799916,0.06439901316799923,False,37,37,17.38568999999916,15.83527710784798,16.280156222856313,0.3944954128440367
M02,sub-M02_ses-20240313T100000_behavior+ecephys.nwb,CA3,1,LtoR,7,13,0.07232856159386783,0.07232856159386779,0.07232856159386787,False,37,37,39.29973445378164,9.732903049748897,7.38637798200448,0.3051881993896236
M02,sub-M02_ses-20240313T100000_behavior+ecephys.nwb,CA3,1,LtoR,8,15,0.07315895542490722,0.07315895542490719,0.07315895542490727,False,37,37,39.44949866666684,10.55984500327277,8.076551454030406,0.2765957446808511
M02,sub-M02_ses-20240313T100000_behavior+ecephys.nwb,CA3,1,LtoR,9,17,0.0840810949455325,0.08408109494553245,0.08408109494553252,False,37,37,18.186056666666445,14.827994014567997,14.999392899608237,0.4100877192982456
M02,sub-M02_ses-20240313T100000_behavior+ecephys.nwb,CA3,1,LtoR,10,19,0.016226303922645447,0.01622630392264543,0.016226303922645464,False,37,37,21.34304666666685,11.165714743328044,8.908989676728156,0.48411214953271026
M02,sub-M02_ses-20240313T100000_behavior+ecephys.nwb,CA3,1,LtoR,11,21,0.01910345129435659,0.019103451294356578,0.01910345129435661,False,37,37,14.388433333333523,16.480258478802796,16.590322761933226,0.45706371191135736
M02,sub-M02_ses-20240313T100000_behavior+ecephys.nwb,CA3,1,LtoR,12,23,0.08857226201206249,0.08857226201206245,0.08857226201206254,False,37,37,18.346296666666603,15.37417733840877,9.545053656120333,0.3978260869565217
M02,sub-M02_ses-20240313T100000_behavior+ecephys.nwb,CA3,1,LtoR,13,25,0.18966601043482473,0.18966601043482464,0.1896660104348249,False,37,37,15.0757047619054,14.886400625480318,14.528136956169071,0.503957783641161
M02,sub-M02_ses-20240313T100000_behavior+ecephys.nwb,CA3,1,LtoR,14,27,0.06204910191150066,0.062049101911500634,0.06204910191150071,False,37,37,10.632053333333715,19.586984945218568,19.44240423446646,0.5168539325842697
M02,sub-M02_ses-20240313T100000_behavior+ecephys.nwb,CA3,1,LtoR,15,29,0.12111520511724284,0.12111520511724279,0.12111520511724289,False,37,37,7.473926000001484,22.09792792840289,19.903765846470797,0.6524064171122995
M02,sub-M02_ses-20240313T100000_behavior+ecephys.nwb,CA3,1,LtoR,16,31,0.10730011303712243,0.10730011303712238,0.10730011303712245,False,37,37,11.431193333333795,18.84784484107775,19.224445418019517,0.49825783972125437
M02,sub-M02_ses-20240313T100000_behavior+ecephys.nwb,CA3,1,LtoR,17,33,0.14769666241132234,0.14769666241132223,0.1476966624113224,False,37,37,8.369809803921271,21.156258273591348,23.016671646250472,0.5971563981042654
M02,sub-M02_ses-20240313T100000_behavior+ecephys.nwb,CA3,1,LtoR,18,35,0.09010507821895142,0.09010507821895138,0.09010507821895146,False,37,37,10.712283333334199,16.507135253349226,12.60101609023711,0.6059479553903345
M02,sub-M02_ses-20240313T100000_behavior+ecephys.nwb,CA3,1,LtoR,19,37,0.10753198662823024,0.1075319866282302,0.10753198662823031,False,37,37,9.690799019607766,21.45377760298136,22.68940423861183,0.5267489711934157
M02,sub-M02_ses-20240313T100000_behavior+ecephys.nwb,CA3,1,LtoR,20,39,0.14979717179482038,0.1497971717948203,0.14979717179482047,False,37,37,13.373525098038954,20.761862654481355,20.751433848502323,0.3880597014925373
M02,sub-M02_ses-20240313T100000_behavior+ecephys.nwb,CA3,1,LtoR,21,41,0.11790927439522379,0.11790927439522371,0.11790927439522388,False,37,37,15.05038333333323,18.216235611113504,16.581111459391817,0.40318302387267907
M02,sub-M02_ses-20240313T100000_behavior+ecephys.nwb,CA3,1,LtoR,22,43,0.1515731861050235,0.15157318610502338,0.1515731861050236,False,37,37,9.237599863945434,20.744952050971154,19.119615902663394,0.5603448275862069
M02,sub-M02_ses-20240313T100000_behavior+ecephys.nwb,CA3,1,LtoR,23,45,0.1132357133208598,0.11323571332085973,0.11323571332085987,False,37,37,11.191233333333912,20.723387291936717,24.82380223495067,0.46785714285714286
M02,sub-M02_ses-20240313T100000_behavior+ecephys.nwb,CA3,1,LtoR,24,47,0.10095612193923649,0.10095612193923643,0.10095612193923656,False,37,37,10.511143333334076,20.520303742875058,22.89659432059505,0.5057034220532319
M02,sub-M02_ses-20240313T100000_behavior+ecephys.nwb,CA3,1,LtoR,25,49,0.13325730358588073,0.13325730358588067,0.13325730358588078,False,37,37,10.672689333333437,20.636567437101768,19.110673854901705,0.5
M02,sub-M02_ses-20240313T100000_behavior+ecephys.nwb,CA3,1,LtoR,26,51,0.09536277301790586,0.09536277301790581,0.0953627730179059,False,37,37,10.480305278912056,18.79429490881225,18.52888654641379,0.5454545454545454
M02,sub-M02_ses-20240313T100000_behavior+ecephys.nwb,CA3,1,LtoR,27,53,0.1772885337530812,0.17728853375308115,0.1772885337530813,False,37,37,12.590583333333598,17.113588257037033,15.701899945482582,0.5253164556962026
M02,sub-M02_ses-20240313T100000_behavior+ecephys.nwb,CA3,1,LtoR,28,55,0.13618190769606012,0.13618190769606003,0.13618190769606014,False,37,37,8.049285686274743,22.36465711860891,26.529334628353535,0.5960591133004927
M02,sub-M02_ses-20240313T100000_behavior+ecephys.nwb,CA3,1,LtoR,29,57,0.09668352857120736,0.09668352857120731,0.09668352857120742,False,37,37,9.622796530611595,20.574008678092138,20.035133477525115,0.5578512396694215
M02,sub-M02_ses-20240313T100000_behavior+ecephys.nwb,CA3,1,LtoR,30,59,0.07583492161732103,0.075834921617321,0.07583492161732107,False,37,37,9.114173333333383,22.053649625073543,24.361752638086994,0.537117903930131
M02,sub-M02_ses-20240313T100000_behavior+ecephys.nwb,CA3,1,LtoR,31,61,0.14766558059770524,0.14766558059770515,0.14766558059770532,False,37,37,9.22709725490131,18.81780027245978,16.543517371828592,0.6293103448275862
M02,sub-M02_ses-20240313T100000_behavior+ecephys.nwb,CA3,1,LtoR,32,63,0.15421448977392974,0.15421448977392965,0.15421448977392982,False,37,37,11.191373333333104,20.481607191614444,20.145308795720894,0.4626334519572954
M02,sub-M02_ses-20240313T100000_behavior+ecephys.nwb,CA3,1,LtoR,33,65,0.09830254078822735,0.0983025407882273,0.09830254078822744,False,37,37,13.632938235294205,16.70943894106646,12.716024855095268,0.49854227405247814
M02,sub-M02_ses-20240313T100000_behavior+ecephys.nwb,CA3,1,LtoR,34,67,0.16979131725002655,0.16979131725002647,0.16979131725002664,False,37,37,10.511419333332924,21.29633099096521,23.989992936628404,0.49242424242424243
M02,sub-M02_ses-20240313T100000_behavior+ecephys.nwb,CA3,1,LtoR,35,69,0.17776887694632101,0.17776887694632093,0.17776887694632118,False,37,37,12.55089333333217,20.575743700101423,15.732223555704337,0.4208860759493671
M02,sub-M02_ses-20240313T100000_behavior+ecephys.nwb,CA3,1,LtoR,36,71,0.20684749971514166,0.2068474997151415,0.20684749971514177,False,37,37,19.705250000000888,11.88922905068154,9.466653988476326,0.5364372469635628
M02,sub-M02_ses-20240313T100000_behavior+ecephys.nwb,CA3,1,LtoR,37,73,0.17737638444075834,0.17737638444075826,0.17737638444075843,False,37,37,14.908843333333607,13.48180371083691,11.056054350702796,0.5882352941176471
M02,sub-M02_ses-20240313T100000_behavior+ecephys.nwb,CA3,1,LtoR,38,75,0.14301631143547047,0.14301631143547036,0.14301631143547053,False,37,37,6.955153333333328,22.100778198557276,26.087980634498958,0.7045454545454546
M02,sub-M02_ses-20240313T100000_behavior+ecephys.nwb,CA3,1,LtoR,39,77,0.07177658729052744,0.07177658729052741,0.07177658729052747,False,37,37,6.893649411764272,22.380785628857854,26.18483616741678,0.6954022988505747
M02,sub-M02_ses-20240313T100000_behavior+ecephys.nwb,CA3,1,LtoR,40,79,0.16820286613794297,0.1682028661379429,0.16820286613794308,False,37,37,16.711763197278742,13.290598167589554,11.728317273628043,0.4916467780429594
M02,sub-M02_ses-20240313T100000_behavior+ecephys.nwb,CA3,1,LtoR,41,81,0.20022226854982925,0.20022226854982914,0.20022226854982939,False,37,37,10.313897058823386,18.631467434864337,16.449413809086554,0.5769230769230769
M02,sub-M02_ses-20240313T100000_behavior+ecephys.nwb,CA3,1,LtoR,42,83,0.12608102878816416,0.12608102878816407,0.12608102878816424,False,37,37,11.02717254901927,16.289098662136965,12.042165806450118,0.631768953068592
M02,sub-M02_ses-20240313T100000_behavior+ecephys.nwb,CA3,1,LtoR,43,85,0.21387742925662837,0.21387742925662828,0.21387742925662845,False,37,37,6.8267455782315665,18.98718545354954,16.31547176708558,0.8362573099415205
M02,sub-M02_ses-20240313T100000_behavior+ecephys.nwb,CA3,1,LtoR,44,87,0.24982878888255636,0.24982878888255625,0.24982878888255644,False,37,37,7.793363333333218,22.434026819790674,23.82411721925876,0.6153846153846154
M02,sub-M02_ses-20240313T100000_behavior+ecephys.nwb,CA3,1,LtoR,45,89,0.21475331848838103,0.2147533184883809,0.21475331848838114,True,37,37,26.805045882352715,13.108811464955144,10.455550490422134,0.323397913561848
M02,sub-M02_ses-20240313T100000_behavior+ecephys.nwb,CA3,1,LtoR,46,91,0.1879542419298635,0.1879542419298634,0.18795424192986362,True,37,37,18.091782753101143,13.260359568769504,11.186971423620044,0.4856512141280353
M02,sub-M02_ses-20240313T100000_behavior+ecephys.nwb,CA3,1,LtoR,47,93,0.09510084346122792,0.09510084346122787,0.095100843461228,True,37,37,19.887425238095602,10.40945405891517,7.046790224216714,0.5682730923694779
M02,sub-M02_ses-20240313T100000_behavior+ecephys.nwb,CA3,1,LtoR,48,95,0.1951311342248466,0.19513113422484651,0.19513113422484665,True,37,37,7.593333333332339,20.230930118563787,21.22540275921325,0.7105263157894737
M02,sub-M02_ses-20240313T100000_behavior+ecephys.nwb,CA3,1,LtoR,49,97,0.12912366819049176,0.12912366819049162,0.12912366819049184,True,37,37,36.74368333333314,8.380196716085305,6.1444330411329435,0.4032608695652174
M02,sub-M02_ses-20240313T100000_behavior+ecephys.nwb,CA3,1,LtoR,50,99,0.23713063243730662,0.23713063243730648,0.23713063243730678,True,37,37,21.943551999999727,11.756563312108783,9.937029973124714,0.4581818181818182
M02,sub-M02_ses-20240313T100000_behavior+ecephys.nwb,CA3,1,LtoR,51,101,0.22003524426673995,0.2200352442667398,0.22003524426674004,True,37,37,19.82486666666773,13.815738204133297,8.79451017882253,0.42338709677419356
M02,sub-M02_ses-20240313T100000_behavior+ecephys.nwb,CA3,1,LtoR,52,103,0.14416295159753847,0.14416295159753836,0.14416295159753859,True,37,37,40.63149333333331,7.497673556173902,5.6312354416035,0.4296951819075713
M02,sub-M02_ses-20240313T100000_behavior+ecephys.nwb,CA3,1,LtoR,53,105,0.1773447997466928,0.1773447997466927,0.1773447997466929,True,37,37,26.42835575510253,12.396822900040535,7.579235980306089,0.35196374622356497
M02,sub-M02_ses-20240313T100000_behavior+ecephys.nwb,CA3,1,LtoR,54,107,0.0683667014215839,0.06836670142158385,0.06836670142158395,True,37,37,19.146076666666886,11.128273353609934,7.527313539958062,0.6791666666666667
M02,sub-M02_ses-20240313T100000_behavior+ecephys.nwb,CA3,1,RtoL,1,2,0.019264078061069823,0.019264078061069806,0.01926407806106984,False,37,37,23.968530952381116,9.475149191406397,8.089703527475962,0.47833333333333333
M02,sub-M02_ses-20240313T100000_behavior+ecephys.nwb,CA3,1,RtoL,2,4,0.09829050599537338,0.09829050599537333,0.09829050599537344,False,37,37,24.859986666666373,8.94881637207201,6.624430924285636,0.5241157556270096
M02,sub-M02_ses-20240313T100000_behavior+ecephys.nwb,CA3,1,RtoL,3,6,0.05220112896541125,0.05220112896541121,0.05220112896541129,False,37,37,25.02128666666613,10.14684015874122,9.203203065563013,0.43450479233226835
M02,sub-M02_ses-20240313T100000_behavior+ecephys.nwb,CA3,1,RtoL,4,8,0.13688738110619733,0.13688738110619728,0.13688738110619741,False,37,37,32.12557529411788,9.577529148051422,7.826998550045852,0.3793532338308458
M02,sub-M02_ses-20240313T100000_behavior+ecephys.nwb,CA3,1,RtoL,5,10,0.11740054348535578,0.11740054348535572,0.11740054348535583,False,37,37,23.051244353741822,11.612485555442905,9.8965468241531,0.41421143847487
M02,sub-M02_ses-20240313T100000_behavior+ecephys.nwb,CA3,1,RtoL,6,12,0.11841400037201585,0.11841400037201578,0.11841400037201591,False,37,37,29.565644117647025,9.103026536403451,7.5429978298675575,0.4243243243243243
M02,sub-M02_ses-20240313T100000_behavior+ecephys.nwb,CA3,1,RtoL,7,14,0.04007295494508844,0.040072954945088404,0.04007295494508846,False,37,37,23.103358095238036,9.015523957504083,6.822162848009179,0.5854922279792746
M02,sub-M02_ses-20240313T100000_behavior+ecephys.nwb,CA3,1,RtoL,8,16,0.15412404069142374,0.15412404069142363,0.1541240406914238,False,37,37,21.98255800000061,10.735297178963936,6.737081459343002,0.5027223230490018
M02,sub-M02_ses-20240313T100000_behavior+ecephys.nwb,CA3,1,RtoL,9,18,0.09975303219627979,0.09975303219627973,0.09975303219627984,False,37,37,15.907453333333251,12.508108745287748,11.059570895363592,0.5577889447236181
M02,sub-M02_ses-20240313T100000_behavior+ecephys.nwb,CA3,1,RtoL,10,20,0.1270764206285321,0.12707642062853203,0.12707642062853217,False,37,37,37.57169999999951,12.362382827615724,6.2941660464126805,0.24893617021276596
M02,sub-M02_ses-20240313T100000_behavior+ecephys.nwb,CA3,1,RtoL,11,22,0.18361162011756516,0.18361162011756507,0.18361162011756524,False,37,37,13.029253333333145,16.21505169726606,12.763243790613208,0.5276073619631901
M02,sub-M02_ses-20240313T100000_behavior+ecephys.nwb,CA3,1,RtoL,12,24,0.18915198016697585,0.18915198016697574,0.18915198016697596,False,37,37,28.21054523809562,13.046551592140352,10.68408630646677,0.3073654390934844
M02,sub-M02_ses-20240313T100000_behavior+ecephys.nwb,CA3,1,RtoL,13,26,0.04113830286806082,0.04113830286806079,0.04113830286806085,False,37,37,18.825296666665963,17.612565069736817,15.557195297007581,0.3227176220806794
M02,sub-M02_ses-20240313T100000_behavior+ecephys.nwb,CA3,1,RtoL,14,28,0.11038545428185063,0.11038545428185056,0.1103854542818507,False,37,37,27.259606666665604,12.98179784271012,7.661232330629788,0.3206442166910688
M02,sub-M02_ses-20240313T100000_behavior+ecephys.nwb,CA3,1,RtoL,15,30,0.05962620078370924,0.059626200783709206,0.05962620078370927,False,37,37,9.552587333332667,19.25735525877388,25.418636971984707,0.5708333333333333
M02,sub-M02_ses-20240313T100000_behavior+ecephys.nwb,CA3,1,RtoL,16,32,0.14750332494104612,0.14750332494104604,0.14750332494104618,False,37,37,16.827403333332768,14.8500135924571,6.4054656340917475,0.45605700712589076
M02,sub-M02_ses-20240313T100000_behavior+ecephys.nwb,CA3,1,RtoL,17,34,0.03462675839714433,0.034626758397144304,0.03462675839714437,False,37,37,29.40065019607846,12.643330844662879,7.2037384885084705,0.31929347826086957
M02,sub-M02_ses-20240313T100000_behavior+ecephys.nwb,CA3,1,RtoL,18,36,0.0737688297976682,0.07376882979766816,0.07376882979766824,False,37,37,19.566340980391942,14.147458200460058,7.5410752368742555,0.3877551020408163
M02,sub-M02_ses-20240313T100000_behavior+ecephys.nwb,CA3,1,RtoL,19,38,0.1391429200557428,0.13914292005574272,0.13914292005574286,False,37,37,26.555604901960578,19.426929525508132,15.940127219501585,0.21654135338345865
M02,sub-M02_ses-20240313T100000_behavior+ecephys.nwb,CA3,1,RtoL,20,40,0.14808418347972305,0.14808418347972296,0.14808418347972313,False,37,37,32.474020000000564,14.702134666915327,9.439866210988964,0.23862238622386223
M02,sub-M02_ses-20240313T100000_behavior+ecephys.nwb,CA3,1,RtoL,21,42,0.15587874468309346,0.15587874468309337,0.15587874468309354,False,37,37,22.821476666666058,14.568905954772557,6.4676746107986975,0.35664335664335667
M02,sub-M02_ses-20240313T100000_behavior+ecephys.nwb,CA3,1,RtoL,22,44,0.1315298759131867,0.13152987591318663,0.13152987591318677,False,37,37,14.904426802720991,15.525212555330269,9.642523549658474,0.4919786096256685
M02,sub-M02_ses-20240313T100000_behavior+ecephys.nwb,CA3,1,RtoL,23,46,0.11406293081655391,0.11406293081655386,0.11406293081655396,False,37,37,17.866496666666535,17.083791526924614,10.003442964956657,0.36607142857142855
M02,sub-M02_ses-20240313T100000_behavior+ecephys.nwb,CA3,1,RtoL,24,48,0.1978466730534004,0.1978466730534003,0.19784667305340048,False,37,37,30.896083999999064,18.864499515012994,17.776096378909134,0.18992248062015504
M02,sub-M02_ses-20240313T100000_behavior+ecephys.nwb,CA3,1,RtoL,25,50,0.12542288034785432,0.12542288034785426,0.12542288034785437,False,37,37,21.583025333333353,12.932778897527022,7.429860661016656,0.40925925925925927
M02,sub-M02_ses-20240313T100000_behavior+ecephys.nwb,CA3,1,RtoL,26,52,0.2262894402742733,0.22628944027427314,0.22628944027427345,False,37,37,14.900712721087984,15.031659453100591,10.290733379199475,0.4959785522788204
M02,sub-M02_ses-20240313T100000_behavior+ecephys.nwb,CA3,1,RtoL,27,54,0.09236908988291868,0.09236908988291864,0.09236908988291874,False,37,37,19.224603333333107,13.9533690635688,5.377637973060827,0.44490644490644493
M02,sub-M02_ses-20240313T100000_behavior+ecephys.nwb,CA3,1,RtoL,28,56,0.16433499831496307,0.164334998314963,0.16433499831496318,False,37,37,17.26085778311335,17.749257260426287,13.3459803356736,0.36574074074074076
M02,sub-M02_ses-20240313T100000_behavior+ecephys.nwb,CA3,1,RtoL,29,58,0.2671631913469325,0.2671631913469323,0.2671631913469327,False,37,37,19.82414666666682,18.738222444692322,10.64724573729024,0.29435483870967744
M02,sub-M02_ses-20240313T100000_behavior+ecephys.nwb,CA3,1,RtoL,30,60,0.1622648518587227,0.16226485185872258,0.16226485185872278,False,37,37,16.633039411764912,16.18225542531214,8.693120948112997,0.4292565947242206
M02,sub-M02_ses-20240313T100000_behavior+ecephys.nwb,CA3,1,RtoL,31,62,0.17746118121953822,0.17746118121953813,0.1774611812195383,False,37,37,20.504456666667465,19.276785024852444,13.430086440025432,0.2826510721247563
M02,sub-M02_ses-20240313T100000_behavior+ecephys.nwb,CA3,1,RtoL,32,64,0.23759312544574568,0.23759312544574554,0.23759312544574585,False,37,37,13.465788431372857,22.4238832912153,20.338071697318934,0.35014836795252224
M02,sub-M02_ses-20240313T100000_behavior+ecephys.nwb,CA3,1,RtoL,33,66,0.17503823586163672,0.17503823586163664,0.1750382358616368,False,37,37,19.625047333332986,13.146195862903795,8.576955334546616,0.45417515274949083
M02,sub-M02_ses-20240313T100000_behavior+ecephys.nwb,CA3,1,RtoL,34,68,0.35981011735955987,0.3598101173595597,0.3598101173595601,False,37,37,12.43088333333435,16.026553935833373,5.510100335498639,0.5755627009646302
M02,sub-M02_ses-20240313T100000_behavior+ecephys.nwb,CA3,1,RtoL,35,70,0.2946531037452988,0.29465310374529874,0.2946531037452989,False,37,37,14.628600000000006,16.536436779301734,10.054812924962029,0.45901639344262296
M02,sub-M02_ses-20240313T100000_behavior+ecephys.nwb,CA3,1,RtoL,36,72,0.19403102751972612,0.19403102751972603,0.1940310275197262,False,37,37,33.73377999999957,10.352505564243515,4.777369046991609,0.3447867298578199
M02,sub-M02_ses-20240313T100000_behavior+ecephys.nwb,CA3,1,RtoL,37,74,0.40939724238480774,0.40939724238480746,0.40939724238480796,False,37,37,22.66271666666671,12.499706629354236,6.226900188068912,0.41798941798941797
M02,sub-M02_ses-20240313T100000_behavior+ecephys.nwb,CA3,1,RtoL,38,76,0.2651963050713532,0.2651963050713531,0.2651963050713534,False,37,37,23.282767254901955,12.786943514179255,8.231995618194162,0.39862542955326463
M02,sub-M02_ses-20240313T100000_behavior+ecephys.nwb,CA3,1,RtoL,39,78,0.3119350374883993,0.3119350374883991,0.31193503748839946,False,37,37,11.946086802721766,18.366630197276887,17.74766315120811,0.5117056856187291
M02,sub-M02_ses-20240313T100000_behavior+ecephys.nwb,CA3,1,RtoL,40,80,0.3178356490472832,0.317835649047283,0.31783564904728334,False,37,37,15.507349607843025,17.122899064139872,8.804013054891396,0.422680412371134
M02,sub-M02_ses-20240313T100000_behavior+ecephys.nwb,CA3,1,RtoL,41,82,0.38014202699477245,0.38014202699477223,0.38014202699477256,False,37,37,14.82808333333378,14.972755002457458,8.37091009002608,0.5256064690026954
M02,sub-M02_ses-20240313T100000_behavior+ecephys.nwb,CA3,1,RtoL,42,84,0.2984936969239457,0.29849369692394545,0.29849369692394584,False,37,37,16.552227450980354,18.10872476196645,9.908438991060212,0.38072289156626504
M02,sub-M02_ses-20240313T100000_behavior+ecephys.nwb,CA3,1,RtoL,43,86,0.31301025931162174,0.3130102593116216,0.31301025931162185,False,37,37,13.997511088435203,15.044281297619094,5.7421398228195955,0.5738636363636364
M02,sub-M02_ses-20240313T100000_behavior+ecephys.nwb,CA3,1,RtoL,44,88,0.3427613289120393,0.34276132891203914,0.34276132891203953,False,37,37,11.806074117646858,15.056378270048395,5.550489522860392,0.6902356902356902
M02,sub-M02_ses-20240313T100000_behavior+ecephys.nwb,CA3,1,RtoL,45,90,0.33052894933936144,0.3305289493393613,0.3305289493393616,True,37,37,28.486920784313952,10.676519276456524,5.405978357035682,0.4305750350631136
M02,sub-M02_ses-20240313T100000_behavior+ecephys.nwb,CA3,1,RtoL,46,92,0.24665103705565286,0.24665103705565264,0.246651037055653,True,37,37,16.151094557822944,14.074745574043455,8.865954268743437,0.49135802469135803
M02,sub-M02_ses-20240313T100000_behavior+ecephys.nwb,CA3,1,RtoL,47,94,0.27584187602480237,0.2758418760248022,0.2758418760248025,True,37,37,14.429203333334044,14.786657314872208,12.106659018541889,0.5359116022099447
M02,sub-M02_ses-20240313T100000_behavior+ecephys.nwb,CA3,1,RtoL,48,96,0.32567865060896245,0.3256786506089623,0.32567865060896256,True,37,37,25.78141666666761,9.65763934558704,6.525304760104831,0.5108359133126935
M02,sub-M02_ses-20240313T100000_behavior+ecephys.nwb,CA3,1,RtoL,49,98,0.2956685049213689,0.29566850492136876,0.29566850492136904,True,37,37,19.17309333333378,11.046100181540593,8.762302286984598,0.5791666666666667
M02,sub-M02_ses-20240313T100000_behavior+ecephys.nwb,CA3,1,RtoL,50,100,0.21004411247007138,0.21004411247007124,0.2100441124700715,True,37,37,16.10802799999874,12.882640432290344,6.537320413140737,0.6113861386138614
M02,sub-M02_ses-20240313T100000_behavior+ecephys.nwb,CA3,1,RtoL,51,102,0.32283242327987166,0.32283242327987144,0.32283242327987177,True,37,37,26.35742666666647,10.695174674196236,5.264333185768945,0.453030303030303
M02,sub-M02_ses-20240313T100000_behavior+ecephys.nwb,CA3,1,RtoL,52,104,0.261495502170599,0.26149550217059886,0.2614955021705992,True,37,37,48.07591891156426,8.048392464158676,4.7295116320423505,0.4417637271214642
M02,sub-M02_ses-20240313T100000_behavior+ecephys.nwb,CA3,1,RtoL,53,106,0.2254866820517292,0.22548668205172906,0.22548668205172934,True,37,37,23.501465333332817,8.601326646937263,6.323842440821625,0.5959252971137521
M02,sub-M02_ses-20240313T100000_behavior+ecephys.nwb,CA3,1,RtoL,54,108,0.291299611830009,0.29129961183000885,0.29129961183000913,True,37,37,32.49535133333393,9.078071779791557,6.216863480310572,0.45879458794587946
M02,sub-M02_ses-20240313T100000_behavior+ecephys.nwb,RSC,1,LtoR,1,1,0.0798357509602341,0.03221232666032791,0.1262432305748561,False,54,37,9.675749999999425,14.070638235669994,13.488273316959285,0.691358024691358
M02,sub-M02_ses-20240313T100000_behavior+ecephys.nwb,RSC,1,LtoR,2,3,0.05652026656559207,0.014311670887219973,0.09697101735324279,False,54,37,23.75390238095224,9.586413442483801,7.322362506046307,0.5092436974789916
M02,sub-M02_ses-20240313T100000_behavior+ecephys.nwb,RSC,1,LtoR,3,5,0.004749075682719397,-0.036249778115372,0.046899645506650454,False,54,37,32.33483000000069,9.62782881822152,9.425487693200148,0.3617283950617284
M02,sub-M02_ses-20240313T100000_behavior+ecephys.nwb,RSC,1,LtoR,4,7,0.046201118816840206,0.005625874990385277,0.0926069565624962,False,54,37,20.073411372549344,11.96911880301291,12.100213164483026,0.46520874751491054
M02,sub-M02_ses-20240313T100000_behavior+ecephys.nwb,RSC,1,LtoR,5,9,-0.07009762064750558,-0.09764687564733344,-0.02410234921648234,False,54,37,24.831775646258393,12.614026287978664,12.418739761317822,0.3520900321543408
M02,sub-M02_ses-20240313T100000_behavior+ecephys.nwb,RSC,1,LtoR,6,11,-0.012056817610375262,-0.04981539236736998,0.02446279581283805,False,54,37,17.38568999999916,15.83527710784798,16.280156222856313,0.3944954128440367
M02,sub-M02_ses-20240313T100000_behavior+ecephys.nwb,RSC,1,LtoR,7,13,-0.026217711056290834,-0.07708650409324867,0.021088600630354105,False,54,37,39.29973445378164,9.732903049748897,7.38637798200448,0.3051881993896236
M02,sub-M02_ses-20240313T100000_behavior+ecephys.nwb,RSC,1,LtoR,8,15,0.07982844871289242,0.019427418776006563,0.1240823251297976,False,54,37,39.44949866666684,10.55984500327277,8.076551454030406,0.2765957446808511
M02,sub-M02_ses-20240313T100000_behavior+ecephys.nwb,RSC,1,LtoR,9,17,-0.007229441407983574,-0.04818119981336527,0.033355193430098934,False,54,37,18.186056666666445,14.827994014567997,14.999392899608237,0.4100877192982456
M02,sub-M02_ses-20240313T100000_behavior+ecephys.nwb,RSC,1,LtoR,10,19,0.018381143625865154,-0.010184383073282526,0.05243471177028819,False,54,37,21.34304666666685,11.165714743328044,8.908989676728156,0.48411214953271026
M02,sub-M02_ses-20240313T100000_behavior+ecephys.nwb,RSC,1,LtoR,11,21,0.05540368127679423,-0.00665449890304334,0.11104686288106928,False,54,37,14.388433333333523,16.480258478802796,16.590322761933226,0.45706371191135736
M02,sub-M02_ses-20240313T100000_behavior+ecephys.nwb,RSC,1,LtoR,12,23,-0.010699052701973348,-0.05226055261764595,0.03380856001855476,False,54,37,18.346296666666603,15.37417733840877,9.545053656120333,0.3978260869565217
M02,sub-M02_ses-20240313T100000_behavior+ecephys.nwb,RSC,1,LtoR,13,25,0.036104839307799716,-0.012904918790829778,0.08630902673486496,False,54,37,15.0757047619054,14.886400625480318,14.528136956169071,0.503957783641161
M02,sub-M02_ses-20240313T100000_behavior+ecephys.nwb,RSC,1,LtoR,14,27,0.0402336807202668,-0.008704692672962415,0.08965702934860378,False,54,37,10.632053333333715,19.586984945218568,19.44240423446646,0.5168539325842697
M02,sub-M02_ses-20240313T100000_behavior+ecephys.nwb,RSC,1,LtoR,15,29,-0.012684593267072778,-0.04926181462513195,0.01609011285943477,False,54,37,7.473926000001484,22.09792792840289,19.903765846470797,0.6524064171122995
M02,sub-M02_ses-20240313T100000_behavior+ecephys.nwb,RSC,1,LtoR,16,31,0.05374362369700867,0.015031681855976028,0.09044940219453941,False,54,37,11.431193333333795,18.84784484107775,19.224445418019517,0.49825783972125437
M02,sub-M02_ses-20240313T100000_behavior+ecephys.nwb,RSC,1,LtoR,17,33,0.04564517825920868,-0.006927495422840141,0.09163679492328612,False,54,37,8.369809803921271,21.156258273591348,23.016671646250472,0.5971563981042654
M02,sub-M02_ses-20240313T100000_behavior+ecephys.nwb,RSC,1,LtoR,18,35,-0.026620445583192744,-0.06427679932450818,0.02390522077207784,False,54,37,10.712283333334199,16.507135253349226,12.60101609023711,0.6059479553903345
M02,sub-M02_ses-20240313T100000_behavior+ecephys.nwb,RSC,1,LtoR,19,37,0.020553922288312612,-0.032239851358762464,0.07044550776198642,False,54,37,9.690799019607766,21.45377760298136,22.68940423861183,0.5267489711934157
M02,sub-M02_ses-20240313T100000_behavior+ecephys.nwb,RSC,1,LtoR,20,39,0.017619968319665728,-0.029210924648764208,0.07367769104786939,False,54,37,13.373525098038954,20.761862654481355,20.751433848502323,0.3880597014925373
M02,sub-M02_ses-20240313T100000_behavior+ecephys.nwb,RSC,1,LtoR,21,41,0.006626966500792038,-0.0392422857312451,0.04321740728291279,False,54,37,15.05038333333323,18.216235611113504,16.581111459391817,0.40318302387267907
M02,sub-M02_ses-20240313T100000_behavior+ecephys.nwb,RSC,1,LtoR,22,43,0.06788761788806862,0.01591641855172336,0.10599629469437301,False,54,37,9.237599863945434,20.744952050971154,19.119615902663394,0.5603448275862069
M02,sub-M02_ses-20240313T100000_behavior+ecephys.nwb,RSC,1,LtoR,23,45,0.04947859059850661,0.0025369203488008934,0.09448310622244625,False,54,37,11.191233333333912,20.723387291936717,24.82380223495067,0.46785714285714286
M02,sub-M02_ses-20240313T100000_behavior+ecephys.nwb,RSC,1,LtoR,24,47,0.05622747221521032,0.0052813273593574446,0.09897182191361041,False,54,37,10.511143333334076,20.520303742875058,22.89659432059505,0.5057034220532319
M02,sub-M02_ses-20240313T100000_behavior+ecephys.nwb,RSC,1,LtoR,25,49,0.10608580775613821,0.06274979538809365,0.14228218778539492,False,54,37,10.672689333333437,20.636567437101768,19.110673854901705,0.5
M02,sub-M02_ses-20240313T100000_behavior+ecephys.nwb,RSC,1,LtoR,26,51,0.08622850077758865,0.030392589809422135,0.13797585702504736,False,54,37,10.480305278912056,18.79429490881225,18.52888654641379,0.5454545454545454
M02,sub-M02_ses-20240313T100000_behavior+ecephys.nwb,RSC,1,LtoR,27,53,0.039500349433102114,-0.01866015641449374,0.09093144468516061,False,54,37,12.590583333333598,17.113588257037033,15.701899945482582,0.5253164556962026
M02,sub-M02_ses-20240313T100000_behavior+ecephys.nwb,RSC,1,LtoR,28,55,0.0895039184213163,0.029445128395759818,0.1347328283021875,False,54,37,8.049285686274743,22.36465711860891,26.529334628353535,0.5960591133004927
M02,sub-M02_ses-20240313T100000_behavior+ecephys.nwb,RSC,1,LtoR,29,57,0.08559698654757224,0.024137405645016256,0.13977780821772537,False,54,37,9.622796530611595,20.574008678092138,20.035133477525115,0.5578512396694215
M02,sub-M02_ses-20240313T100000_behavior+ecephys.nwb,RSC,1,LtoR,30,59,0.06675197947859265,0.03227900790978187,0.09924192532874723,False,54,37,9.114173333333383,22.053649625073543,24.361752638086994,0.537117903930131
M02,sub-M02_ses-20240313T100000_behavior+ecephys.nwb,RSC,1,LtoR,31,61,0.035984226390107996,-0.005487411627004974,0.0704358323648259,False,54,37,9.22709725490131,18.81780027245978,16.543517371828592,0.6293103448275862
M02,sub-M02_ses-20240313T100000_behavior+ecephys.nwb,RSC,1,LtoR,32,63,0.130938094021498,0.08616816136503569,0.17080753215533906,False,54,37,11.191373333333104,20.481607191614444,20.145308795720894,0.4626334519572954
M02,sub-M02_ses-20240313T100000_behavior+ecephys.nwb,RSC,1,LtoR,33,65,0.0600849648617371,0.019272274579094865,0.09054104614823619,False,54,37,13.632938235294205,16.70943894106646,12.716024855095268,0.49854227405247814
M02,sub-M02_ses-20240313T100000_behavior+ecephys.nwb,RSC,1,LtoR,34,67,0.03614280744106581,-0.003987242774618009,0.07175723191045072,False,54,37,10.511419333332924,21.29633099096521,23.989992936628404,0.49242424242424243
M02,sub-M02_ses-20240313T100000_behavior+ecephys.nwb,RSC,1,LtoR,35,69,0.13909096612863295,0.08580565381044071,0.1838982837665145,False,54,37,12.55089333333217,20.575743700101423,15.732223555704337,0.4208860759493671
M02,sub-M02_ses-20240313T100000_behavior+ecephys.nwb,RSC,1,LtoR,36,71,0.07151014152748675,0.021430731393553712,0.1262357691993956,False,54,37,19.705250000000888,11.88922905068154,9.466653988476326,0.5364372469635628
M02,sub-M02_ses-20240313T100000_behavior+ecephys.nwb,RSC,1,LtoR,37,73,0.09766843443862136,0.0446228594643996,0.13788960278051443,False,54,37,14.908843333333607,13.48180371083691,11.056054350702796,0.5882352941176471
M02,sub-M02_ses-20240313T100000_behavior+ecephys.nwb,RSC,1,LtoR,38,75,0.1052060392549106,0.05287968125383176,0.16033363044455332,False,54,37,6.955153333333328,22.100778198557276,26.087980634498958,0.7045454545454546
M02,sub-M02_ses-20240313T100000_behavior+ecephys.nwb,RSC,1,LtoR,39,77,0.03719013546031609,-0.0033766102447646187,0.07025869692212963,False,54,37,6.893649411764272,22.380785628857854,26.18483616741678,0.6954022988505747
M02,sub-M02_ses-20240313T100000_behavior+ecephys.nwb,RSC,1,LtoR,40,79,0.08243647108433624,0.019581984495512524,0.13319718255485216,False,54,37,16.711763197278742,13.290598167589554,11.728317273628043,0.4916467780429594
M02,sub-M02_ses-20240313T100000_behavior+ecephys.nwb,RSC,1,LtoR,41,81,0.11579514638306576,0.05571174957321481,0.16300575772019102,False,54,37,10.313897058823386,18.631467434864337,16.449413809086554,0.5769230769230769
M02,sub-M02_ses-20240313T100000_behavior+ecephys.nwb,RSC,1,LtoR,42,83,0.10019920556074116,0.04765029423711298,0.15177184312301778,False,54,37,11.02717254901927,16.289098662136965,12.042165806450118,0.631768953068592
M02,sub-M02_ses-20240313T100000_behavior+ecephys.nwb,RSC,1,LtoR,43,85,0.06823303189107172,0.016941415349205256,0.116310813073685,False,54,37,6.8267455782315665,18.98718545354954,16.31547176708558,0.8362573099415205
M02,sub-M02_ses-20240313T100000_behavior+ecephys.nwb,RSC,1,LtoR,44,87,0.07197173463638135,-0.0028254429653070054,0.13594743788158287,False,54,37,7.793363333333218,22.434026819790674,23.82411721925876,0.6153846153846154
M02,sub-M02_ses-20240313T100000_behavior+ecephys.nwb,RSC,1,LtoR,45,89,0.09811686080196705,0.04864390504638309,0.14963786313308594,True,54,37,26.805045882352715,13.108811464955144,10.455550490422134,0.323397913561848
M02,sub-M02_ses-20240313T100000_behavior+ecephys.nwb,RSC,1,LtoR,46,91,0.08084302256900919,0.025397089994906863,0.12670766478094567,True,54,37,18.091782753101143,13.260359568769504,11.186971423620044,0.4856512141280353
M02,sub-M02_ses-20240313T100000_behavior+ecephys.nwb,RSC,1,LtoR,47,93,0.04183784014486226,-0.008679113358463539,0.08516601790767533,True,54,37,19.887425238095602,10.40945405891517,7.046790224216714,0.5682730923694779
M02,sub-M02_ses-20240313T100000_behavior+ecephys.nwb,RSC,1,LtoR,48,95,0.1640416653167504,0.10118753646247751,0.2059771628093592,True,54,37,7.593333333332339,20.230930118563787,21.22540275921325,0.7105263157894737
M02,sub-M02_ses-20240313T100000_behavior+ecephys.nwb,RSC,1,LtoR,49,97,0.04568545724583356,-0.00174529809420252,0.09037708301906178,True,54,37,36.74368333333314,8.380196716085305,6.1444330411329435,0.4032608695652174
M02,sub-M02_ses-20240313T100000_behavior+ecephys.nwb,RSC,1,LtoR,50,99,0.11670370859475676,0.07978047459468139,0.14501077135760038,True,54,37,21.943551999999727,11.756563312108783,9.937029973124714,0.4581818181818182
M02,sub-M02_ses-20240313T100000_behavior+ecephys.nwb,RSC,1,LtoR,51,101,0.08215044113264924,0.03321843349511884,0.1290096370856343,True,54,37,19.82486666666773,13.815738204133297,8.79451017882253,0.42338709677419356
M02,sub-M02_ses-20240313T100000_behavior+ecephys.nwb,RSC,1,LtoR,52,103,0.09029165854694682,0.04919445017918229,0.12444558740671514,True,54,37,40.63149333333331,7.497673556173902,5.6312354416035,0.4296951819075713
M02,sub-M02_ses-20240313T100000_behavior+ecephys.nwb,RSC,1,LtoR,53,105,0.12276985308753205,0.06291970821869489,0.16753356391211527,True,54,37,26.42835575510253,12.396822900040535,7.579235980306089,0.35196374622356497
M02,sub-M02_ses-20240313T100000_behavior+ecephys.nwb,RSC,1,LtoR,54,107,0.04729889847533722,-0.021602224798001064,0.10245164140293593,True,54,37,19.146076666666886,11.128273353609934,7.527313539958062,0.6791666666666667
M02,sub-M02_ses-20240313T100000_behavior+ecephys.nwb,RSC,1,RtoL,1,2,0.0682987429553637,0.021393605440755335,0.10495401038906078,False,54,37,23.968530952381116,9.475149191406397,8.089703527475962,0.47833333333333333
M02,sub-M02_ses-20240313T100000_behavior+ecephys.nwb,RSC,1,RtoL,2,4,0.010278990397964304,-0.021025071974093697,0.04978328271803591,False,54,37,24.859986666666373,8.94881637207201,6.624430924285636,0.5241157556270096
M02,sub-M02_ses-20240313T100000_behavior+ecephys.nwb,RSC,1,RtoL,3,6,-0.008744571892264958,-0.05798202607151158,0.03496394164211191,False,54,37,25.02128666666613,10.14684015874122,9.203203065563013,0.43450479233226835
M02,sub-M02_ses-20240313T100000_behavior+ecephys.nwb,RSC,1,RtoL,4,8,0.0083153638089528,-0.034222488656150164,0.04642155593510069,False,54,37,32.12557529411788,9.577529148051422,7.826998550045852,0.3793532338308458
M02,sub-M02_ses-20240313T100000_behavior+ecephys.nwb,RSC,1,RtoL,5,10,0.09250643635181821,0.042359367898447346,0.13323470793443876,False,54,37,23.051244353741822,11.612485555442905,9.8965468241531,0.41421143847487
M02,sub-M02_ses-20240313T100000_behavior+ecephys.nwb,RSC,1,RtoL,6,12,0.07236476263924237,0.024802273167696294,0.11708343576362865,False,54,37,29.565644117647025,9.103026536403451,7.5429978298675575,0.4243243243243243
M02,sub-M02_ses-20240313T100000_behavior+ecephys.nwb,RSC,1,RtoL,7,14,0.0666881050861666,0.021057635302914504,0.12008098295992521,False,54,37,23.103358095238036,9.015523957504083,6.822162848009179,0.5854922279792746
M02,sub-M02_ses-20240313T100000_behavior+ecephys.nwb,RSC,1,RtoL,8,16,-0.004377401525719751,-0.06109729629204532,0.03743988112109269,False,54,37,21.98255800000061,10.735297178963936,6.737081459343002,0.5027223230490018
M02,sub-M02_ses-20240313T100000_behavior+ecephys.nwb,RSC,1,RtoL,9,18,0.08791233804287071,0.03947200118600589,0.12814265355032395,False,54,37,15.907453333333251,12.508108745287748,11.059570895363592,0.5577889447236181
M02,sub-M02_ses-20240313T100000_behavior+ecephys.nwb,RSC,1,RtoL,10,20,0.11598366979649158,0.06585200951345878,0.15599157386827958,False,54,37,37.57169999999951,12.362382827615724,6.2941660464126805,0.24893617021276596
M02,sub-M02_ses-20240313T100000_behavior+ecephys.nwb,RSC,1,RtoL,11,22,0.04200830030508379,-0.011157949564846068,0.10982534019748216,False,54,37,13.029253333333145,16.21505169726606,12.763243790613208,0.5276073619631901
M02,sub-M02_ses-20240313T100000_behavior+ecephys.nwb,RSC,1,RtoL,12,24,0.11931463107955409,0.07193062934407271,0.16115437051440284,False,54,37,28.21054523809562,13.046551592140352,10.68408630646677,0.3073654390934844
M02,sub-M02_ses-20240313T100000_behavior+ecephys.nwb,RSC,1,RtoL,13,26,0.07510268694093222,0.03426986600954769,0.10109105245439297,False,54,37,18.825296666665963,17.612565069736817,15.557195297007581,0.3227176220806794
M02,sub-M02_ses-20240313T100000_behavior+ecephys.nwb,RSC,1,RtoL,14,28,0.10654881440214095,0.04056622405521071,0.15740762610625647,False,54,37,27.259606666665604,12.98179784271012,7.661232330629788,0.3206442166910688
M02,sub-M02_ses-20240313T100000_behavior+ecephys.nwb,RSC,1,RtoL,15,30,0.004148644878898891,-0.03823234378828416,0.048560358531394225,False,54,37,9.552587333332667,19.25735525877388,25.418636971984707,0.5708333333333333
M02,sub-M02_ses-20240313T100000_behavior+ecephys.nwb,RSC,1,RtoL,16,32,0.05956695564870604,0.025089191248134312,0.11571079876832066,False,54,37,16.827403333332768,14.8500135924571,6.4054656340917475,0.45605700712589076
M02,sub-M02_ses-20240313T100000_behavior+ecephys.nwb,RSC,1,RtoL,17,34,0.0944537772462265,0.033564119147313595,0.14452486251524382,False,54,37,29.40065019607846,12.643330844662879,7.2037384885084705,0.31929347826086957
M02,sub-M02_ses-20240313T100000_behavior+ecephys.nwb,RSC,1,RtoL,18,36,0.042540368128450363,-0.01512643370980469,0.09582826625939075,False,54,37,19.566340980391942,14.147458200460058,7.5410752368742555,0.3877551020408163
M02,sub-M02_ses-20240313T100000_behavior+ecephys.nwb,RSC,1,RtoL,19,38,0.08598383859675085,0.038657987130276,0.12878729648557966,False,54,37,26.555604901960578,19.426929525508132,15.940127219501585,0.21654135338345865
M02,sub-M02_ses-20240313T100000_behavior+ecephys.nwb,RSC,1,RtoL,20,40,0.05824933945076738,0.0019262063179791623,0.11804266114985401,False,54,37,32.474020000000564,14.702134666915327,9.439866210988964,0.23862238622386223
M02,sub-M02_ses-20240313T100000_behavior+ecephys.nwb,RSC,1,RtoL,21,42,0.11609439651801454,0.07293717740869168,0.16730557024502957,False,54,37,22.821476666666058,14.568905954772557,6.4676746107986975,0.35664335664335667
M02,sub-M02_ses-20240313T100000_behavior+ecephys.nwb,RSC,1,RtoL,22,44,0.05323082155546018,-0.005039101813603414,0.10272698236130177,False,54,37,14.904426802720991,15.525212555330269,9.642523549658474,0.4919786096256685
M02,sub-M02_ses-20240313T100000_behavior+ecephys.nwb,RSC,1,RtoL,23,46,0.08405050878753961,0.030703992658621854,0.13668239778039254,False,54,37,17.866496666666535,17.083791526924614,10.003442964956657,0.36607142857142855
M02,sub-M02_ses-20240313T100000_behavior+ecephys.nwb,RSC,1,RtoL,24,48,0.10589954333500531,0.06183385880047775,0.1486224198018777,False,54,37,30.896083999999064,18.864499515012994,17.776096378909134,0.18992248062015504
M02,sub-M02_ses-20240313T100000_behavior+ecephys.nwb,RSC,1,RtoL,25,50,-0.005794618003563724,-0.04389709186476933,0.02733996534643138,False,54,37,21.583025333333353,12.932778897527022,7.429860661016656,0.40925925925925927
M02,sub-M02_ses-20240313T100000_behavior+ecephys.nwb,RSC,1,RtoL,26,52,0.18670000675297038,0.13327122584987885,0.23652329991185916,False,54,37,14.900712721087984,15.031659453100591,10.290733379199475,0.4959785522788204
M02,sub-M02_ses-20240313T100000_behavior+ecephys.nwb,RSC,1,RtoL,27,54,0.032784612431443094,-0.027261267458995004,0.07771526200373645,False,54,37,19.224603333333107,13.9533690635688,5.377637973060827,0.44490644490644493
M02,sub-M02_ses-20240313T100000_behavior+ecephys.nwb,RSC,1,RtoL,28,56,0.1040097681259439,0.06083740977305096,0.14894016685562356,False,54,37,17.26085778311335,17.749257260426287,13.3459803356736,0.36574074074074076
M02,sub-M02_ses-20240313T100000_behavior+ecephys.nwb,RSC,1,RtoL,29,58,0.08438856103531447,0.03636577474074703,0.11767224335804737,False,54,37,19.82414666666682,18.738222444692322,10.64724573729024,0.29435483870967744
M02,sub-M02_ses-20240313T100000_behavior+ecephys.nwb,RSC,1,RtoL,30,60,0.06117550167078764,0.02431603767137233,0.10567312281161982,False,54,37,16.633039411764912,16.18225542531214,8.693120948112997,0.4292565947242206
M02,sub-M02_ses-20240313T100000_behavior+ecephys.nwb,RSC,1,RtoL,31,62,0.07070645482963313,0.022445137213990194,0.1131623295681129,False,54,37,20.504456666667465,19.276785024852444,13.430086440025432,0.2826510721247563
M02,sub-M02_ses-20240313T100000_behavior+ecephys.nwb,RSC,1,RtoL,32,64,0.09583163305385706,0.03845859575754122,0.1378533856138247,False,54,37,13.465788431372857,22.4238832912153,20.338071697318934,0.35014836795252224
M02,sub-M02_ses-20240313T100000_behavior+ecephys.nwb,RSC,1,RtoL,33,66,0.07084478309232664,0.018361264114865872,0.10870543165712167,False,54,37,19.625047333332986,13.146195862903795,8.576955334546616,0.45417515274949083
M02,sub-M02_ses-20240313T100000_behavior+ecephys.nwb,RSC,1,RtoL,34,68,0.09347596125410901,0.03923475632487628,0.14026464358641375,False,54,37,12.43088333333435,16.026553935833373,5.510100335498639,0.5755627009646302
M02,sub-M02_ses-20240313T100000_behavior+ecephys.nwb,RSC,1,RtoL,35,70,0.0917070760562891,0.05235891402528236,0.14469646235010789,False,54,37,14.628600000000006,16.536436779301734,10.054812924962029,0.45901639344262296
M02,sub-M02_ses-20240313T100000_behavior+ecephys.nwb,RSC,1,RtoL,36,72,0.08073425887392044,0.03796736753689448,0.12244902086262857,False,54,37,33.73377999999957,10.352505564243515,4.777369046991609,0.3447867298578199
M02,sub-M02_ses-20240313T100000_behavior+ecephys.nwb,RSC,1,RtoL,37,74,0.039399499758000806,-0.007544029911933423,0.08867399820189807,False,54,37,22.66271666666671,12.499706629354236,6.226900188068912,0.41798941798941797
M02,sub-M02_ses-20240313T100000_behavior+ecephys.nwb,RSC,1,RtoL,38,76,0.05644773605429951,0.020369482058759037,0.09277515286912089,False,54,37,23.282767254901955,12.786943514179255,8.231995618194162,0.39862542955326463
M02,sub-M02_ses-20240313T100000_behavior+ecephys.nwb,RSC,1,RtoL,39,78,0.12771105778637065,0.0842451135183947,0.17020658281265266,False,54,37,11.946086802721766,18.366630197276887,17.74766315120811,0.5117056856187291
M02,sub-M02_ses-20240313T100000_behavior+ecephys.nwb,RSC,1,RtoL,40,80,0.15928485751053229,0.11082867869573995,0.1943940011438821,False,54,37,15.507349607843025,17.122899064139872,8.804013054891396,0.422680412371134
M02,sub-M02_ses-20240313T100000_behavior+ecephys.nwb,RSC,1,RtoL,41,82,0.11832072756798594,0.05531481330987125,0.1652198734347134,False,54,37,14.82808333333378,14.972755002457458,8.37091009002608,0.5256064690026954
M02,sub-M02_ses-20240313T100000_behavior+ecephys.nwb,RSC,1,RtoL,42,84,0.09980035367338286,0.04967775230133899,0.15529609770276034,False,54,37,16.552227450980354,18.10872476196645,9.908438991060212,0.38072289156626504
M02,sub-M02_ses-20240313T100000_behavior+ecephys.nwb,RSC,1,RtoL,43,86,0.11185981248278733,0.05750207841069336,0.1686294453194436,False,54,37,13.997511088435203,15.044281297619094,5.7421398228195955,0.5738636363636364
M02,sub-M02_ses-20240313T100000_behavior+ecephys.nwb,RSC,1,RtoL,44,88,0.139880773111847,0.07400851118640936,0.1895620168261269,False,54,37,11.806074117646858,15.056378270048395,5.550489522860392,0.6902356902356902
M02,sub-M02_ses-20240313T100000_behavior+ecephys.nwb,RSC,1,RtoL,45,90,0.13554020971295616,0.0965541618425107,0.17937987715632983,True,54,37,28.486920784313952,10.676519276456524,5.405978357035682,0.4305750350631136
M02,sub-M02_ses-20240313T100000_behavior+ecephys.nwb,RSC,1,RtoL,46,92,0.11163965910530149,0.049343689808599996,0.1640724760328623,True,54,37,16.151094557822944,14.074745574043455,8.865954268743437,0.49135802469135803
M02,sub-M02_ses-20240313T100000_behavior+ecephys.nwb,RSC,1,RtoL,47,94,0.01932613886269307,-0.04330376120462601,0.07152469635033021,True,54,37,14.429203333334044,14.786657314872208,12.106659018541889,0.5359116022099447
M02,sub-M02_ses-20240313T100000_behavior+ecephys.nwb,RSC,1,RtoL,48,96,0.0473684907695285,0.004775937488555615,0.08431737447578815,True,54,37,25.78141666666761,9.65763934558704,6.525304760104831,0.5108359133126935
M02,sub-M02_ses-20240313T100000_behavior+ecephys.nwb,RSC,1,RtoL,49,98,0.0659069407034726,0.009620106159275221,0.10583987368147359,True,54,37,19.17309333333378,11.046100181540593,8.762302286984598,0.5791666666666667
M02,sub-M02_ses-20240313T100000_behavior+ecephys.nwb,RSC,1,RtoL,50,100,0.11815300806685106,0.07834409221312413,0.1501725632324804,True,54,37,16.10802799999874,12.882640432290344,6.537320413140737,0.6113861386138614
M02,sub-M02_ses-20240313T100000_behavior+ecephys.nwb,RSC,1,RtoL,51,102,0.11176300733819752,0.07198074843348037,0.14278391515614997,True,54,37,26.35742666666647,10.695174674196236,5.264333185768945,0.453030303030303
M02,sub-M02_ses-20240313T100000_behavior+ecephys.nwb,RSC,1,RtoL,52,104,0.09845776713488062,0.044225582941036165,0.14905251154082697,True,54,37,48.07591891156426,8.048392464158676,4.7295116320423505,0.4417637271214642
M02,sub-M02_ses-20240313T100000_behavior+ecephys.nwb,RSC,1,RtoL,53,106,-0.036897494926686925,-0.09293685052136824,0.013796529737339405,True,54,37,23.501465333332817,8.601326646937263,6.323842440821625,0.5959252971137521
M02,sub-M02_ses-20240313T100000_behavior+ecephys.nwb,RSC,1,RtoL,54,108,0.11097488477206774,0.07111370001243571,0.14327290140408727,True,54,37,32.49535133333393,9.078071779791557,6.216863480310572,0.45879458794587946
M02,sub-M02_ses-20240314T100000_behavior+ecephys.nwb,CA1,1,LtoR,1,1,0.21179269689958524,0.07429432377016351,0.36024044548009265,False,156,31,20.69909013605411,11.278838206630917,9.456339809143413,0.4864864864864865
M02,sub-M02_ses-20240314T100000_behavior+ecephys.nwb,CA1,1,LtoR,2,3,0.18121682954880797,0.052021580306746286,0.31187533407479723,False,156,31,20.60504869281067,11.59390271821037,8.360725053234999,0.4584139264990329
M02,sub-M02_ses-20240314T100000_behavior+ecephys.nwb,CA1,1,LtoR,3,5,0.2552071538032219,0.09724406869071894,0.39957783191319046,False,156,31,36.802608823530136,10.111541427435629,8.127335041795796,0.30618892508143325
M02,sub-M02_ses-20240314T100000_behavior+ecephys.nwb,CA1,1,LtoR,4,7,0.293861995083521,0.12735666304154034,0.45329013454146033,False,156,31,15.508306666666613,13.201540889817501,10.708819743379081,0.5424164524421594
M02,sub-M02_ses-20240314T100000_behavior+ecephys.nwb,CA1,1,LtoR,5,9,0.28729668907945344,0.14120059997629641,0.4396468370674239,False,156,31,13.91582333333372,16.0629866440946,15.914971494593342,0.49714285714285716
M02,sub-M02_ses-20240314T100000_behavior+ecephys.nwb,CA1,1,LtoR,6,11,0.3060327137817548,0.16184713302581916,0.49807675935850243,False,156,31,14.477977295598066,14.293427495957788,9.639207058055502,0.5659340659340659
M02,sub-M02_ses-20240314T100000_behavior+ecephys.nwb,CA1,1,LtoR,7,13,0.303008779881244,0.13277086343879246,0.4511794838601455,False,156,31,15.715120392156678,13.812298566339708,9.96828674387091,0.5152284263959391
M02,sub-M02_ses-20240314T100000_behavior+ecephys.nwb,CA1,1,LtoR,8,15,0.2593155752204471,0.1290603304801235,0.4827183888516625,False,156,31,14.229353333334075,14.004877614950626,11.091749731778066,0.5462184873949579
M02,sub-M02_ses-20240314T100000_behavior+ecephys.nwb,CA1,1,LtoR,9,17,0.26243739122031573,0.12010676850758252,0.4578641971358903,False,156,31,10.01761254901976,14.292365237312822,9.947722398415706,0.753968253968254
M02,sub-M02_ses-20240314T100000_behavior+ecephys.nwb,CA1,1,LtoR,10,19,0.2406758290855433,0.08329771562271539,0.45085546061502957,False,156,31,10.511143333332257,15.044788900546017,13.00215391436891,0.6806083650190115
M02,sub-M02_ses-20240314T100000_behavior+ecephys.nwb,CA1,1,LtoR,11,21,0.31462475078178254,0.13859258114825443,0.5078158882772494,False,156,31,25.835797482993257,16.512064429450543,15.093795769617945,0.26275115919629055
M02,sub-M02_ses-20240314T100000_behavior+ecephys.nwb,CA1,1,LtoR,12,23,0.33865664210472785,0.17040715671917733,0.5171029300681436,False,156,31,11.423576274509287,17.32453377220004,16.302052281789777,0.5714285714285714
M02,sub-M02_ses-20240314T100000_behavior+ecephys.nwb,CA1,1,LtoR,13,25,0.26225651099871905,0.11757488978229504,0.4431349816485128,False,156,31,10.437059863945251,18.63273902780438,18.517721884429378,0.5572519083969466
M02,sub-M02_ses-20240314T100000_behavior+ecephys.nwb,CA1,1,LtoR,14,27,0.2744186803392985,0.15262445944143832,0.4451225312557719,False,156,31,12.983757619047537,15.862707280832737,13.058779809318528,0.5230769230769231
M02,sub-M02_ses-20240314T100000_behavior+ecephys.nwb,CA1,1,LtoR,15,29,0.34317594726707656,0.2117360752062127,0.5290089161104242,False,156,31,13.908593333332647,15.029294787507691,10.469539593894636,0.5114285714285715
M02,sub-M02_ses-20240314T100000_behavior+ecephys.nwb,CA1,1,LtoR,16,31,0.33099180552540786,0.1623915197928292,0.5044312784936062,False,156,31,9.751646666666602,18.546497037199345,17.989117682737824,0.6081632653061224
M02,sub-M02_ses-20240314T100000_behavior+ecephys.nwb,CA1,1,LtoR,17,33,0.15926359940181534,0.07565856045694459,0.23829082455960915,False,156,31,51.081863945578334,6.69254894566367,5.689085809307199,0.38780297107114936
M02,sub-M02_ses-20240314T100000_behavior+ecephys.nwb,CA1,1,LtoR,18,35,0.3405399782288133,0.1823105599540443,0.5339047703353084,False,156,31,24.081859523809726,13.25941186451877,7.0367595674923304,0.3747927031509121
M02,sub-M02_ses-20240314T100000_behavior+ecephys.nwb,CA1,1,LtoR,19,37,0.2803954163409217,0.16577642701643405,0.4497371612342662,False,156,31,19.10491866666689,12.737639039144092,11.683539067937161,0.4509394572025052
M02,sub-M02_ses-20240314T100000_behavior+ecephys.nwb,CA1,1,LtoR,20,39,0.3390796441680912,0.18284209199413995,0.5004961027465188,False,156,31,13.080156862744843,17.710472655094044,16.64772117028053,0.45896656534954405
M02,sub-M02_ses-20240314T100000_behavior+ecephys.nwb,CA1,1,LtoR,21,41,0.308780097798887,0.1885491379885959,0.4581903087508412,False,156,31,19.86425333333318,13.936304261406882,13.303262940215804,0.40160642570281124
M02,sub-M02_ses-20240314T100000_behavior+ecephys.nwb,CA1,1,LtoR,22,43,0.35982179213275334,0.17541640988183382,0.5211556203832701,False,156,31,15.787345333333178,18.65645367852407,16.727252834065386,0.3787878787878788
M02,sub-M02_ses-20240314T100000_behavior+ecephys.nwb,CA1,1,LtoR,23,45,0.3608231642145918,0.17897032594998225,0.5161835542798267,False,156,31,13.91959035614309,14.660056341253734,11.567487419434087,0.5157593123209169
M02,sub-M02_ses-20240314T100000_behavior+ecephys.nwb,CA1,1,LtoR,24,47,0.32854972940407656,0.15346593820009488,0.5121901171806843,False,156,31,14.668661333334057,14.234883164770176,11.60168811633297,0.5353260869565217
M02,sub-M02_ses-20240314T100000_behavior+ecephys.nwb,CA1,1,LtoR,25,49,0.3290738366946322,0.18355257270809164,0.48439212862539605,False,156,31,15.18809333333229,13.717538406380392,13.587054524437628,0.5328083989501312
M02,sub-M02_ses-20240314T100000_behavior+ecephys.nwb,CA1,1,LtoR,26,51,0.3426723890682526,0.17773711196093944,0.5089198332139938,False,156,31,26.985045897435157,11.648990206529243,8.817148065909318,0.3437037037037037
M02,sub-M02_ses-20240314T100000_behavior+ecephys.nwb,CA1,1,LtoR,27,53,0.3913030359673404,0.22572496704787695,0.5511638620735214,False,156,31,9.112993333334089,20.27999729001156,22.80060543670009,0.5851528384279476
M02,sub-M02_ses-20240314T100000_behavior+ecephys.nwb,CA1,1,LtoR,28,55,0.3731987275259391,0.2296209593078049,0.5273578080149551,False,156,31,9.969920588235254,19.43627895913622,21.419812324340676,0.568
M02,sub-M02_ses-20240314T100000_behavior+ecephys.nwb,CA1,1,LtoR,29,57,0.3077780955669224,0.1733609864867168,0.4977104545999166,False,156,31,11.78988333333291,18.685674560731705,17.637513225295216,0.5236486486486487
M02,sub-M02_ses-20240314T100000_behavior+ecephys.nwb,CA1,1,LtoR,30,59,0.32363977508673314,0.18176452664597673,0.509139165080853,False,156,31,16.95877509803904,16.111348078188954,9.594759465625295,0.4061032863849765
M02,sub-M02_ses-20240314T100000_behavior+ecephys.nwb,CA1,1,LtoR,31,61,0.3919169297174523,0.2142186863518903,0.591750428099848,False,156,31,8.072973333332811,18.233518483581417,16.188467567550724,0.7254901960784313
M02,sub-M02_ses-20240314T100000_behavior+ecephys.nwb,CA1,1,LtoR,32,63,0.3040884614872482,0.1686668892492439,0.4854536007716153,False,156,31,15.348513333333358,14.746437939250034,7.152773963899829,0.5260416666666666
M02,sub-M02_ses-20240314T100000_behavior+ecephys.nwb,CA1,1,LtoR,33,65,0.4021971075780666,0.2763908134924273,0.5516021352829975,False,156,31,9.113013333333583,19.627152741411983,20.263042942470353,0.631578947368421
M02,sub-M02_ses-20240314T100000_behavior+ecephys.nwb,CA1,1,LtoR,34,67,0.35933599091557455,0.18770101023590352,0.5426448276249344,False,156,31,15.068737333333047,17.64463004843083,16.964016456822026,0.4126984126984127
M02,sub-M02_ses-20240314T100000_behavior+ecephys.nwb,CA1,1,LtoR,35,69,0.3662117482443802,0.22462188229812058,0.5266797041849413,False,156,31,15.119390980392382,22.672881950282274,27.137743432482484,0.32105263157894737
M02,sub-M02_ses-20240314T100000_behavior+ecephys.nwb,CA1,1,LtoR,36,71,0.39491301924202193,0.24635768567116137,0.5546939320212239,False,156,31,44.150583673468645,14.874642992996097,8.80688526090212,0.17918552036199095
M02,sub-M02_ses-20240314T100000_behavior+ecephys.nwb,CA1,1,LtoR,37,73,0.36572802552982764,0.20579988982854178,0.5407078565304245,False,156,31,15.468402666666407,16.429784645053914,14.33826431760797,0.44329896907216493
M02,sub-M02_ses-20240314T100000_behavior+ecephys.nwb,CA1,1,LtoR,38,75,0.37500868855990455,0.25146236238305864,0.5425120897266119,False,156,31,9.95254333333287,17.85163363033811,16.399941936002513,0.5983935742971888
M02,sub-M02_ses-20240314T100000_behavior+ecephys.nwb,CA1,1,LtoR,39,77,0.26706694451480784,0.11110762692936664,0.47616576730221694,False,156,31,21.263106666667227,13.060431749138125,10.303670588090183,0.4116541353383459
M02,sub-M02_ses-20240314T100000_behavior+ecephys.nwb,CA1,1,LtoR,40,79,0.26171875946888007,0.11100251253049964,0.44251924299313006,True,156,31,18.05763666666644,11.339945289726124,9.885995132296859,0.5420353982300885
M02,sub-M02_ses-20240314T100000_behavior+ecephys.nwb,CA1,1,LtoR,41,81,0.32374747654513747,0.18590776741495443,0.5329575236455838,True,156,31,22.78293333333295,15.310778966162665,10.562569226129384,0.3362521891418564
M02,sub-M02_ses-20240314T100000_behavior+ecephys.nwb,CA1,1,LtoR,42,83,0.37673422777410726,0.24207235652195888,0.5149043771320586,True,156,31,15.548266666666677,17.006226306899425,13.745501787699443,0.4190231362467866
M02,sub-M02_ses-20240314T100000_behavior+ecephys.nwb,CA1,1,LtoR,43,85,0.34471776139702637,0.1652140017460433,0.5526297252771167,True,156,31,10.071605333333537,18.090269402845944,17.967820821509058,0.6047430830039525
M02,sub-M02_ses-20240314T100000_behavior+ecephys.nwb,CA1,1,LtoR,44,87,0.2799618386817704,0.14682385867042327,0.49482180939425824,True,156,31,22.741349333334256,10.473151741861244,9.51753591031365,0.4824561403508772
M02,sub-M02_ses-20240314T100000_behavior+ecephys.nwb,CA1,1,LtoR,45,89,0.26683042621616115,0.12671141774796132,0.4544486928554864,True,156,31,38.452392804814735,10.742489361130758,7.443745768087244,0.3032191069574247
M02,sub-M02_ses-20240314T100000_behavior+ecephys.nwb,CA1,1,LtoR,46,91,0.30680415109813575,0.16096965996574997,0.4872903355639288,True,156,31,22.942831410256986,12.824816463572004,7.838754950613438,0.4181184668989547
M02,sub-M02_ses-20240314T100000_behavior+ecephys.nwb,CA1,1,LtoR,47,93,0.2400082453371469,0.11451379300553244,0.4376637677736319,True,156,31,17.659393877552247,13.24688831432677,12.038063243607535,0.4582392776523702
M02,sub-M02_ses-20240314T100000_behavior+ecephys.nwb,CA1,1,LtoR,48,95,0.2959803277258168,0.14991472746428172,0.4829211731446403,True,156,31,13.229103333332205,14.562981510980936,11.28085339680231,0.572289156626506
M02,sub-M02_ses-20240314T100000_behavior+ecephys.nwb,CA1,1,LtoR,49,97,0.29921101508799897,0.17140112713561081,0.4728843385371136,True,156,31,14.392481292517004,13.420172823493704,11.436654216696315,0.5789473684210527
M02,sub-M02_ses-20240314T100000_behavior+ecephys.nwb,CA1,1,RtoL,1,2,0.20581281274151147,0.0773803909879093,0.2998890261709317,False,156,31,32.275944444444576,10.982836338010017,7.851238265992981,0.3155940594059406
M02,sub-M02_ses-20240314T100000_behavior+ecephys.nwb,CA1,1,RtoL,2,4,0.20466269179101595,0.07771241538899956,0.29244471527176613,False,156,31,65.71246470588176,8.332478840610035,5.924859695760272,0.32116788321167883
M02,sub-M02_ses-20240314T100000_behavior+ecephys.nwb,CA1,1,RtoL,3,6,0.2202020311118496,0.1120499707483489,0.33672734832116613,False,156,31,12.270043333332978,16.185232771078486,12.710744736677945,0.5570032573289903
M02,sub-M02_ses-20240314T100000_behavior+ecephys.nwb,CA1,1,RtoL,4,8,0.22649866253772766,0.11259490809749793,0.34674733885576764,False,156,31,11.469543333333604,19.31890082324853,16.157425274415857,0.4895833333333333
M02,sub-M02_ses-20240314T100000_behavior+ecephys.nwb,CA1,1,RtoL,5,10,0.25323320060406906,0.1408974377509778,0.3719007108795033,False,156,31,19.168632704401716,13.200687845610425,7.2404324562256,0.46234309623430964
M02,sub-M02_ses-20240314T100000_behavior+ecephys.nwb,CA1,1,RtoL,6,12,0.25442717604606435,0.12678338184888505,0.3826986871986642,False,156,31,28.577650000000176,12.135293000396455,8.931883205201444,0.3412587412587413
M02,sub-M02_ses-20240314T100000_behavior+ecephys.nwb,CA1,1,RtoL,7,14,0.235113299219539,0.09505160822081762,0.3629065250114467,False,156,31,44.917536274509075,10.329426832690036,7.234424160663622,0.2713523131672598
M02,sub-M02_ses-20240314T100000_behavior+ecephys.nwb,CA1,1,RtoL,8,16,0.21317341283096963,0.10388066116146136,0.3429053790601594,False,156,31,15.867123333333438,17.13211461926108,7.869590360189789,0.42317380352644834
M02,sub-M02_ses-20240314T100000_behavior+ecephys.nwb,CA1,1,RtoL,9,18,0.2498366852676414,0.13663710104144583,0.35718840261779244,False,156,31,38.585040784313605,10.605689377115773,7.224281177999662,0.30124223602484473
M02,sub-M02_ses-20240314T100000_behavior+ecephys.nwb,CA1,1,RtoL,10,20,0.22333465441580125,0.0886165860239896,0.33662787385008835,False,156,31,11.335402517007424,16.44187123513501,14.897554372906376,0.5894736842105263
M02,sub-M02_ses-20240314T100000_behavior+ecephys.nwb,CA1,1,RtoL,11,22,0.22745787818829394,0.0835202924337587,0.35343385816665374,False,156,31,15.82815333333383,20.89774764196842,18.34893652523139,0.32575757575757575
M02,sub-M02_ses-20240314T100000_behavior+ecephys.nwb,CA1,1,RtoL,12,24,0.23769471045039656,0.11009151114427433,0.34412194230516713,False,156,31,11.397480392156467,19.82369585770855,18.236073802694712,0.4825174825174825
M02,sub-M02_ses-20240314T100000_behavior+ecephys.nwb,CA1,1,RtoL,13,26,0.21824862731020023,0.1048211989612058,0.34255959048234624,False,156,31,16.10949251700731,17.225539024286594,8.545524980715292,0.3935643564356436
M02,sub-M02_ses-20240314T100000_behavior+ecephys.nwb,CA1,1,RtoL,14,28,0.25361099754179517,0.0955662794499509,0.36429407386394386,False,156,31,28.177916666667443,10.687409208859911,6.9833597175498685,0.39574468085106385
M02,sub-M02_ses-20240314T100000_behavior+ecephys.nwb,CA1,1,RtoL,15,30,0.28200363356336927,0.13218549340418695,0.4067955463119925,False,156,31,21.503926666667212,17.77992505049029,11.995802514621099,0.28066914498141265
M02,sub-M02_ses-20240314T100000_behavior+ecephys.nwb,CA1,1,RtoL,16,32,0.24034173751841248,0.07611321287860162,0.3657617563072146,False,156,31,10.232873333333373,17.067479240934855,8.663898257913015,0.6171875
M02,sub-M02_ses-20240314T100000_behavior+ecephys.nwb,CA1,1,RtoL,17,34,0.26400314965625193,0.16145561316016363,0.38153530696160054,False,156,31,16.884359863945065,14.524306573327603,7.372333816738335,0.475177304964539
M02,sub-M02_ses-20240314T100000_behavior+ecephys.nwb,CA1,1,RtoL,18,36,0.22839308919262463,0.061890679180651165,0.36591534549621046,False,156,31,15.308883333333142,19.249491574184646,12.956218780393575,0.38642297650130547
M02,sub-M02_ses-20240314T100000_behavior+ecephys.nwb,CA1,1,RtoL,19,38,0.2744238480343253,0.14538081429539101,0.373980720294333,False,156,31,14.977857803922234,19.25047804533508,14.709847364824977,0.384
M02,sub-M02_ses-20240314T100000_behavior+ecephys.nwb,CA1,1,RtoL,20,40,0.2137632464453026,0.0933087163314513,0.3552458418076693,False,156,31,8.593453333332945,22.931485814556197,21.882864181457947,0.5348837209302325
M02,sub-M02_ses-20240314T100000_behavior+ecephys.nwb,CA1,1,RtoL,21,42,0.2618255779026666,0.11142955684374485,0.3817611104091384,False,156,31,9.792681333333348,22.242578031127778,16.934508060518187,0.5040650406504065
M02,sub-M02_ses-20240314T100000_behavior+ecephys.nwb,CA1,1,RtoL,22,44,0.25888942165231055,0.11177532819170874,0.3722433476800175,False,156,31,9.088929251700392,25.057856850820308,28.064647319334178,0.45614035087719296
M02,sub-M02_ses-20240314T100000_behavior+ecephys.nwb,CA1,1,RtoL,23,46,0.2660849565635488,0.1461895630164685,0.39097745694509295,False,156,31,12.803772392156134,21.90515057243341,16.909999924038644,0.3925233644859813
M02,sub-M02_ses-20240314T100000_behavior+ecephys.nwb,CA1,1,RtoL,24,48,0.23687524251667785,0.13336798889570078,0.34198133274196174,False,156,31,22.862543333333633,15.36927151233405,12.431835787579384,0.3094405594405594
M02,sub-M02_ses-20240314T100000_behavior+ecephys.nwb,CA1,1,RtoL,25,50,0.24572067289618357,0.15075247490795907,0.34545605229731136,False,156,31,44.83832410256491,18.94419550492087,14.483946368843728,0.12923351158645277
M02,sub-M02_ses-20240314T100000_behavior+ecephys.nwb,CA1,1,RtoL,26,52,0.2324646464610692,0.09442399572172103,0.3986309182401476,False,156,31,15.428573333333588,21.487291094146666,19.09301039615009,0.32558139534883723
M02,sub-M02_ses-20240314T100000_behavior+ecephys.nwb,CA1,1,RtoL,27,54,0.2652963708461772,0.1509676937620553,0.3655035879074184,False,156,31,10.431623333332936,23.500476914093117,25.080790360655936,0.4312977099236641
M02,sub-M02_ses-20240314T100000_behavior+ecephys.nwb,CA1,1,RtoL,28,56,0.26859743720342033,0.14759383248773114,0.3651361942591743,False,156,31,11.453912745098023,20.988975626235696,13.605088085077755,0.4738675958188153
M02,sub-M02_ses-20240314T100000_behavior+ecephys.nwb,CA1,1,RtoL,29,58,0.2630989687936084,0.14730027353059705,0.3718799232686917,False,156,31,16.0280033333338,19.068164194772738,11.850974648804655,0.3740648379052369
M02,sub-M02_ses-20240314T100000_behavior+ecephys.nwb,CA1,1,RtoL,30,60,0.27712433579415147,0.15534475132187087,0.3967764484877261,False,156,31,8.502181568627748,22.024446763744763,19.799857981081548,0.5868544600938967
M02,sub-M02_ses-20240314T100000_behavior+ecephys.nwb,CA1,1,RtoL,31,62,0.216688661783433,0.11116523987994614,0.3276884640310037,False,156,31,8.633520000000317,23.059905649456965,25.33907793840686,0.5277777777777778
M02,sub-M02_ses-20240314T100000_behavior+ecephys.nwb,CA1,1,RtoL,32,64,0.306423534921506,0.1662467266110758,0.4373700450791758,False,156,31,8.352943333333315,23.910937551284505,23.614575319074564,0.5450236966824644
M02,sub-M02_ses-20240314T100000_behavior+ecephys.nwb,CA1,1,RtoL,33,66,0.26970155249888894,0.13875104535916513,0.39575137538031163,False,156,31,10.272289999999884,19.00598287734914,17.364277927957186,0.562015503875969
M02,sub-M02_ses-20240314T100000_behavior+ecephys.nwb,CA1,1,RtoL,34,68,0.2681553002364192,0.1370211794943458,0.39586094568772456,False,156,31,9.471909333333315,21.542501895461513,10.668980615342713,0.5443037974683544
M02,sub-M02_ses-20240314T100000_behavior+ecephys.nwb,CA1,1,RtoL,35,70,0.2641439645800484,0.12881007788674914,0.39161377521532603,False,156,31,9.581615686274745,24.284526776222922,27.01316294011095,0.4708333333333333
M02,sub-M02_ses-20240314T100000_behavior+ecephys.nwb,CA1,1,RtoL,36,72,0.21462947888257056,0.09137670067643895,0.3363576248645844,False,156,31,18.001440326531338,12.906759314834975,8.42040296732425,0.45454545454545453
M02,sub-M02_ses-20240314T100000_behavior+ecephys.nwb,CA1,1,RtoL,37,74,0.22403875683101548,0.10775014389967683,0.35218692648529515,False,156,31,21.263073333333523,18.47876384969084,11.2539135094297,0.28142589118198874
M02,sub-M02_ses-20240314T100000_behavior+ecephys.nwb,CA1,1,RtoL,38,76,0.3003413888223022,0.18979479301346988,0.4241353840847988,False,156,31,16.02702333333309,18.372075339311436,15.129894242649135,0.373134328358209
M02,sub-M02_ses-20240314T100000_behavior+ecephys.nwb,CA1,1,RtoL,39,78,0.280736648157492,0.16500182853445672,0.3956972902872584,False,156,31,11.071723333333466,20.51707868679903,14.14773746531591,0.49280575539568344
M02,sub-M02_ses-20240314T100000_behavior+ecephys.nwb,CA1,1,RtoL,40,80,0.21363271423935482,0.09123255773343919,0.3310326000611136,True,156,31,26.14728333333369,15.880274923134078,15.755278428474538,0.2687022900763359
M02,sub-M02_ses-20240314T100000_behavior+ecephys.nwb,CA1,1,RtoL,41,82,0.20435983729230286,0.08119117116792413,0.3369077618716315,True,156,31,16.386863333333167,19.879469716853595,19.85735720065013,0.3333333333333333
M02,sub-M02_ses-20240314T100000_behavior+ecephys.nwb,CA1,1,RtoL,42,84,0.2358465834435061,0.12111642013966747,0.349751419602823,True,156,31,12.310628000000179,24.160626976392592,23.664080945655193,0.36893203883495146
M02,sub-M02_ses-20240314T100000_behavior+ecephys.nwb,CA1,1,RtoL,43,86,0.2964159740167326,0.1793923855534355,0.39744549064717016,True,156,31,27.819019999999,11.881153796750928,10.183600515127715,0.3290229885057471
M02,sub-M02_ses-20240314T100000_behavior+ecephys.nwb,CA1,1,RtoL,44,88,0.21228357411533938,0.046305045006572294,0.3285721488503136,True,156,31,44.14454425640997,9.309516256696229,7.583921277703679,0.28804347826086957
M02,sub-M02_ses-20240314T100000_behavior+ecephys.nwb,CA1,1,RtoL,45,90,0.253327443159473,0.13788816574778776,0.37103487361349174,True,156,31,18.004615528518116,18.489058546182758,16.190052388235358,0.3215077605321508
M02,sub-M02_ses-20240314T100000_behavior+ecephys.nwb,CA1,1,RtoL,46,92,0.31392811359867345,0.20292648179743986,0.40055013357566677,True,156,31,89.68689659863867,7.440424479091367,4.41678708003038,0.22113241194828354
M02,sub-M02_ses-20240314T100000_behavior+ecephys.nwb,CA1,1,RtoL,47,94,0.23949147304728835,0.12206197716880138,0.32598897157577345,True,156,31,30.10790619047657,12.017562348539263,10.81073598636086,0.3116710875331565
M02,sub-M02_ses-20240314T100000_behavior+ecephys.nwb,CA1,1,RtoL,48,96,0.26493876516605663,0.14893774558507794,0.36173184328167723,True,156,31,25.057868707483067,15.215757228256383,11.540204900233423,0.2966507177033493
M02,sub-M02_ses-20240314T100000_behavior+ecephys.nwb,CA1,1,RtoL,49,98,0.18913244896432996,0.05580113476395736,0.30557122759150546,True,156,31,31.175546666667287,7.874953809904665,6.022859169622011,0.5423076923076923
M02,sub-M02_ses-20240314T100000_behavior+ecephys.nwb,CA3,1,LtoR,1,1,0.30682621358006923,0.306826213580069,0.3068262135800695,False,31,31,20.69909013605411,11.278838206630917,9.456339809143413,0.4864864864864865
M02,sub-M02_ses-20240314T100000_behavior+ecephys.nwb,CA3,1,LtoR,2,3,0.2618090210027902,0.26180902100279,0.26180902100279047,False,31,31,20.60504869281067,11.59390271821037,8.360725053234999,0.4584139264990329
M02,sub-M02_ses-20240314T100000_behavior+ecephys.nwb,CA3,1,LtoR,3,5,0.1486863470970941,0.14868634709709402,0.14868634709709425,False,31,31,36.802608823530136,10.111541427435629,8.127335041795796,0.30618892508143325
M02,sub-M02_ses-20240314T100000_behavior+ecephys.nwb,CA3,1,LtoR,4,7,0.11608947137485302,0.11608947137485294,0.11608947137485312,False,31,31,15.508306666666613,13.201540889817501,10.708819743379081,0.5424164524421594
M02,sub-M02_ses-20240314T100000_behavior+ecephys.nwb,CA3,1,LtoR,5,9,0.21005733186569714,0.210057331865697,0.21005733186569728,False,31,31,13.91582333333372,16.0629866440946,15.914971494593342,0.49714285714285716
M02,sub-M02_ses-20240314T100000_behavior+ecephys.nwb,CA3,1,LtoR,6,11,0.1796654725148052,0.17966547251480508,0.17966547251480536,False,31,31,14.477977295598066,14.293427495957788,9.639207058055502,0.5659340659340659
M02,sub-M02_ses-20240314T100000_behavior+ecephys.nwb,CA3,1,LtoR,7,13,0.2754861238246548,0.27548612382465454,0.275486123824655,False,31,31,15.715120392156678,13.812298566339708,9.96828674387091,0.5152284263959391
M02,sub-M02_ses-20240314T100000_behavior+ecephys.nwb,CA3,1,LtoR,8,15,0.1471329971215393,0.1471329971215392,0.1471329971215394,False,31,31,14.229353333334075,14.004877614950626,11.091749731778066,0.5462184873949579
M02,sub-M02_ses-20240314T100000_behavior+ecephys.nwb,CA3,1,LtoR,9,17,0.13264594302323252,0.13264594302323238,0.1326459430232326,False,31,31,10.01761254901976,14.292365237312822,9.947722398415706,0.753968253968254
M02,sub-M02_ses-20240314T100000_behavior+ecephys.nwb,CA3,1,LtoR,10,19,0.1991582840453299,0.19915828404532965,0.19915828404533015,False,31,31,10.511143333332257,15.044788900546017,13.00215391436891,0.6806083650190115
M02,sub-M02_ses-20240314T100000_behavior+ecephys.nwb,CA3,1,LtoR,11,21,0.20438588553248446,0.20438588553248432,0.20438588553248466,False,31,31,25.835797482993257,16.512064429450543,15.093795769617945,0.26275115919629055
M02,sub-M02_ses-20240314T100000_behavior+ecephys.nwb,CA3,1,LtoR,12,23,0.25908230790244413,0.25908230790244385,0.25908230790244424,False,31,31,11.423576274509287,17.32453377220004,16.302052281789777,0.5714285714285714
M02,sub-M02_ses-20240314T100000_behavior+ecephys.nwb,CA3,1,LtoR,13,25,0.1586425062276235,0.15864250622762338,0.1586425062276236,False,31,31,10.437059863945251,18.63273902780438,18.517721884429378,0.5572519083969466
M02,sub-M02_ses-20240314T100000_behavior+ecephys.nwb,CA3,1,LtoR,14,27,0.12650549978855866,0.12650549978855855,0.1265054997885587,False,31,31,12.983757619047537,15.862707280832737,13.058779809318528,0.5230769230769231
M02,sub-M02_ses-20240314T100000_behavior+ecephys.nwb,CA3,1,LtoR,15,29,0.24460977881817902,0.24460977881817886,0.24460977881817916,False,31,31,13.908593333332647,15.029294787507691,10.469539593894636,0.5114285714285715
M02,sub-M02_ses-20240314T100000_behavior+ecephys.nwb,CA3,1,LtoR,16,31,0.17892162204238762,0.17892162204238748,0.1789216220423878,False,31,31,9.751646666666602,18.546497037199345,17.989117682737824,0.6081632653061224
M02,sub-M02_ses-20240314T100000_behavior+ecephys.nwb,CA3,1,LtoR,17,33,0.09633957267889656,0.09633957267889647,0.09633957267889666,False,31,31,51.081863945578334,6.69254894566367,5.689085809307199,0.38780297107114936
M02,sub-M02_ses-20240314T100000_behavior+ecephys.nwb,CA3,1,LtoR,18,35,0.20102200873399523,0.20102200873399506,0.20102200873399537,False,31,31,24.081859523809726,13.25941186451877,7.0367595674923304,0.3747927031509121
M02,sub-M02_ses-20240314T100000_behavior+ecephys.nwb,CA3,1,LtoR,19,37,0.034519149046036465,0.034519149046036424,0.03451914904603651,False,31,31,19.10491866666689,12.737639039144092,11.683539067937161,0.4509394572025052
M02,sub-M02_ses-20240314T100000_behavior+ecephys.nwb,CA3,1,LtoR,20,39,0.2115217467769972,0.21152174677699706,0.2115217467769974,False,31,31,13.080156862744843,17.710472655094044,16.64772117028053,0.45896656534954405
M02,sub-M02_ses-20240314T100000_behavior+ecephys.nwb,CA3,1,LtoR,21,41,0.1570631322913669,0.15706313229136679,0.157063132291367,False,31,31,19.86425333333318,13.936304261406882,13.303262940215804,0.40160642570281124
M02,sub-M02_ses-20240314T100000_behavior+ecephys.nwb,CA3,1,LtoR,22,43,0.20059180588653178,0.20059180588653153,0.20059180588653194,False,31,31,15.787345333333178,18.65645367852407,16.727252834065386,0.3787878787878788
M02,sub-M02_ses-20240314T100000_behavior+ecephys.nwb,CA3,1,LtoR,23,45,0.18442155274369482,0.18442155274369468,0.1844215527436949,False,31,31,13.91959035614309,14.660056341253734,11.567487419434087,0.5157593123209169
M02,sub-M02_ses-20240314T100000_behavior+ecephys.nwb,CA3,1,LtoR,24,47,0.18041990159305024,0.1804199015930501,0.1804199015930506,False,31,31,14.668661333334057,14.234883164770176,11.60168811633297,0.5353260869565217
M02,sub-M02_ses-20240314T100000_behavior+ecephys.nwb,CA3,1,LtoR,25,49,0.2009476608735499,0.20094766087354973,0.20094766087355,False,31,31,15.18809333333229,13.717538406380392,13.587054524437628,0.5328083989501312
M02,sub-M02_ses-20240314T100000_behavior+ecephys.nwb,CA3,1,LtoR,26,51,0.23036653856803163,0.2303665385680315,0.23036653856803183,False,31,31,26.985045897435157,11.648990206529243,8.817148065909318,0.3437037037037037
M02,sub-M02_ses-20240314T100000_behavior+ecephys.nwb,CA3,1,LtoR,27,53,0.16491452997830994,0.1649145299783098,0.1649145299783101,False,31,31,9.112993333334089,20.27999729001156,22.80060543670009,0.5851528384279476
M02,sub-M02_ses-20240314T100000_behavior+ecephys.nwb,CA3,1,LtoR,28,55,0.22901552514268123,0.22901552514268106,0.2290155251426814,False,31,31,9.969920588235254,19.43627895913622,21.419812324340676,0.568
M02,sub-M02_ses-20240314T100000_behavior+ecephys.nwb,CA3,1,LtoR,29,57,0.16577333348455,0.16577333348454987,0.1657733334845502,False,31,31,11.78988333333291,18.685674560731705,17.637513225295216,0.5236486486486487
M02,sub-M02_ses-20240314T100000_behavior+ecephys.nwb,CA3,1,LtoR,30,59,0.051777467982703544,0.05177746798270351,0.051777467982703586,False,31,31,16.95877509803904,16.111348078188954,9.594759465625295,0.4061032863849765
M02,sub-M02_ses-20240314T100000_behavior+ecephys.nwb,CA3,1,LtoR,31,61,0.17860232705369836,0.17860232705369822,0.1786023270536985,False,31,31,8.072973333332811,18.233518483581417,16.188467567550724,0.7254901960784313
M02,sub-M02_ses-20240314T100000_behavior+ecephys.nwb,CA3,1,LtoR,32,63,0.19288992746193084,0.1928899274619307,0.19288992746193107,False,31,31,15.348513333333358,14.746437939250034,7.152773963899829,0.5260416666666666
M02,sub-M02_ses-20240314T100000_behavior+ecephys.nwb,CA3,1,LtoR,33,65,0.16403145140032888,0.1640314514003287,0.164031451400329,False,31,31,9.113013333333583,19.627152741411983,20.263042942470353,0.631578947368421
M02,sub-M02_ses-20240314T100000_behavior+ecephys.nwb,CA3,1,LtoR,34,67,0.20438668374725977,0.20438668374725966,0.20438668374726002,False,31,31,15.068737333333047,17.64463004843083,16.964016456822026,0.4126984126984127
M02,sub-M02_ses-20240314T100000_behavior+ecephys.nwb,CA3,1,LtoR,35,69,0.23559822524245874,0.23559822524245858,0.23559822524245894,False,31,31,15.119390980392382,22.672881950282274,27.137743432482484,0.32105263157894737
M02,sub-M02_ses-20240314T100000_behavior+ecephys.nwb,CA3,1,LtoR,36,71,0.16459604513227838,0.16459604513227816,0.1645960451322785,False,31,31,44.150583673468645,14.874642992996097,8.80688526090212,0.17918552036199095
M02,sub-M02_ses-20240314T100000_behavior+ecephys.nwb,CA3,1,LtoR,37,73,0.19174557402618458,0.19174557402618445,0.19174557402618486,False,31,31,15.468402666666407,16.429784645053914,14.33826431760797,0.44329896907216493
M02,sub-M02_ses-20240314T100000_behavior+ecephys.nwb,CA3,1,LtoR,38,75,0.11748349697168246,0.11748349697168238,0.11748349697168255,False,31,31,9.95254333333287,17.85163363033811,16.399941936002513,0.5983935742971888
M02,sub-M02_ses-20240314T100000_behavior+ecephys.nwb,CA3,1,LtoR,39,77,0.1363924154413588,0.13639241544135872,0.13639241544135888,False,31,31,21.263106666667227,13.060431749138125,10.303670588090183,0.4116541353383459
M02,sub-M02_ses-20240314T100000_behavior+ecephys.nwb,CA3,1,LtoR,40,79,0.22834536977627928,0.2283453697762791,0.2283453697762795,True,31,31,18.05763666666644,11.339945289726124,9.885995132296859,0.5420353982300885
M02,sub-M02_ses-20240314T100000_behavior+ecephys.nwb,CA3,1,LtoR,41,81,0.11739043629241763,0.11739043629241755,0.11739043629241774,True,31,31,22.78293333333295,15.310778966162665,10.562569226129384,0.3362521891418564
M02,sub-M02_ses-20240314T100000_behavior+ecephys.nwb,CA3,1,LtoR,42,83,0.1935672235947553,0.19356722359475512,0.19356722359475548,True,31,31,15.548266666666677,17.006226306899425,13.745501787699443,0.4190231362467866
M02,sub-M02_ses-20240314T100000_behavior+ecephys.nwb,CA3,1,LtoR,43,85,0.21705871109439437,0.2170587110943942,0.2170587110943945,True,31,31,10.071605333333537,18.090269402845944,17.967820821509058,0.6047430830039525
M02,sub-M02_ses-20240314T100000_behavior+ecephys.nwb,CA3,1,LtoR,44,87,0.20040177353985553,0.20040177353985536,0.2004017735398557,True,31,31,22.741349333334256,10.473151741861244,9.51753591031365,0.4824561403508772
M02,sub-M02_ses-20240314T100000_behavior+ecephys.nwb,CA3,1,LtoR,45,89,0.16057092928722438,0.16057092928722425,0.16057092928722455,True,31,31,38.452392804814735,10.742489361130758,7.443745768087244,0.3032191069574247
M02,sub-M02_ses-20240314T100000_behavior+ecephys.nwb,CA3,1,LtoR,46,91,0.13441287971734386,0.1344128797173438,0.13441287971734395,True,31,31,22.942831410256986,12.824816463572004,7.838754950613438,0.4181184668989547
M02,sub-M02_ses-20240314T100000_behavior+ecephys.nwb,CA3,1,LtoR,47,93,0.11219024063370067,0.11219024063370057,0.11219024063370074,True,31,31,17.659393877552247,13.24688831432677,12.038063243607535,0.4582392776523702
M02,sub-M02_ses-20240314T100000_behavior+ecephys.nwb,CA3,1,LtoR,48,95,0.20158010695387155,0.20158010695387138,0.20158010695387168,True,31,31,13.229103333332205,14.562981510980936,11.28085339680231,0.572289156626506
M02,sub-M02_ses-20240314T100000_behavior+ecephys.nwb,CA3,1,LtoR,49,97,0.15400674567289083,0.15400674567289072,0.15400674567289094,True,31,31,14.392481292517004,13.420172823493704,11.436654216696315,0.5789473684210527
M02,sub-M02_ses-20240314T100000_behavior+ecephys.nwb,CA3,1,RtoL,1,2,0.22801782045989893,0.22801782045989877,0.22801782045989905,False,31,31,32.275944444444576,10.982836338010017,7.851238265992981,0.3155940594059406
M02,sub-M02_ses-20240314T100000_behavior+ecephys.nwb,CA3,1,RtoL,2,4,0.2456108592248931,0.24561085922489292,0.2456108592248934,False,31,31,65.71246470588176,8.332478840610035,5.924859695760272,0.32116788321167883
M02,sub-M02_ses-20240314T100000_behavior+ecephys.nwb,CA3,1,RtoL,3,6,0.2386564393357546,0.23865643933575445,0.23865643933575478,False,31,31,12.270043333332978,16.185232771078486,12.710744736677945,0.5570032573289903
M02,sub-M02_ses-20240314T100000_behavior+ecephys.nwb,CA3,1,RtoL,4,8,0.33315120762089884,0.33315120762089867,0.333151207620899,False,31,31,11.469543333333604,19.31890082324853,16.157425274415857,0.4895833333333333
M02,sub-M02_ses-20240314T100000_behavior+ecephys.nwb,CA3,1,RtoL,5,10,0.36848758225826866,0.36848758225826844,0.3684875822582689,False,31,31,19.168632704401716,13.200687845610425,7.2404324562256,0.46234309623430964
M02,sub-M02_ses-20240314T100000_behavior+ecephys.nwb,CA3,1,RtoL,6,12,0.32851946235206864,0.32851946235206847,0.32851946235206886,False,31,31,28.577650000000176,12.135293000396455,8.931883205201444,0.3412587412587413
M02,sub-M02_ses-20240314T100000_behavior+ecephys.nwb,CA3,1,RtoL,7,14,0.43219066861560845,0.4321906686156083,0.4321906686156088,False,31,31,44.917536274509075,10.329426832690036,7.234424160663622,0.2713523131672598
M02,sub-M02_ses-20240314T100000_behavior+ecephys.nwb,CA3,1,RtoL,8,16,0.2977201632048901,0.2977201632048898,0.2977201632048902,False,31,31,15.867123333333438,17.13211461926108,7.869590360189789,0.42317380352644834
M02,sub-M02_ses-20240314T100000_behavior+ecephys.nwb,CA3,1,RtoL,9,18,0.3025763767365927,0.30257637673659254,0.30257637673659293,False,31,31,38.585040784313605,10.605689377115773,7.224281177999662,0.30124223602484473
M02,sub-M02_ses-20240314T100000_behavior+ecephys.nwb,CA3,1,RtoL,10,20,0.3521971092199241,0.3521971092199239,0.35219710921992425,False,31,31,11.335402517007424,16.44187123513501,14.897554372906376,0.5894736842105263
M02,sub-M02_ses-20240314T100000_behavior+ecephys.nwb,CA3,1,RtoL,11,22,0.3647154741559597,0.36471547415595945,0.36471547415596006,False,31,31,15.82815333333383,20.89774764196842,18.34893652523139,0.32575757575757575
M02,sub-M02_ses-20240314T100000_behavior+ecephys.nwb,CA3,1,RtoL,12,24,0.30195257623930805,0.3019525762393079,0.30195257623930816,False,31,31,11.397480392156467,19.82369585770855,18.236073802694712,0.4825174825174825
M02,sub-M02_ses-20240314T100000_behavior+ecephys.nwb,CA3,1,RtoL,13,26,0.35484148078781413,0.35484148078781397,0.35484148078781436,False,31,31,16.10949251700731,17.225539024286594,8.545524980715292,0.3935643564356436
M02,sub-M02_ses-20240314T100000_behavior+ecephys.nwb,CA3,1,RtoL,14,28,0.3773053507609996,0.37730535076099936,0.37730535076099986,False,31,31,28.177916666667443,10.687409208859911,6.9833597175498685,0.39574468085106385
M02,sub-M02_ses-20240314T100000_behavior+ecephys.nwb,CA3,1,RtoL,15,30,0.3311175311353533,0.331117531135353,0.3311175311353536,False,31,31,21.503926666667212,17.77992505049029,11.995802514621099,0.28066914498141265
M02,sub-M02_ses-20240314T100000_behavior+ecephys.nwb,CA3,1,RtoL,16,32,0.3434039949114943,0.34340399491149404,0.34340399491149454,False,31,31,10.232873333333373,17.067479240934855,8.663898257913015,0.6171875
M02,sub-M02_ses-20240314T100000_behavior+ecephys.nwb,CA3,1,RtoL,17,34,0.42746946389366386,0.4274694638936636,0.4274694638936641,False,31,31,16.884359863945065,14.524306573327603,7.372333816738335,0.475177304964539
M02,sub-M02_ses-20240314T100000_behavior+ecephys.nwb,CA3,1,RtoL,18,36,0.3584757553989957,0.3584757553989955,0.3584757553989959,False,31,31,15.308883333333142,19.249491574184646,12.956218780393575,0.38642297650130547
M02,sub-M02_ses-20240314T100000_behavior+ecephys.nwb,CA3,1,RtoL,19,38,0.47758120799785253,0.47758120799785236,0.47758120799785286,False,31,31,14.977857803922234,19.25047804533508,14.709847364824977,0.384
M02,sub-M02_ses-20240314T100000_behavior+ecephys.nwb,CA3,1,RtoL,20,40,0.3579735383422909,0.35797353834229073,0.35797353834229106,False,31,31,8.593453333332945,22.931485814556197,21.882864181457947,0.5348837209302325
M02,sub-M02_ses-20240314T100000_behavior+ecephys.nwb,CA3,1,RtoL,21,42,0.3745197189263646,0.3745197189263644,0.3745197189263648,False,31,31,9.792681333333348,22.242578031127778,16.934508060518187,0.5040650406504065
M02,sub-M02_ses-20240314T100000_behavior+ecephys.nwb,CA3,1,RtoL,22,44,0.3638236444517309,0.3638236444517307,0.36382364445173104,False,31,31,9.088929251700392,25.057856850820308,28.064647319334178,0.45614035087719296
M02,sub-M02_ses-20240314T100000_behavior+ecephys.nwb,CA3,1,RtoL,23,46,0.3740214806247808,0.37402148062478063,0.374021480624781,False,31,31,12.803772392156134,21.90515057243341,16.909999924038644,0.3925233644859813
M02,sub-M02_ses-20240314T100000_behavior+ecephys.nwb,CA3,1,RtoL,24,48,0.4434564138987501,0.4434564138987498,0.44345641389875046,False,31,31,22.862543333333633,15.36927151233405,12.431835787579384,0.3094405594405594
M02,sub-M02_ses-20240314T100000_behavior+ecephys.nwb,CA3,1,RtoL,25,50,0.3297768336292643,0.32977683362926413,0.3297768336292647,False,31,31,44.83832410256491,18.94419550492087,14.483946368843728,0.12923351158645277
M02,sub-M02_ses-20240314T100000_behavior+ecephys.nwb,CA3,1,RtoL,26,52,0.34027957148655424,0.3402795714865541,0.34027957148655447,False,31,31,15.428573333333588,21.487291094146666,19.09301039615009,0.32558139534883723
M02,sub-M02_ses-20240314T100000_behavior+ecephys.nwb,CA3,1,RtoL,27,54,0.4080998952397542,0.40809989523975404,0.40809989523975443,False,31,31,10.431623333332936,23.500476914093117,25.080790360655936,0.4312977099236641
M02,sub-M02_ses-20240314T100000_behavior+ecephys.nwb,CA3,1,RtoL,28,56,0.40819131854510765,0.4081913185451075,0.40819131854510793,False,31,31,11.453912745098023,20.988975626235696,13.605088085077755,0.4738675958188153
M02,sub-M02_ses-20240314T100000_behavior+ecephys.nwb,CA3,1,RtoL,29,58,0.3653589826833208,0.36535898268332057,0.36535898268332107,False,31,31,16.0280033333338,19.068164194772738,11.850974648804655,0.3740648379052369
M02,sub-M02_ses-20240314T100000_behavior+ecephys.nwb,CA3,1,RtoL,30,60,0.36845233583254117,0.368452335832541,0.3684523358325415,False,31,31,8.502181568627748,22.024446763744763,19.799857981081548,0.5868544600938967
M02,sub-M02_ses-20240314T100000_behavior+ecephys.nwb,CA3,1,RtoL,31,62,0.3291495636888541,0.3291495636888539,0.3291495636888544,False,31,31,8.633520000000317,23.059905649456965,25.33907793840686,0.5277777777777778
M02,sub-M02_ses-20240314T100000_behavior+ecephys.nwb,CA3,1,RtoL,32,64,0.3173639773545108,0.31736397735451066,0.31736397735451116,False,31,31,8.352943333333315,23.910937551284505,23.614575319074564,0.5450236966824644
M02,sub-M02_ses-20240314T100000_behavior+ecephys.nwb,CA3,1,RtoL,33,66,0.3201474942622132,0.32014749426221295,0.32014749426221334,False,31,31,10.272289999999884,19.00598287734914,17.364277927957186,0.562015503875969
M02,sub-M02_ses-20240314T100000_behavior+ecephys.nwb,CA3,1,RtoL,34,68,0.3901585149381213,0.3901585149381211,0.39015851493812154,False,31,31,9.471909333333315,21.542501895461513,10.668980615342713,0.5443037974683544
M02,sub-M02_ses-20240314T100000_behavior+ecephys.nwb,CA3,1,RtoL,35,70,0.36000006911703836,0.36000006911703814,0.36000006911703863,False,31,31,9.581615686274745,24.284526776222922,27.01316294011095,0.4708333333333333
M02,sub-M02_ses-20240314T100000_behavior+ecephys.nwb,CA3,1,RtoL,36,72,0.3430634953146654,0.34306349531466523,0.3430634953146656,False,31,31,18.001440326531338,12.906759314834975,8.42040296732425,0.45454545454545453
M02,sub-M02_ses-20240314T100000_behavior+ecephys.nwb,CA3,1,RtoL,37,74,0.3749512526703455,0.37495125267034535,0.3749512526703458,False,31,31,21.263073333333523,18.47876384969084,11.2539135094297,0.28142589118198874
M02,sub-M02_ses-20240314T100000_behavior+ecephys.nwb,CA3,1,RtoL,38,76,0.35945617504430943,0.35945617504430927,0.35945617504430966,False,31,31,16.02702333333309,18.372075339311436,15.129894242649135,0.373134328358209
M02,sub-M02_ses-20240314T100000_behavior+ecephys.nwb,CA3,1,RtoL,39,78,0.30434971872012995,0.3043497187201298,0.3043497187201303,False,31,31,11.071723333333466,20.51707868679903,14.14773746531591,0.49280575539568344
M02,sub-M02_ses-20240314T100000_behavior+ecephys.nwb,CA3,1,RtoL,40,80,0.34051292884856477,0.3405129288485645,0.34051292884856493,True,31,31,26.14728333333369,15.880274923134078,15.755278428474538,0.2687022900763359
M02,sub-M02_ses-20240314T100000_behavior+ecephys.nwb,CA3,1,RtoL,41,82,0.27076798400083324,0.270767984000833,0.27076798400083335,True,31,31,16.386863333333167,19.879469716853595,19.85735720065013,0.3333333333333333
M02,sub-M02_ses-20240314T100000_behavior+ecephys.nwb,CA3,1,RtoL,42,84,0.3619674201361568,0.3619674201361566,0.36196742013615696,True,31,31,12.310628000000179,24.160626976392592,23.664080945655193,0.36893203883495146
M02,sub-M02_ses-20240314T100000_behavior+ecephys.nwb,CA3,1,RtoL,43,86,0.38752394290235354,0.3875239429023533,0.38752394290235376,True,31,31,27.819019999999,11.881153796750928,10.183600515127715,0.3290229885057471
M02,sub-M02_ses-20240314T100000_behavior+ecephys.nwb,CA3,1,RtoL,44,88,0.34946807592894974,0.3494680759289495,0.34946807592895,True,31,31,44.14454425640997,9.309516256696229,7.583921277703679,0.28804347826086957
M02,sub-M02_ses-20240314T100000_behavior+ecephys.nwb,CA3,1,RtoL,45,90,0.3213573635398689,0.3213573635398687,0.32135736353986905,True,31,31,18.004615528518116,18.489058546182758,16.190052388235358,0.3215077605321508
M02,sub-M02_ses-20240314T100000_behavior+ecephys.nwb,CA3,1,RtoL,46,92,0.3935282050597184,0.39352820505971803,0.3935282050597187,True,31,31,89.68689659863867,7.440424479091367,4.41678708003038,0.22113241194828354
M02,sub-M02_ses-20240314T100000_behavior+ecephys.nwb,CA3,1,RtoL,47,94,0.3095298237319372,0.30952982373193705,0.3095298237319375,True,31,31,30.10790619047657,12.017562348539263,10.81073598636086,0.3116710875331565
M02,sub-M02_ses-20240314T100000_behavior+ecephys.nwb,CA3,1,RtoL,48,96,0.3796355110598083,0.3796355110598081,0.3796355110598086,True,31,31,25.057868707483067,15.215757228256383,11.540204900233423,0.2966507177033493
M02,sub-M02_ses-20240314T100000_behavior+ecephys.nwb,CA3,1,RtoL,49,98,0.2889489655160494,0.2889489655160492,0.28894896551604954,True,31,31,31.175546666667287,7.874953809904665,6.022859169622011,0.5423076923076923
M02,sub-M02_ses-20240314T100000_behavior+ecephys.nwb,RSC,1,LtoR,1,1,0.09897745287968121,0.055957945541329476,0.14234980556187776,False,60,31,20.69909013605411,11.278838206630917,9.456339809143413,0.4864864864864865
M02,sub-M02_ses-20240314T100000_behavior+ecephys.nwb,RSC,1,LtoR,2,3,0.0888231287138013,0.022490386682440633,0.1581691906133321,False,60,31,20.60504869281067,11.59390271821037,8.360725053234999,0.4584139264990329
M02,sub-M02_ses-20240314T100000_behavior+ecephys.nwb,RSC,1,LtoR,3,5,0.012400045054003796,-0.05792249500754978,0.07430204161088093,False,60,31,36.802608823530136,10.111541427435629,8.127335041795796,0.30618892508143325
M02,sub-M02_ses-20240314T100000_behavior+ecephys.nwb,RSC,1,LtoR,4,7,0.025428028027126653,-0.040805942823804335,0.09828282671619866,False,60,31,15.508306666666613,13.201540889817501,10.708819743379081,0.5424164524421594
M02,sub-M02_ses-20240314T100000_behavior+ecephys.nwb,RSC,1,LtoR,5,9,0.0343901621349079,-0.05325234838369836,0.1236814241140964,False,60,31,13.91582333333372,16.0629866440946,15.914971494593342,0.49714285714285716
M02,sub-M02_ses-20240314T100000_behavior+ecephys.nwb,RSC,1,LtoR,6,11,0.10640336890702504,0.04752201025441731,0.167008080877435,False,60,31,14.477977295598066,14.293427495957788,9.639207058055502,0.5659340659340659
M02,sub-M02_ses-20240314T100000_behavior+ecephys.nwb,RSC,1,LtoR,7,13,0.1219922854248312,0.04603279218458483,0.19909905724338342,False,60,31,15.715120392156678,13.812298566339708,9.96828674387091,0.5152284263959391
M02,sub-M02_ses-20240314T100000_behavior+ecephys.nwb,RSC,1,LtoR,8,15,0.04678392318812116,-0.0370230453311568,0.12745382023025673,False,60,31,14.229353333334075,14.004877614950626,11.091749731778066,0.5462184873949579
M02,sub-M02_ses-20240314T100000_behavior+ecephys.nwb,RSC,1,LtoR,9,17,0.10773433761418819,0.032918398671617326,0.17545557812135582,False,60,31,10.01761254901976,14.292365237312822,9.947722398415706,0.753968253968254
M02,sub-M02_ses-20240314T100000_behavior+ecephys.nwb,RSC,1,LtoR,10,19,0.05044654063458923,-0.03269162267305023,0.12341255066794525,False,60,31,10.511143333332257,15.044788900546017,13.00215391436891,0.6806083650190115
M02,sub-M02_ses-20240314T100000_behavior+ecephys.nwb,RSC,1,LtoR,11,21,0.0823428190001718,0.00021397393108855105,0.1556741606730762,False,60,31,25.835797482993257,16.512064429450543,15.093795769617945,0.26275115919629055
M02,sub-M02_ses-20240314T100000_behavior+ecephys.nwb,RSC,1,LtoR,12,23,0.1108666699992336,0.03273910074736091,0.18195684841107354,False,60,31,11.423576274509287,17.32453377220004,16.302052281789777,0.5714285714285714
M02,sub-M02_ses-20240314T100000_behavior+ecephys.nwb,RSC,1,LtoR,13,25,0.1019935958547954,0.043145480232052065,0.157038760420643,False,60,31,10.437059863945251,18.63273902780438,18.517721884429378,0.5572519083969466
M02,sub-M02_ses-20240314T100000_behavior+ecephys.nwb,RSC,1,LtoR,14,27,0.04706572413811575,-0.01514819729200657,0.10551194287018444,False,60,31,12.983757619047537,15.862707280832737,13.058779809318528,0.5230769230769231
M02,sub-M02_ses-20240314T100000_behavior+ecephys.nwb,RSC,1,LtoR,15,29,0.09455190793079787,0.02415314770648156,0.15910983798263262,False,60,31,13.908593333332647,15.029294787507691,10.469539593894636,0.5114285714285715
M02,sub-M02_ses-20240314T100000_behavior+ecephys.nwb,RSC,1,LtoR,16,31,0.11372059792483939,0.03005468448959907,0.20234251450635443,False,60,31,9.751646666666602,18.546497037199345,17.989117682737824,0.6081632653061224
M02,sub-M02_ses-20240314T100000_behavior+ecephys.nwb,RSC,1,LtoR,17,33,0.011655099722800665,-0.057414631195104864,0.07483127387587461,False,60,31,51.081863945578334,6.69254894566367,5.689085809307199,0.38780297107114936
M02,sub-M02_ses-20240314T100000_behavior+ecephys.nwb,RSC,1,LtoR,18,35,0.1045353772324352,0.03280698190681501,0.18799299820795748,False,60,31,24.081859523809726,13.25941186451877,7.0367595674923304,0.3747927031509121
M02,sub-M02_ses-20240314T100000_behavior+ecephys.nwb,RSC,1,LtoR,19,37,0.10644967859283982,0.029881791987098696,0.17306002926146363,False,60,31,19.10491866666689,12.737639039144092,11.683539067937161,0.4509394572025052
M02,sub-M02_ses-20240314T100000_behavior+ecephys.nwb,RSC,1,LtoR,20,39,0.09990332863034332,0.036552998832322554,0.16045940318006122,False,60,31,13.080156862744843,17.710472655094044,16.64772117028053,0.45896656534954405
M02,sub-M02_ses-20240314T100000_behavior+ecephys.nwb,RSC,1,LtoR,21,41,0.10323028355019467,0.02973581402026338,0.17065015694525235,False,60,31,19.86425333333318,13.936304261406882,13.303262940215804,0.40160642570281124
M02,sub-M02_ses-20240314T100000_behavior+ecephys.nwb,RSC,1,LtoR,22,43,0.14135229800744759,0.05581466216982162,0.22061451664754222,False,60,31,15.787345333333178,18.65645367852407,16.727252834065386,0.3787878787878788
M02,sub-M02_ses-20240314T100000_behavior+ecephys.nwb,RSC,1,LtoR,23,45,0.07427040261391125,-0.0013206278632991431,0.14494972624919716,False,60,31,13.91959035614309,14.660056341253734,11.567487419434087,0.5157593123209169
M02,sub-M02_ses-20240314T100000_behavior+ecephys.nwb,RSC,1,LtoR,24,47,0.12071117618890131,0.03795536538731023,0.18837262022433024,False,60,31,14.668661333334057,14.234883164770176,11.60168811633297,0.5353260869565217
M02,sub-M02_ses-20240314T100000_behavior+ecephys.nwb,RSC,1,LtoR,25,49,0.15288750580696944,0.07603148973477301,0.22442947054170134,False,60,31,15.18809333333229,13.717538406380392,13.587054524437628,0.5328083989501312
M02,sub-M02_ses-20240314T100000_behavior+ecephys.nwb,RSC,1,LtoR,26,51,0.06994521177129354,-0.015941770962724096,0.14165367568392973,False,60,31,26.985045897435157,11.648990206529243,8.817148065909318,0.3437037037037037
M02,sub-M02_ses-20240314T100000_behavior+ecephys.nwb,RSC,1,LtoR,27,53,0.17907304753026687,0.10038689583518831,0.2387615125981033,False,60,31,9.112993333334089,20.27999729001156,22.80060543670009,0.5851528384279476
M02,sub-M02_ses-20240314T100000_behavior+ecephys.nwb,RSC,1,LtoR,28,55,0.11353616652277496,0.012225229151697412,0.20203075612668436,False,60,31,9.969920588235254,19.43627895913622,21.419812324340676,0.568
M02,sub-M02_ses-20240314T100000_behavior+ecephys.nwb,RSC,1,LtoR,29,57,0.10196548559162114,0.04811140780805826,0.1448493756279605,False,60,31,11.78988333333291,18.685674560731705,17.637513225295216,0.5236486486486487
M02,sub-M02_ses-20240314T100000_behavior+ecephys.nwb,RSC,1,LtoR,30,59,0.09988636987575589,0.011578005784092505,0.17601627457155083,False,60,31,16.95877509803904,16.111348078188954,9.594759465625295,0.4061032863849765
M02,sub-M02_ses-20240314T100000_behavior+ecephys.nwb,RSC,1,LtoR,31,61,0.07655858426046507,0.007585167799670066,0.14489084853622236,False,60,31,8.072973333332811,18.233518483581417,16.188467567550724,0.7254901960784313
M02,sub-M02_ses-20240314T100000_behavior+ecephys.nwb,RSC,1,LtoR,32,63,0.12150453841901182,0.05775339062847469,0.18109579877501905,False,60,31,15.348513333333358,14.746437939250034,7.152773963899829,0.5260416666666666
M02,sub-M02_ses-20240314T100000_behavior+ecephys.nwb,RSC,1,LtoR,33,65,0.1439686677820305,0.06548879538284834,0.23106045419621268,False,60,31,9.113013333333583,19.627152741411983,20.263042942470353,0.631578947368421
M02,sub-M02_ses-20240314T100000_behavior+ecephys.nwb,RSC,1,LtoR,34,67,0.051705879257749415,-0.033374042129709826,0.13824001853072101,False,60,31,15.068737333333047,17.64463004843083,16.964016456822026,0.4126984126984127
M02,sub-M02_ses-20240314T100000_behavior+ecephys.nwb,RSC,1,LtoR,35,69,0.12470403418498116,0.05830541097765165,0.1902664392800611,False,60,31,15.119390980392382,22.672881950282274,27.137743432482484,0.32105263157894737
M02,sub-M02_ses-20240314T100000_behavior+ecephys.nwb,RSC,1,LtoR,36,71,0.12017266055817044,0.05174269645963702,0.19621643188604512,False,60,31,44.150583673468645,14.874642992996097,8.80688526090212,0.17918552036199095
M02,sub-M02_ses-20240314T100000_behavior+ecephys.nwb,RSC,1,LtoR,37,73,0.12827590580832135,0.027487637154410934,0.21741371244133811,False,60,31,15.468402666666407,16.429784645053914,14.33826431760797,0.44329896907216493
M02,sub-M02_ses-20240314T100000_behavior+ecephys.nwb,RSC,1,LtoR,38,75,0.10632604941566498,0.026916143769198948,0.17431313915328905,False,60,31,9.95254333333287,17.85163363033811,16.399941936002513,0.5983935742971888
M02,sub-M02_ses-20240314T100000_behavior+ecephys.nwb,RSC,1,LtoR,39,77,0.10294161865439896,0.016053783139232388,0.1841898033740156,False,60,31,21.263106666667227,13.060431749138125,10.303670588090183,0.4116541353383459
M02,sub-M02_ses-20240314T100000_behavior+ecephys.nwb,RSC,1,LtoR,40,79,0.06065707343954402,0.008138832571054747,0.11806407292381893,True,60,31,18.05763666666644,11.339945289726124,9.885995132296859,0.5420353982300885
M02,sub-M02_ses-20240314T100000_behavior+ecephys.nwb,RSC,1,LtoR,41,81,0.13779204193406477,0.04642807118214568,0.2126050823456551,True,60,31,22.78293333333295,15.310778966162665,10.562569226129384,0.3362521891418564
M02,sub-M02_ses-20240314T100000_behavior+ecephys.nwb,RSC,1,LtoR,42,83,0.12385608171587681,0.04751529070971847,0.18768343077254315,True,60,31,15.548266666666677,17.006226306899425,13.745501787699443,0.4190231362467866
M02,sub-M02_ses-20240314T100000_behavior+ecephys.nwb,RSC,1,LtoR,43,85,0.11107739415539661,0.049810015495320194,0.1703950115106156,True,60,31,10.071605333333537,18.090269402845944,17.967820821509058,0.6047430830039525
M02,sub-M02_ses-20240314T100000_behavior+ecephys.nwb,RSC,1,LtoR,44,87,0.03194852077602676,-0.04203686523666862,0.09663284259056336,True,60,31,22.741349333334256,10.473151741861244,9.51753591031365,0.4824561403508772
M02,sub-M02_ses-20240314T100000_behavior+ecephys.nwb,RSC,1,LtoR,45,89,0.10874825579598649,0.029901939055254217,0.1787483812164578,True,60,31,38.452392804814735,10.742489361130758,7.443745768087244,0.3032191069574247
M02,sub-M02_ses-20240314T100000_behavior+ecephys.nwb,RSC,1,LtoR,46,91,0.05714261459803481,-0.018112229365890693,0.13424546888041675,True,60,31,22.942831410256986,12.824816463572004,7.838754950613438,0.4181184668989547
M02,sub-M02_ses-20240314T100000_behavior+ecephys.nwb,RSC,1,LtoR,47,93,0.024419782842525252,-0.07347346948413572,0.1079516338714653,True,60,31,17.659393877552247,13.24688831432677,12.038063243607535,0.4582392776523702
M02,sub-M02_ses-20240314T100000_behavior+ecephys.nwb,RSC,1,LtoR,48,95,0.11415736617873914,0.01614958437039408,0.20471921792442585,True,60,31,13.229103333332205,14.562981510980936,11.28085339680231,0.572289156626506
M02,sub-M02_ses-20240314T100000_behavior+ecephys.nwb,RSC,1,LtoR,49,97,0.09427033815556615,0.011750047120227591,0.18006447197223588,True,60,31,14.392481292517004,13.420172823493704,11.436654216696315,0.5789473684210527
M02,sub-M02_ses-20240314T100000_behavior+ecephys.nwb,RSC,1,RtoL,1,2,0.026484086340713062,-0.018837154293820838,0.06905035588515598,False,60,31,32.275944444444576,10.982836338010017,7.851238265992981,0.3155940594059406
M02,sub-M02_ses-20240314T100000_behavior+ecephys.nwb,RSC,1,RtoL,2,4,0.12794154183225093,0.05341269002128049,0.183483973287441,False,60,31,65.71246470588176,8.332478840610035,5.924859695760272,0.32116788321167883
M02,sub-M02_ses-20240314T100000_behavior+ecephys.nwb,RSC,1,RtoL,3,6,0.10880694969589755,0.041682947406971406,0.17929061437126034,False,60,31,12.270043333332978,16.185232771078486,12.710744736677945,0.5570032573289903
M02,sub-M02_ses-20240314T100000_behavior+ecephys.nwb,RSC,1,RtoL,4,8,0.09906714249009466,0.048353920758679954,0.15033523247741745,False,60,31,11.469543333333604,19.31890082324853,16.157425274415857,0.4895833333333333
M02,sub-M02_ses-20240314T100000_behavior+ecephys.nwb,RSC,1,RtoL,5,10,0.08820181088568985,0.011362695260510161,0.14414713058817816,False,60,31,19.168632704401716,13.200687845610425,7.2404324562256,0.46234309623430964
M02,sub-M02_ses-20240314T100000_behavior+ecephys.nwb,RSC,1,RtoL,6,12,0.13030071056256373,0.05082332938234718,0.2039423205208915,False,60,31,28.577650000000176,12.135293000396455,8.931883205201444,0.3412587412587413
M02,sub-M02_ses-20240314T100000_behavior+ecephys.nwb,RSC,1,RtoL,7,14,0.10453468964449031,0.029716920305209237,0.17003060832630584,False,60,31,44.917536274509075,10.329426832690036,7.234424160663622,0.2713523131672598
M02,sub-M02_ses-20240314T100000_behavior+ecephys.nwb,RSC,1,RtoL,8,16,0.08239953383153201,0.03228516582496737,0.1400012018283055,False,60,31,15.867123333333438,17.13211461926108,7.869590360189789,0.42317380352644834
M02,sub-M02_ses-20240314T100000_behavior+ecephys.nwb,RSC,1,RtoL,9,18,0.08964105536871303,0.022457356384083103,0.1577859047872017,False,60,31,38.585040784313605,10.605689377115773,7.224281177999662,0.30124223602484473
M02,sub-M02_ses-20240314T100000_behavior+ecephys.nwb,RSC,1,RtoL,10,20,0.11367497330141679,0.04534805160534294,0.1602958257903063,False,60,31,11.335402517007424,16.44187123513501,14.897554372906376,0.5894736842105263
M02,sub-M02_ses-20240314T100000_behavior+ecephys.nwb,RSC,1,RtoL,11,22,0.13559248212948377,0.061648590373595824,0.20220132655090853,False,60,31,15.82815333333383,20.89774764196842,18.34893652523139,0.32575757575757575
M02,sub-M02_ses-20240314T100000_behavior+ecephys.nwb,RSC,1,RtoL,12,24,0.10563347009270696,0.027892936663354326,0.17298295668576671,False,60,31,11.397480392156467,19.82369585770855,18.236073802694712,0.4825174825174825
M02,sub-M02_ses-20240314T100000_behavior+ecephys.nwb,RSC,1,RtoL,13,26,0.10463647325826195,0.04987653489982989,0.16294043851173037,False,60,31,16.10949251700731,17.225539024286594,8.545524980715292,0.3935643564356436
M02,sub-M02_ses-20240314T100000_behavior+ecephys.nwb,RSC,1,RtoL,14,28,0.11046105516047355,0.03974582142514183,0.18665246029059643,False,60,31,28.177916666667443,10.687409208859911,6.9833597175498685,0.39574468085106385
M02,sub-M02_ses-20240314T100000_behavior+ecephys.nwb,RSC,1,RtoL,15,30,0.13513157452000388,0.07731536404989013,0.19785699878660887,False,60,31,21.503926666667212,17.77992505049029,11.995802514621099,0.28066914498141265
M02,sub-M02_ses-20240314T100000_behavior+ecephys.nwb,RSC,1,RtoL,16,32,0.12429921317947275,0.07080068283751548,0.17697545531774692,False,60,31,10.232873333333373,17.067479240934855,8.663898257913015,0.6171875
M02,sub-M02_ses-20240314T100000_behavior+ecephys.nwb,RSC,1,RtoL,17,34,0.15004758849351102,0.07367700146328951,0.2131941076227214,False,60,31,16.884359863945065,14.524306573327603,7.372333816738335,0.475177304964539
M02,sub-M02_ses-20240314T100000_behavior+ecephys.nwb,RSC,1,RtoL,18,36,0.1121425749024169,0.03766040041660324,0.18001259104139297,False,60,31,15.308883333333142,19.249491574184646,12.956218780393575,0.38642297650130547
M02,sub-M02_ses-20240314T100000_behavior+ecephys.nwb,RSC,1,RtoL,19,38,0.12354254344398102,0.05306950316573542,0.20606875789555007,False,60,31,14.977857803922234,19.25047804533508,14.709847364824977,0.384
M02,sub-M02_ses-20240314T100000_behavior+ecephys.nwb,RSC,1,RtoL,20,40,0.10459330716995949,0.0168744641427708,0.16350303668613336,False,60,31,8.593453333332945,22.931485814556197,21.882864181457947,0.5348837209302325
M02,sub-M02_ses-20240314T100000_behavior+ecephys.nwb,RSC,1,RtoL,21,42,0.16679511706540923,0.07288261534119521,0.24405888298188555,False,60,31,9.792681333333348,22.242578031127778,16.934508060518187,0.5040650406504065
M02,sub-M02_ses-20240314T100000_behavior+ecephys.nwb,RSC,1,RtoL,22,44,0.08594361072819055,0.0054782265378526315,0.16719695564807813,False,60,31,9.088929251700392,25.057856850820308,28.064647319334178,0.45614035087719296
M02,sub-M02_ses-20240314T100000_behavior+ecephys.nwb,RSC,1,RtoL,23,46,0.11441973341211234,0.04278401821793426,0.19045688354542561,False,60,31,12.803772392156134,21.90515057243341,16.909999924038644,0.3925233644859813
M02,sub-M02_ses-20240314T100000_behavior+ecephys.nwb,RSC,1,RtoL,24,48,0.06736131881563436,0.010019150433842489,0.1305696761802873,False,60,31,22.862543333333633,15.36927151233405,12.431835787579384,0.3094405594405594
M02,sub-M02_ses-20240314T100000_behavior+ecephys.nwb,RSC,1,RtoL,25,50,0.09475840751305435,0.02351261266892557,0.16696543718485085,False,60,31,44.83832410256491,18.94419550492087,14.483946368843728,0.12923351158645277
M02,sub-M02_ses-20240314T100000_behavior+ecephys.nwb,RSC,1,RtoL,26,52,0.12442127796371531,0.05618619815963597,0.17453989722430002,False,60,31,15.428573333333588,21.487291094146666,19.09301039615009,0.32558139534883723
M02,sub-M02_ses-20240314T100000_behavior+ecephys.nwb,RSC,1,RtoL,27,54,0.07953541518900499,-0.005694855448682056,0.14244484694781698,False,60,31,10.431623333332936,23.500476914093117,25.080790360655936,0.4312977099236641
M02,sub-M02_ses-20240314T100000_behavior+ecephys.nwb,RSC,1,RtoL,28,56,0.11440540970636387,0.05566598453075696,0.1634288054029548,False,60,31,11.453912745098023,20.988975626235696,13.605088085077755,0.4738675958188153
M02,sub-M02_ses-20240314T100000_behavior+ecephys.nwb,RSC,1,RtoL,29,58,0.1094751323537446,0.03548880588860136,0.18962731545870273,False,60,31,16.0280033333338,19.068164194772738,11.850974648804655,0.3740648379052369
M02,sub-M02_ses-20240314T100000_behavior+ecephys.nwb,RSC,1,RtoL,30,60,0.10354738373904471,0.032985224150901334,0.1714560987963368,False,60,31,8.502181568627748,22.024446763744763,19.799857981081548,0.5868544600938967
M02,sub-M02_ses-20240314T100000_behavior+ecephys.nwb,RSC,1,RtoL,31,62,0.1060887821127478,0.04677873454441937,0.16268285108245556,False,60,31,8.633520000000317,23.059905649456965,25.33907793840686,0.5277777777777778
M02,sub-M02_ses-20240314T100000_behavior+ecephys.nwb,RSC,1,RtoL,32,64,0.10991744388254397,0.02786983912083586,0.17295862045789157,False,60,31,8.352943333333315,23.910937551284505,23.614575319074564,0.5450236966824644
M02,sub-M02_ses-20240314T100000_behavior+ecephys.nwb,RSC,1,RtoL,33,66,0.058187604725042696,0.022001968875097044,0.09427731433022063,False,60,31,10.272289999999884,19.00598287734914,17.364277927957186,0.562015503875969
M02,sub-M02_ses-20240314T100000_behavior+ecephys.nwb,RSC,1,RtoL,34,68,0.1931881485773037,0.12813825785669686,0.23963704098679356,False,60,31,9.471909333333315,21.542501895461513,10.668980615342713,0.5443037974683544
M02,sub-M02_ses-20240314T100000_behavior+ecephys.nwb,RSC,1,RtoL,35,70,0.10614871383366027,0.037974009619580563,0.1650036726571829,False,60,31,9.581615686274745,24.284526776222922,27.01316294011095,0.4708333333333333
M02,sub-M02_ses-20240314T100000_behavior+ecephys.nwb,RSC,1,RtoL,36,72,0.10723034731169423,0.03519807726235761,0.18089089770277167,False,60,31,18.001440326531338,12.906759314834975,8.42040296732425,0.45454545454545453
M02,sub-M02_ses-20240314T100000_behavior+ecephys.nwb,RSC,1,RtoL,37,74,0.139005872095774,0.06302297279494509,0.19407464744252775,False,60,31,21.263073333333523,18.47876384969084,11.2539135094297,0.28142589118198874
M02,sub-M02_ses-20240314T100000_behavior+ecephys.nwb,RSC,1,RtoL,38,76,0.10882605221035865,0.03897431841779268,0.1991849079181632,False,60,31,16.02702333333309,18.372075339311436,15.129894242649135,0.373134328358209
M02,sub-M02_ses-20240314T100000_behavior+ecephys.nwb,RSC,1,RtoL,39,78,0.1480485967082099,0.054921095527423025,0.20393171297562743,False,60,31,11.071723333333466,20.51707868679903,14.14773746531591,0.49280575539568344
M02,sub-M02_ses-20240314T100000_behavior+ecephys.nwb,RSC,1,RtoL,40,80,0.16099988259955939,0.08905782933408905,0.2399363518062565,True,60,31,26.14728333333369,15.880274923134078,15.755278428474538,0.2687022900763359
M02,sub-M02_ses-20240314T100000_behavior+ecephys.nwb,RSC,1,RtoL,41,82,0.131025591517622,0.08104054330186448,0.17517193116252192,True,60,31,16.386863333333167,19.879469716853595,19.85735720065013,0.3333333333333333
M02,sub-M02_ses-20240314T100000_behavior+ecephys.nwb,RSC,1,RtoL,42,84,0.11046393329302301,0.02887965359585087,0.18367739237183506,True,60,31,12.310628000000179,24.160626976392592,23.664080945655193,0.36893203883495146
M02,sub-M02_ses-20240314T100000_behavior+ecephys.nwb,RSC,1,RtoL,43,86,0.09798465884318486,0.03362101730067523,0.14940190098408426,True,60,31,27.819019999999,11.881153796750928,10.183600515127715,0.3290229885057471
M02,sub-M02_ses-20240314T100000_behavior+ecephys.nwb,RSC,1,RtoL,44,88,0.035528052483666916,-0.03072291059107336,0.0970152850020984,True,60,31,44.14454425640997,9.309516256696229,7.583921277703679,0.28804347826086957
M02,sub-M02_ses-20240314T100000_behavior+ecephys.nwb,RSC,1,RtoL,45,90,0.14626005480830667,0.06274732158646125,0.2125527785448549,True,60,31,18.004615528518116,18.489058546182758,16.190052388235358,0.3215077605321508
M02,sub-M02_ses-20240314T100000_behavior+ecephys.nwb,RSC,1,RtoL,46,92,0.06556981805402111,0.00658528283773181,0.12236228765673196,True,60,31,89.68689659863867,7.440424479091367,4.41678708003038,0.22113241194828354
M02,sub-M02_ses-20240314T100000_behavior+ecephys.nwb,RSC,1,RtoL,47,94,0.0033844522140438656,-0.05919669956302407,0.07234598736137077,True,60,31,30.10790619047657,12.017562348539263,10.81073598636086,0.3116710875331565
M02,sub-M02_ses-20240314T100000_behavior+ecephys.nwb,RSC,1,RtoL,48,96,0.1004579655389218,0.031574315354732554,0.16846840182361267,True,60,31,25.057868707483067,15.215757228256383,11.540204900233423,0.2966507177033493
M02,sub-M02_ses-20240314T100000_behavior+ecephys.nwb,RSC,1,RtoL,49,98,0.06746588766044484,0.023227541033584934,0.1194321438152845,True,60,31,31.175546666667287,7.874953809904665,6.022859169622011,0.5423076923076923
M03,sub-M03_ses-20240621T100000_behavior+ecephys.nwb,CA1,1,LtoR,1,1,0.08818856140316589,-0.015074929889811652,0.17993134471717256,False,91,39,26.4365333333335,8.992368027033347,9.249698864029757,0.40454545454545454
M03,sub-M03_ses-20240621T100000_behavior+ecephys.nwb,CA1,1,LtoR,2,3,0.12017408941886376,-0.007442709974786433,0.22034940313159007,False,91,39,38.127125111112036,8.712909953143264,8.427573764657161,0.3238993710691824
M03,sub-M03_ses-20240621T100000_behavior+ecephys.nwb,CA1,1,LtoR,3,5,0.15449636178823734,0.0327091526355842,0.25169401456500584,False,91,39,27.594505228757043,8.047902700032324,7.701027514419272,0.45942028985507244
M03,sub-M03_ses-20240621T100000_behavior+ecephys.nwb,CA1,1,LtoR,4,7,0.18124929803477743,0.09867703302536107,0.24754559144299007,False,91,39,31.108835482993527,9.57391557176579,8.936116397649652,0.3641025641025641
M03,sub-M03_ses-20240621T100000_behavior+ecephys.nwb,CA1,1,LtoR,5,9,0.21601843293216128,0.0987035670386935,0.3079206114220919,False,91,39,29.812379414965108,7.341539365813368,6.162541376144249,0.4839142091152815
M03,sub-M03_ses-20240621T100000_behavior+ecephys.nwb,CA1,1,LtoR,6,11,0.18461635659313216,0.08679625080565305,0.2869917569362495,False,91,39,69.25707861437968,9.848979499427537,7.615952016067003,0.16330063473744952
M03,sub-M03_ses-20240621T100000_behavior+ecephys.nwb,CA1,1,LtoR,7,13,0.16784086533034376,0.08142341695332571,0.2481139816464302,False,91,39,30.62704960784231,10.136942049414664,9.521560645554938,0.3372395833333333
M03,sub-M03_ses-20240621T100000_behavior+ecephys.nwb,CA1,1,LtoR,8,15,0.19449882574252994,0.11427511082276856,0.2819611000211195,False,91,39,24.98814666666658,8.929208411857587,7.717527715457926,0.5111821086261981
M03,sub-M03_ses-20240621T100000_behavior+ecephys.nwb,CA1,1,LtoR,9,17,0.20456149948603763,0.11906823529413862,0.2764885107641277,False,91,39,40.36855942857164,8.58871348773216,6.850323638517191,0.3066271018793274
M03,sub-M03_ses-20240621T100000_behavior+ecephys.nwb,CA1,1,LtoR,10,19,0.21350946022990153,0.10692005989689893,0.30293419767587876,False,91,39,59.53847704575219,8.529409791407037,6.910620295730567,0.20536912751677852
M03,sub-M03_ses-20240621T100000_behavior+ecephys.nwb,CA1,1,LtoR,11,21,0.21565176601926023,0.1382335286250631,0.29112227191348744,False,91,39,34.5958688235296,8.293910136998374,7.303408313989544,0.3829296424452134
M03,sub-M03_ses-20240621T100000_behavior+ecephys.nwb,CA1,1,LtoR,12,23,0.1946190295369655,0.09810911655028236,0.29991675828336717,False,91,39,27.663641923436444,10.018108469288993,8.748028035560305,0.3953823953823954
M03,sub-M03_ses-20240621T100000_behavior+ecephys.nwb,CA1,1,LtoR,13,25,0.12534139707657893,0.03990141310657355,0.21175361671320433,False,91,39,49.61516800000027,9.318016547473112,8.494105158556593,0.22544283413848631
M03,sub-M03_ses-20240621T100000_behavior+ecephys.nwb,CA1,1,LtoR,14,27,0.18405444919016883,0.0863778763456228,0.2916134366600422,False,91,39,21.303728784313535,10.90649186239281,9.942903864766482,0.474671669793621
M03,sub-M03_ses-20240621T100000_behavior+ecephys.nwb,CA1,1,LtoR,15,29,0.20461618699278392,0.10333280701982525,0.29743264470097197,False,91,39,26.42724466666732,11.616846165657156,10.86285084668263,0.3595166163141994
M03,sub-M03_ses-20240621T100000_behavior+ecephys.nwb,CA1,1,LtoR,16,31,0.23938835355041999,0.17149162016142916,0.31719148809007636,False,91,39,46.78701156462557,9.985590660720963,8.589436587738358,0.2170940170940171
M03,sub-M03_ses-20240621T100000_behavior+ecephys.nwb,CA1,1,LtoR,17,33,0.21211124561161615,0.14501211746395828,0.2983682634049611,False,91,39,37.90194533333306,8.67394270498399,7.644885173987813,0.31962025316455694
M03,sub-M03_ses-20240621T100000_behavior+ecephys.nwb,CA1,1,LtoR,18,35,0.21286797064277696,0.10644228285627223,0.33529364925266275,False,91,39,17.8503240762966,12.645091903782495,11.192998628462668,0.4608501118568233
M03,sub-M03_ses-20240621T100000_behavior+ecephys.nwb,CA1,1,LtoR,19,37,0.24137505886815644,0.12266657466664536,0.33670786011758075,False,91,39,30.704102666666586,10.955110123632785,10.584006982477254,0.3181818181818182
M03,sub-M03_ses-20240621T100000_behavior+ecephys.nwb,CA1,1,LtoR,20,39,0.28623599271850264,0.2027717099250437,0.3644135737312232,False,91,39,34.51484156862716,9.009882035075336,7.415868214268676,0.35491329479768785
M03,sub-M03_ses-20240621T100000_behavior+ecephys.nwb,CA1,1,LtoR,21,41,0.31305845849409497,0.20496197427047305,0.3972034110841,False,91,39,23.027592000000368,9.755865329348017,9.045198256168517,0.4662045060658579
M03,sub-M03_ses-20240621T100000_behavior+ecephys.nwb,CA1,1,LtoR,22,43,0.2952604481124873,0.20075814174291476,0.38883730793953186,False,91,39,65.14946866666651,7.4651797225669485,6.390757699487368,0.2196319018404908
M03,sub-M03_ses-20240621T100000_behavior+ecephys.nwb,CA1,1,LtoR,23,45,0.3271925868395674,0.2348044586219488,0.4064679014375522,False,91,39,89.19547199999943,8.028582375038262,5.770645182654537,0.14432989690721648
M03,sub-M03_ses-20240621T100000_behavior+ecephys.nwb,CA1,1,LtoR,24,47,0.3235510894667479,0.2126859718679968,0.4287319329660479,False,91,39,21.8679586666658,8.909254512978514,6.989663378865435,0.5492700729927007
M03,sub-M03_ses-20240621T100000_behavior+ecephys.nwb,CA1,1,LtoR,25,49,0.3119399206874592,0.21756392446125086,0.42066139209711173,False,91,39,40.53829333333306,9.63655116091893,10.007108323221864,0.32938856015779094
M03,sub-M03_ses-20240621T100000_behavior+ecephys.nwb,CA1,1,LtoR,26,51,0.3557820662372934,0.2569310038568439,0.44124169233836197,False,91,39,36.939729411765256,9.191178043490035,7.169859767631489,0.32432432432432434
M03,sub-M03_ses-20240621T100000_behavior+ecephys.nwb,CA1,1,LtoR,27,53,0.3850526103281591,0.29019139421297296,0.4730208411082726,False,91,39,31.869533333333493,10.636127902784779,9.096321131745716,0.32205513784461154
M03,sub-M03_ses-20240621T100000_behavior+ecephys.nwb,CA1,1,LtoR,28,55,0.3242627981426416,0.25887874246367887,0.3948258674972071,False,91,39,40.18061000000034,10.331062943309236,9.335967061468248,0.2554671968190855
M03,sub-M03_ses-20240621T100000_behavior+ecephys.nwb,CA1,1,LtoR,29,57,0.32249384090387523,0.2259749025568283,0.4236651416124448,False,91,39,60.090445333333264,8.033386603123745,6.9743928993452915,0.23803191489361702
M03,sub-M03_ses-20240621T100000_behavior+ecephys.nwb,CA1,1,LtoR,30,59,0.37846059199782517,0.29958033168140985,0.4525176966322251,False,91,39,72.42722334640621,8.751061210988167,7.649949975654597,0.15894039735099338
M03,sub-M03_ses-20240621T100000_behavior+ecephys.nwb,CA1,1,LtoR,31,61,0.42243684428057626,0.34927937985494495,0.5015735037523781,False,91,39,51.335679455782156,7.329990676199531,5.757582086700626,0.36993769470404986
M03,sub-M03_ses-20240621T100000_behavior+ecephys.nwb,CA1,1,LtoR,32,63,0.45142971876984755,0.3391764610295862,0.5440332382546615,False,91,39,39.700745999999526,8.405434519899783,7.310366846022559,0.3081570996978852
M03,sub-M03_ses-20240621T100000_behavior+ecephys.nwb,CA1,1,LtoR,33,65,0.4548326246488651,0.36486454691489967,0.5248600964704146,False,91,39,32.29739215686186,10.264686096046503,10.848628539112799,0.32138442521631644
M03,sub-M03_ses-20240621T100000_behavior+ecephys.nwb,CA1,1,LtoR,34,68,0.5298908092723364,0.4468340102522498,0.5940343462875032,True,91,39,31.70380800000021,9.417334393715311,9.388730961216904,0.3438287153652393
M03,sub-M03_ses-20240621T100000_behavior+ecephys.nwb,CA1,1,LtoR,35,70,0.4653307744474983,0.34648814707686115,0.5497705983444958,True,91,39,54.21297333333405,8.746526824864299,6.592915467206276,0.2262343404568902
M03,sub-M03_ses-20240621T100000_behavior+ecephys.nwb,CA1,1,LtoR,36,72,0.4975764241769421,0.4113259243798369,0.5701176101678389,True,91,39,32.90344933333199,9.113897608124208,9.387781831627542,0.34951456310679613
M03,sub-M03_ses-20240621T100000_behavior+ecephys.nwb,CA1,1,LtoR,37,74,0.4263440902704009,0.3317400983059286,0.48636419698186145,True,91,39,35.51594188235231,9.062781876877137,9.118382082291177,0.34870641169853767
M03,sub-M03_ses-20240621T100000_behavior+ecephys.nwb,CA1,1,LtoR,38,76,0.50978832585264,0.4177464121592254,0.5866383066144905,True,91,39,37.461307333333934,9.74575967312257,10.131635801227509,0.2892209178228389
M03,sub-M03_ses-20240621T100000_behavior+ecephys.nwb,CA1,1,LtoR,39,78,0.47066713524432624,0.3682843234081709,0.5576215062059275,True,91,39,63.6820972789119,8.347839723359016,7.6415499489625205,0.21957340025094102
M03,sub-M03_ses-20240621T100000_behavior+ecephys.nwb,CA1,1,LtoR,40,81,0.4797751655360295,0.3880329422956008,0.5510027667368125,True,91,39,48.6954080000005,7.242368358501451,6.124277699570288,0.3111658456486043
M03,sub-M03_ses-20240621T100000_behavior+ecephys.nwb,CA1,1,LtoR,41,83,0.49138897113560037,0.390597047551994,0.5752668608946919,True,91,39,88.11625733333312,8.320000426227217,8.444038528192259,0.14609800362976408
M03,sub-M03_ses-20240621T100000_behavior+ecephys.nwb,CA1,1,LtoR,42,85,0.4906963806606325,0.39790074982364254,0.5813278818137546,True,91,39,56.052154666665956,7.142974904081346,5.615483022171404,0.2524964336661912
M03,sub-M03_ses-20240621T100000_behavior+ecephys.nwb,CA1,1,LtoR,43,87,0.45162293789320085,0.338221577519375,0.5436053085963198,True,91,39,91.70614923076937,8.582502557301861,7.554827154338111,0.14036617262423715
M03,sub-M03_ses-20240621T100000_behavior+ecephys.nwb,CA1,1,RtoL,1,2,0.08556203857856283,-0.026259893392076405,0.19470595367710378,False,91,39,21.50945266666622,11.530430422052888,8.552750252307618,0.44155844155844154
M03,sub-M03_ses-20240621T100000_behavior+ecephys.nwb,CA1,1,RtoL,2,4,0.12094027254087503,0.015081281646760628,0.22453705241526478,False,91,39,30.88585424836583,8.78996058434911,9.121188501846117,0.4005167958656331
M03,sub-M03_ses-20240621T100000_behavior+ecephys.nwb,CA1,1,RtoL,3,6,0.1934396082631335,0.08372452931812126,0.3137304436832578,False,91,39,25.92983474509856,9.372696630191658,9.139620789689328,0.45454545454545453
M03,sub-M03_ses-20240621T100000_behavior+ecephys.nwb,CA1,1,RtoL,4,8,0.2262918565742938,0.08707514734450317,0.3424423835620712,False,91,39,20.35778843537446,9.51310168602381,9.396653089123507,0.5481335952848723
M03,sub-M03_ses-20240621T100000_behavior+ecephys.nwb,CA1,1,RtoL,5,10,0.2324236007201147,0.07526180780963306,0.37441470348803896,False,91,39,27.704848666667203,10.612164961811585,11.804515009354937,0.3645533141210375
M03,sub-M03_ses-20240621T100000_behavior+ecephys.nwb,CA1,1,RtoL,6,12,0.22301140499703698,0.09255125483885196,0.33115919712220576,False,91,39,22.65484444444428,10.255342556986674,10.053137460512984,0.4628975265017668
M03,sub-M03_ses-20240621T100000_behavior+ecephys.nwb,CA1,1,RtoL,7,14,0.22398439071930576,0.07600403852926464,0.34875442004959645,False,91,39,20.428503333333538,11.043542520426715,11.142512492269741,0.49902152641878667
M03,sub-M03_ses-20240621T100000_behavior+ecephys.nwb,CA1,1,RtoL,8,16,0.13211283990118555,0.015949977720206322,0.2522122494529351,False,91,39,30.904465333333064,9.320864383834257,6.785910357760066,0.39327296248382926
M03,sub-M03_ses-20240621T100000_behavior+ecephys.nwb,CA1,1,RtoL,9,18,0.29337451928704916,0.16670683215823132,0.4162006608322684,False,91,39,16.873347525676763,11.721632001363433,11.403427813356497,0.5450236966824644
M03,sub-M03_ses-20240621T100000_behavior+ecephys.nwb,CA1,1,RtoL,10,20,0.3010651669524723,0.1672164474184582,0.41668164989891926,False,91,39,30.704660666666314,10.723985816953416,9.5602417103273,0.3333333333333333
M03,sub-M03_ses-20240621T100000_behavior+ecephys.nwb,CA1,1,RtoL,11,22,0.2865707823352971,0.1392469258512227,0.40049227413974126,False,91,39,16.94192212885173,11.830512702522741,11.100082857642361,0.535377358490566
M03,sub-M03_ses-20240621T100000_behavior+ecephys.nwb,CA1,1,RtoL,12,24,0.24645451289352482,0.12954810660717905,0.37977639152612697,False,91,39,26.104699790848827,13.053379162447195,13.403266802709314,0.3231240428790199
M03,sub-M03_ses-20240621T100000_behavior+ecephys.nwb,CA1,1,RtoL,13,26,0.2725598466690937,0.16061547656880779,0.39932305656278255,False,91,39,20.074515215686006,11.48602152807267,11.819910924329111,0.4731610337972167
M03,sub-M03_ses-20240621T100000_behavior+ecephys.nwb,CA1,1,RtoL,14,28,0.3524458970377955,0.21894685903800407,0.48272098221749393,False,91,39,15.991848666666556,12.595051307212765,10.533239213970308,0.5411471321695761
M03,sub-M03_ses-20240621T100000_behavior+ecephys.nwb,CA1,1,RtoL,15,30,0.33335590248537805,0.21769874374641374,0.45352573536196417,False,91,39,22.310538666666616,11.628088885320304,8.165022374456942,0.4293381037567084
M03,sub-M03_ses-20240621T100000_behavior+ecephys.nwb,CA1,1,RtoL,16,32,0.35493917942748565,0.2576420380300296,0.4703791922471333,False,91,39,49.920695102040554,10.636955803697909,8.487887854646234,0.21136909527622097
M03,sub-M03_ses-20240621T100000_behavior+ecephys.nwb,CA1,1,RtoL,17,34,0.35079096628515183,0.19497401377974713,0.4882554179972636,False,91,39,17.062917387755988,10.264755284149146,10.151615841721451,0.5630841121495327
M03,sub-M03_ses-20240621T100000_behavior+ecephys.nwb,CA1,1,RtoL,18,36,0.36273867851526254,0.21689327959206725,0.4644623777317575,False,91,39,28.214730535947638,14.503141575206072,15.142478531329516,0.24645892351274787
M03,sub-M03_ses-20240621T100000_behavior+ecephys.nwb,CA1,1,RtoL,19,38,0.42614759930582813,0.2722029170782859,0.5588828499391193,False,91,39,28.17295176470634,13.247014578975149,14.453142937545792,0.2840909090909091
M03,sub-M03_ses-20240621T100000_behavior+ecephys.nwb,CA1,1,RtoL,20,40,0.3559933333979242,0.24428724471181038,0.4671681594581942,False,91,39,34.78296933333331,10.158401924807555,7.980849704593797,0.32298850574712645
M03,sub-M03_ses-20240621T100000_behavior+ecephys.nwb,CA1,1,RtoL,21,42,0.41017268561019027,0.30200211496198276,0.5027629429046219,False,91,39,48.97481666666681,10.211991072061458,9.226595970938327,0.22775510204081634
M03,sub-M03_ses-20240621T100000_behavior+ecephys.nwb,CA1,1,RtoL,22,44,0.42213543008142607,0.2971219039189241,0.5406614874355943,False,91,39,31.88095333333331,11.998020275820007,11.725211991775375,0.2807017543859649
M03,sub-M03_ses-20240621T100000_behavior+ecephys.nwb,CA1,1,RtoL,23,46,0.4693103128321894,0.358766573355672,0.5544374849309386,False,91,39,32.62356266666757,9.25561270202484,8.932750199548368,0.3700980392156863
M03,sub-M03_ses-20240621T100000_behavior+ecephys.nwb,CA1,1,RtoL,24,48,0.3606747837883212,0.26082520936057585,0.4498748184474877,False,91,39,24.70827200000076,9.25524903917747,8.963625044467895,0.4927302100161551
M03,sub-M03_ses-20240621T100000_behavior+ecephys.nwb,CA1,1,RtoL,25,50,0.5165401132068932,0.3957188235016635,0.6023311826652108,False,91,39,30.476254666666136,9.734878392411824,7.578912888663751,0.3800786369593709
M03,sub-M03_ses-20240621T100000_behavior+ecephys.nwb,CA1,1,RtoL,26,52,0.36762539721830434,0.2696320296887353,0.44413505610593823,False,91,39,18.86150392156833,9.221300650890395,8.974041615332757,0.6313559322033898
M03,sub-M03_ses-20240621T100000_behavior+ecephys.nwb,CA1,1,RtoL,27,54,0.4925559123504118,0.37504620987373793,0.5836306331094927,False,91,39,26.379640666667,10.672139000565904,9.994650678762945,0.4090909090909091
M03,sub-M03_ses-20240621T100000_behavior+ecephys.nwb,CA1,1,RtoL,28,56,0.45695510658388644,0.3512536620468892,0.5461495747848211,False,91,39,22.907195999999203,9.178622672506489,6.926125014450876,0.5305410122164049
M03,sub-M03_ses-20240621T100000_behavior+ecephys.nwb,CA1,1,RtoL,29,58,0.45827595655513076,0.31987612376480806,0.5475958681620419,False,91,39,40.379550666666546,10.163893021513852,8.739515853408252,0.2712871287128713
M03,sub-M03_ses-20240621T100000_behavior+ecephys.nwb,CA1,1,RtoL,30,60,0.4885036774590867,0.3236564599090711,0.5967232094141837,False,91,39,57.906760653594574,12.326773664621529,10.215255644182509,0.1456176673567978
M03,sub-M03_ses-20240621T100000_behavior+ecephys.nwb,CA1,1,RtoL,31,62,0.57474314448935,0.4320093779819405,0.6648987220328276,False,91,39,19.147475877551187,13.503594401566431,15.621557931162505,0.4
M03,sub-M03_ses-20240621T100000_behavior+ecephys.nwb,CA1,1,RtoL,32,64,0.5685357325506006,0.44829499264353406,0.6616137003929277,False,91,39,27.691527555556604,10.27947414125498,9.95428394379259,0.38672438672438675
M03,sub-M03_ses-20240621T100000_behavior+ecephys.nwb,CA1,1,RtoL,33,66,0.6261621164392532,0.5089198041526959,0.7006817500339865,False,91,39,19.93045828758204,11.459611379906526,11.596432932992025,0.4789579158316633
M03,sub-M03_ses-20240621T100000_behavior+ecephys.nwb,CA1,1,RtoL,34,67,0.44703150031819894,0.31676023770707273,0.5264068871170366,False,91,39,38.421082666666734,8.468381595465548,7.224238332081875,0.3627858627858628
M03,sub-M03_ses-20240621T100000_behavior+ecephys.nwb,CA1,1,RtoL,35,69,0.637771538680467,0.5563995761641028,0.7090817063473565,True,91,39,23.94681066666635,10.300459759413974,9.974855910180736,0.4557595993322204
M03,sub-M03_ses-20240621T100000_behavior+ecephys.nwb,CA1,1,RtoL,36,71,0.6130152254768007,0.5076451994406264,0.6763680497520232,True,91,39,37.66132000000016,12.83920046679629,14.373678565825283,0.22399150743099788
M03,sub-M03_ses-20240621T100000_behavior+ecephys.nwb,CA1,1,RtoL,37,73,0.5650898976689764,0.4566574425994659,0.6563762809666234,True,91,39,28.905521333334036,13.66223081770075,13.812670044107394,0.27247579529737204
M03,sub-M03_ses-20240621T100000_behavior+ecephys.nwb,CA1,1,RtoL,38,75,0.5029605661464946,0.4315016369831354,0.5781950357897057,True,91,39,50.798793450981066,8.331717861175942,6.542353092200807,0.2832415420928403
M03,sub-M03_ses-20240621T100000_behavior+ecephys.nwb,CA1,1,RtoL,39,77,0.6191883186362994,0.5139580113280308,0.6899282893050436,True,91,39,57.10621442176762,10.948408903671575,11.685987118766395,0.17914625612316304
M03,sub-M03_ses-20240621T100000_behavior+ecephys.nwb,CA1,1,RtoL,40,79,0.6745656621013063,0.5754472359034682,0.7323107603189777,True,91,39,28.37671829931969,9.364922684857898,8.548872783716524,0.4225352112676056
M03,sub-M03_ses-20240621T100000_behavior+ecephys.nwb,CA1,1,RtoL,41,80,0.6114345542933746,0.503537476290144,0.6880410713522699,True,91,39,36.02268933333289,7.995086054699436,5.921912291642332,0.39135254988913526
M03,sub-M03_ses-20240621T100000_behavior+ecephys.nwb,CA1,1,RtoL,42,82,0.6718871434537919,0.5794243403142512,0.7394939294721651,True,91,39,22.947077333333255,10.292241633374342,9.262614210981932,0.4782608695652174
M03,sub-M03_ses-20240621T100000_behavior+ecephys.nwb,CA1,1,RtoL,43,84,0.5808492980561504,0.48563423691469354,0.6422904279990308,True,91,39,45.856120000000374,10.688763557786089,10.334727431303552,0.22057541412380122
M03,sub-M03_ses-20240621T100000_behavior+ecephys.nwb,CA1,1,RtoL,44,86,0.6204394312361842,0.5224167492221397,0.7037218049559064,True,91,39,26.666464666666798,9.930002649794686,9.576839180395313,0.3967065868263473
M03,sub-M03_ses-20240621T100000_behavior+ecephys.nwb,CA3,1,LtoR,1,1,-0.0243956818140936,-0.024395681814093618,-0.02439568181409358,False,39,39,26.4365333333335,8.992368027033347,9.249698864029757,0.40454545454545454
M03,sub-M03_ses-20240621T100000_behavior+ecephys.nwb,CA3,1,LtoR,2,3,0.03862309955505954,0.03862309955505952,0.03862309955505956,False,39,39,38.127125111112036,8.712909953143264,8.427573764657161,0.3238993710691824
M03,sub-M03_ses-20240621T100000_behavior+ecephys.nwb,CA3,1,LtoR,3,5,0.14447506221693124,0.1444750622169312,0.1444750622169313,False,39,39,27.594505228757043,8.047902700032324,7.701027514419272,0.45942028985507244
M03,sub-M03_ses-20240621T100000_behavior+ecephys.nwb,CA3,1,LtoR,4,7,0.11241146826109966,0.11241146826109961,0.1124114682610997,False,39,39,31.108835482993527,9.57391557176579,8.936116397649652,0.3641025641025641
M03,sub-M03_ses-20240621T100000_behavior+ecephys.nwb,CA3,1,LtoR,5,9,0.13282095185783613,0.1328209518578361,0.13282095185783616,False,39,39,29.812379414965108,7.341539365813368,6.162541376144249,0.4839142091152815
M03,sub-M03_ses-20240621T100000_behavior+ecephys.nwb,CA3,1,LtoR,6,11,-0.018731663133092002,-0.018731663133092012,-0.01873166313309198,False,39,39,69.25707861437968,9.848979499427537,7.615952016067003,0.16330063473744952
M03,sub-M03_ses-20240621T100000_behavior+ecephys.nwb,CA3,1,LtoR,7,13,0.07265343785848959,0.07265343785848957,0.07265343785848961,False,39,39,30.62704960784231,10.136942049414664,9.521560645554938,0.3372395833333333
M03,sub-M03_ses-20240621T100000_behavior+ecephys.nwb,CA3,1,LtoR,8,15,0.0502577913643021,0.05025779136430208,0.050257791364302126,False,39,39,24.98814666666658,8.929208411857587,7.717527715457926,0.5111821086261981
M03,sub-M03_ses-20240621T100000_behavior+ecephys.nwb,CA3,1,LtoR,9,17,0.08305154171854383,0.0830515417185438,0.08305154171854384,False,39,39,40.36855942857164,8.58871348773216,6.850323638517191,0.3066271018793274
M03,sub-M03_ses-20240621T100000_behavior+ecephys.nwb,CA3,1,LtoR,10,19,0.19435627942018072,0.19435627942018066,0.19435627942018083,False,39,39,59.53847704575219,8.529409791407037,6.910620295730567,0.20536912751677852
M03,sub-M03_ses-20240621T100000_behavior+ecephys.nwb,CA3,1,LtoR,11,21,0.11701047106329178,0.11701047106329172,0.11701047106329181,False,39,39,34.5958688235296,8.293910136998374,7.303408313989544,0.3829296424452134
M03,sub-M03_ses-20240621T100000_behavior+ecephys.nwb,CA3,1,LtoR,12,23,0.13244012248417267,0.13244012248417258,0.1324401224841727,False,39,39,27.663641923436444,10.018108469288993,8.748028035560305,0.3953823953823954
M03,sub-M03_ses-20240621T100000_behavior+ecephys.nwb,CA3,1,LtoR,13,25,-0.03880138190406394,-0.038801381904063965,-0.03880138190406391,False,39,39,49.61516800000027,9.318016547473112,8.494105158556593,0.22544283413848631
M03,sub-M03_ses-20240621T100000_behavior+ecephys.nwb,CA3,1,LtoR,14,27,0.20047377929677956,0.20047377929677945,0.2004737792967796,False,39,39,21.303728784313535,10.90649186239281,9.942903864766482,0.474671669793621
M03,sub-M03_ses-20240621T100000_behavior+ecephys.nwb,CA3,1,LtoR,15,29,0.1042530108871193,0.10425301088711926,0.10425301088711934,False,39,39,26.42724466666732,11.616846165657156,10.86285084668263,0.3595166163141994
M03,sub-M03_ses-20240621T100000_behavior+ecephys.nwb,CA3,1,LtoR,16,31,0.10458111302774546,0.10458111302774543,0.10458111302774552,False,39,39,46.78701156462557,9.985590660720963,8.589436587738358,0.2170940170940171
M03,sub-M03_ses-20240621T100000_behavior+ecephys.nwb,CA3,1,LtoR,17,33,0.18782425162571206,0.187824251625712,0.18782425162571212,False,39,39,37.90194533333306,8.67394270498399,7.644885173987813,0.31962025316455694
M03,sub-M03_ses-20240621T100000_behavior+ecephys.nwb,CA3,1,LtoR,18,35,0.2171726346696713,0.21717263466967124,0.21717263466967132,False,39,39,17.8503240762966,12.645091903782495,11.192998628462668,0.4608501118568233
M03,sub-M03_ses-20240621T100000_behavior+ecephys.nwb,CA3,1,LtoR,19,37,0.1255243010406064,0.12552430104060638,0.12552430104060647,False,39,39,30.704102666666586,10.955110123632785,10.584006982477254,0.3181818181818182
M03,sub-M03_ses-20240621T100000_behavior+ecephys.nwb,CA3,1,LtoR,20,39,0.11261823093528586,0.11261823093528582,0.1126182309352859,False,39,39,34.51484156862716,9.009882035075336,7.415868214268676,0.35491329479768785
M03,sub-M03_ses-20240621T100000_behavior+ecephys.nwb,CA3,1,LtoR,21,41,0.20522226291213527,0.2052222629121352,0.20522226291213533,False,39,39,23.027592000000368,9.755865329348017,9.045198256168517,0.4662045060658579
M03,sub-M03_ses-20240621T100000_behavior+ecephys.nwb,CA3,1,LtoR,22,43,0.136302147578046,0.13630214757804598,0.13630214757804607,False,39,39,65.14946866666651,7.4651797225669485,6.390757699487368,0.2196319018404908
M03,sub-M03_ses-20240621T100000_behavior+ecephys.nwb,CA3,1,LtoR,23,45,0.17182132042388237,0.17182132042388235,0.17182132042388243,False,39,39,89.19547199999943,8.028582375038262,5.770645182654537,0.14432989690721648
M03,sub-M03_ses-20240621T100000_behavior+ecephys.nwb,CA3,1,LtoR,24,47,0.30932559430064455,0.3093255943006445,0.30932559430064466,False,39,39,21.8679586666658,8.909254512978514,6.989663378865435,0.5492700729927007
M03,sub-M03_ses-20240621T100000_behavior+ecephys.nwb,CA3,1,LtoR,25,49,0.11155345865561579,0.11155345865561575,0.11155345865561586,False,39,39,40.53829333333306,9.63655116091893,10.007108323221864,0.32938856015779094
M03,sub-M03_ses-20240621T100000_behavior+ecephys.nwb,CA3,1,LtoR,26,51,0.292044943884996,0.2920449438849959,0.29204494388499613,False,39,39,36.939729411765256,9.191178043490035,7.169859767631489,0.32432432432432434
M03,sub-M03_ses-20240621T100000_behavior+ecephys.nwb,CA3,1,LtoR,27,53,0.29415504963039363,0.2941550496303935,0.2941550496303937,False,39,39,31.869533333333493,10.636127902784779,9.096321131745716,0.32205513784461154
M03,sub-M03_ses-20240621T100000_behavior+ecephys.nwb,CA3,1,LtoR,28,55,0.35290218911274607,0.352902189112746,0.35290218911274623,False,39,39,40.18061000000034,10.331062943309236,9.335967061468248,0.2554671968190855
M03,sub-M03_ses-20240621T100000_behavior+ecephys.nwb,CA3,1,LtoR,29,57,0.2513978777158876,0.2513978777158875,0.2513978777158877,False,39,39,60.090445333333264,8.033386603123745,6.9743928993452915,0.23803191489361702
M03,sub-M03_ses-20240621T100000_behavior+ecephys.nwb,CA3,1,LtoR,30,59,0.38626301815818487,0.3862630181581847,0.386263018158185,False,39,39,72.42722334640621,8.751061210988167,7.649949975654597,0.15894039735099338
M03,sub-M03_ses-20240621T100000_behavior+ecephys.nwb,CA3,1,LtoR,31,61,0.3876746211913474,0.38767462119134716,0.3876746211913475,False,39,39,51.335679455782156,7.329990676199531,5.757582086700626,0.36993769470404986
M03,sub-M03_ses-20240621T100000_behavior+ecephys.nwb,CA3,1,LtoR,32,63,0.3168059087128921,0.316805908712892,0.31680590871289216,False,39,39,39.700745999999526,8.405434519899783,7.310366846022559,0.3081570996978852
M03,sub-M03_ses-20240621T100000_behavior+ecephys.nwb,CA3,1,LtoR,33,65,0.4313122274947282,0.43131222749472803,0.4313122274947283,False,39,39,32.29739215686186,10.264686096046503,10.848628539112799,0.32138442521631644
M03,sub-M03_ses-20240621T100000_behavior+ecephys.nwb,CA3,1,LtoR,34,68,0.36327879830950616,0.363278798309506,0.3632787983095062,True,39,39,31.70380800000021,9.417334393715311,9.388730961216904,0.3438287153652393
M03,sub-M03_ses-20240621T100000_behavior+ecephys.nwb,CA3,1,LtoR,35,70,0.4044029158313002,0.40440291583130006,0.4044029158313004,True,39,39,54.21297333333405,8.746526824864299,6.592915467206276,0.2262343404568902
M03,sub-M03_ses-20240621T100000_behavior+ecephys.nwb,CA3,1,LtoR,36,72,0.3816278893655399,0.38162788936553965,0.38162788936554,True,39,39,32.90344933333199,9.113897608124208,9.387781831627542,0.34951456310679613
M03,sub-M03_ses-20240621T100000_behavior+ecephys.nwb,CA3,1,LtoR,37,74,0.10305293100137125,0.10305293100137118,0.1030529310013713,True,39,39,35.51594188235231,9.062781876877137,9.118382082291177,0.34870641169853767
M03,sub-M03_ses-20240621T100000_behavior+ecephys.nwb,CA3,1,LtoR,38,76,0.3671235294048984,0.3671235294048983,0.3671235294048985,True,39,39,37.461307333333934,9.74575967312257,10.131635801227509,0.2892209178228389
M03,sub-M03_ses-20240621T100000_behavior+ecephys.nwb,CA3,1,LtoR,39,78,0.4174192365724077,0.41741923657240754,0.41741923657240776,True,39,39,63.6820972789119,8.347839723359016,7.6415499489625205,0.21957340025094102
M03,sub-M03_ses-20240621T100000_behavior+ecephys.nwb,CA3,1,LtoR,40,81,0.42809755135234295,0.42809755135234284,0.4280975513523431,True,39,39,48.6954080000005,7.242368358501451,6.124277699570288,0.3111658456486043
M03,sub-M03_ses-20240621T100000_behavior+ecephys.nwb,CA3,1,LtoR,41,83,0.30831994571487337,0.30831994571487326,0.3083199457148734,True,39,39,88.11625733333312,8.320000426227217,8.444038528192259,0.14609800362976408
M03,sub-M03_ses-20240621T100000_behavior+ecephys.nwb,CA3,1,LtoR,42,85,0.4524372034465999,0.45243720344659977,0.4524372034466,True,39,39,56.052154666665956,7.142974904081346,5.615483022171404,0.2524964336661912
M03,sub-M03_ses-20240621T100000_behavior+ecephys.nwb,CA3,1,LtoR,43,87,0.42848967939988264,0.42848967939988253,0.4284896793998828,True,39,39,91.70614923076937,8.582502557301861,7.554827154338111,0.14036617262423715
M03,sub-M03_ses-20240621T100000_behavior+ecephys.nwb,CA3,1,RtoL,1,2,0.039132815124056954,0.03913281512405694,0.03913281512405698,False,39,39,21.50945266666622,11.530430422052888,8.552750252307618,0.44155844155844154
M03,sub-M03_ses-20240621T100000_behavior+ecephys.nwb,CA3,1,RtoL,2,4,0.1036939850790804,0.10369398507908036,0.10369398507908043,False,39,39,30.88585424836583,8.78996058434911,9.121188501846117,0.4005167958656331
M03,sub-M03_ses-20240621T100000_behavior+ecephys.nwb,CA3,1,RtoL,3,6,0.12893568812672662,0.12893568812672654,0.12893568812672665,False,39,39,25.92983474509856,9.372696630191658,9.139620789689328,0.45454545454545453
M03,sub-M03_ses-20240621T100000_behavior+ecephys.nwb,CA3,1,RtoL,4,8,0.18854567184217483,0.18854567184217474,0.18854567184217486,False,39,39,20.35778843537446,9.51310168602381,9.396653089123507,0.5481335952848723
M03,sub-M03_ses-20240621T100000_behavior+ecephys.nwb,CA3,1,RtoL,5,10,0.13562454778473335,0.1356245477847333,0.13562454778473337,False,39,39,27.704848666667203,10.612164961811585,11.804515009354937,0.3645533141210375
M03,sub-M03_ses-20240621T100000_behavior+ecephys.nwb,CA3,1,RtoL,6,12,0.13429733082211895,0.1342973308221189,0.134297330822119,False,39,39,22.65484444444428,10.255342556986674,10.053137460512984,0.4628975265017668
M03,sub-M03_ses-20240621T100000_behavior+ecephys.nwb,CA3,1,RtoL,7,14,0.24823968191589849,0.24823968191589837,0.24823968191589854,False,39,39,20.428503333333538,11.043542520426715,11.142512492269741,0.49902152641878667
M03,sub-M03_ses-20240621T100000_behavior+ecephys.nwb,CA3,1,RtoL,8,16,0.3138036724731034,0.3138036724731033,0.3138036724731035,False,39,39,30.904465333333064,9.320864383834257,6.785910357760066,0.39327296248382926
M03,sub-M03_ses-20240621T100000_behavior+ecephys.nwb,CA3,1,RtoL,9,18,0.3629940683779577,0.3629940683779576,0.3629940683779578,False,39,39,16.873347525676763,11.721632001363433,11.403427813356497,0.5450236966824644
M03,sub-M03_ses-20240621T100000_behavior+ecephys.nwb,CA3,1,RtoL,10,20,0.34248013327929006,0.34248013327928994,0.34248013327929017,False,39,39,30.704660666666314,10.723985816953416,9.5602417103273,0.3333333333333333
M03,sub-M03_ses-20240621T100000_behavior+ecephys.nwb,CA3,1,RtoL,11,22,0.3509244792084712,0.35092447920847103,0.35092447920847125,False,39,39,16.94192212885173,11.830512702522741,11.100082857642361,0.535377358490566
M03,sub-M03_ses-20240621T100000_behavior+ecephys.nwb,CA3,1,RtoL,12,24,0.2751332352612486,0.27513323526124855,0.2751332352612487,False,39,39,26.104699790848827,13.053379162447195,13.403266802709314,0.3231240428790199
M03,sub-M03_ses-20240621T100000_behavior+ecephys.nwb,CA3,1,RtoL,13,26,0.3057260835450136,0.30572608354501357,0.30572608354501374,False,39,39,20.074515215686006,11.48602152807267,11.819910924329111,0.4731610337972167
M03,sub-M03_ses-20240621T100000_behavior+ecephys.nwb,CA3,1,RtoL,14,28,0.32879257340618234,0.3287925734061822,0.32879257340618245,False,39,39,15.991848666666556,12.595051307212765,10.533239213970308,0.5411471321695761
M03,sub-M03_ses-20240621T100000_behavior+ecephys.nwb,CA3,1,RtoL,15,30,0.4344179810512795,0.4344179810512793,0.4344179810512796,False,39,39,22.310538666666616,11.628088885320304,8.165022374456942,0.4293381037567084
M03,sub-M03_ses-20240621T100000_behavior+ecephys.nwb,CA3,1,RtoL,16,32,0.3577863089818442,0.35778630898184405,0.35778630898184427,False,39,39,49.920695102040554,10.636955803697909,8.487887854646234,0.21136909527622097
M03,sub-M03_ses-20240621T100000_behavior+ecephys.nwb,CA3,1,RtoL,17,34,0.38376950411130395,0.38376950411130384,0.3837695041113042,False,39,39,17.062917387755988,10.264755284149146,10.151615841721451,0.5630841121495327
M03,sub-M03_ses-20240621T100000_behavior+ecephys.nwb,CA3,1,RtoL,18,36,0.29410994543841934,0.29410994543841923,0.29410994543841945,False,39,39,28.214730535947638,14.503141575206072,15.142478531329516,0.24645892351274787
M03,sub-M03_ses-20240621T100000_behavior+ecephys.nwb,CA3,1,RtoL,19,38,0.43398712877881146,0.43398712877881135,0.4339871287788117,False,39,39,28.17295176470634,13.247014578975149,14.453142937545792,0.2840909090909091
M03,sub-M03_ses-20240621T100000_behavior+ecephys.nwb,CA3,1,RtoL,20,40,0.2773371425323404,0.2773371425323403,0.27733714253234043,False,39,39,34.78296933333331,10.158401924807555,7.980849704593797,0.32298850574712645
M03,sub-M03_ses-20240621T100000_behavior+ecephys.nwb,CA3,1,RtoL,21,42,0.4465134579361536,0.4465134579361535,0.4465134579361537,False,39,39,48.97481666666681,10.211991072061458,9.226595970938327,0.22775510204081634
M03,sub-M03_ses-20240621T100000_behavior+ecephys.nwb,CA3,1,RtoL,22,44,0.3435825953053609,0.3435825953053607,0.34358259530536095,False,39,39,31.88095333333331,11.998020275820007,11.725211991775375,0.2807017543859649
M03,sub-M03_ses-20240621T100000_behavior+ecephys.nwb,CA3,1,RtoL,23,46,0.3016079158899893,0.3016079158899892,0.3016079158899893,False,39,39,32.62356266666757,9.25561270202484,8.932750199548368,0.3700980392156863
M03,sub-M03_ses-20240621T100000_behavior+ecephys.nwb,CA3,1,RtoL,24,48,0.320818154893197,0.3208181548931969,0.3208181548931971,False,39,39,24.70827200000076,9.25524903917747,8.963625044467895,0.4927302100161551
M03,sub-M03_ses-20240621T100000_behavior+ecephys.nwb,CA3,1,RtoL,25,50,0.4394892763800324,0.43948927638003227,0.4394892763800325,False,39,39,30.476254666666136,9.734878392411824,7.578912888663751,0.3800786369593709
M03,sub-M03_ses-20240621T100000_behavior+ecephys.nwb,CA3,1,RtoL,26,52,0.3355839240825629,0.33558392408256277,0.335583924082563,False,39,39,18.86150392156833,9.221300650890395,8.974041615332757,0.6313559322033898
M03,sub-M03_ses-20240621T100000_behavior+ecephys.nwb,CA3,1,RtoL,27,54,0.42342215671382955,0.4234221567138293,0.42342215671382966,False,39,39,26.379640666667,10.672139000565904,9.994650678762945,0.4090909090909091
M03,sub-M03_ses-20240621T100000_behavior+ecephys.nwb,CA3,1,RtoL,28,56,0.4019829511794344,0.4019829511794343,0.4019829511794345,False,39,39,22.907195999999203,9.178622672506489,6.926125014450876,0.5305410122164049
M03,sub-M03_ses-20240621T100000_behavior+ecephys.nwb,CA3,1,RtoL,29,58,0.45565490163273037,0.45565490163273026,0.45565490163273054,False,39,39,40.379550666666546,10.163893021513852,8.739515853408252,0.2712871287128713
M03,sub-M03_ses-20240621T100000_behavior+ecephys.nwb,CA3,1,RtoL,30,60,0.33179211106230094,0.33179211106230083,0.33179211106230105,False,39,39,57.906760653594574,12.326773664621529,10.215255644182509,0.1456176673567978
M03,sub-M03_ses-20240621T100000_behavior+ecephys.nwb,CA3,1,RtoL,31,62,0.42104416461554184,0.4210441646155418,0.421044164615542,False,39,39,19.147475877551187,13.503594401566431,15.621557931162505,0.4
M03,sub-M03_ses-20240621T100000_behavior+ecephys.nwb,CA3,1,RtoL,32,64,0.4744592801649987,0.47445928016499855,0.4744592801649988,False,39,39,27.691527555556604,10.27947414125498,9.95428394379259,0.38672438672438675
M03,sub-M03_ses-20240621T100000_behavior+ecephys.nwb,CA3,1,RtoL,33,66,0.42053439312432006,0.42053439312431995,0.4205343931243202,False,39,39,19.93045828758204,11.459611379906526,11.596432932992025,0.4789579158316633
M03,sub-M03_ses-20240621T100000_behavior+ecephys.nwb,CA3,1,RtoL,34,67,0.3023098931058627,0.30230989310586265,0.3023098931058628,False,39,39,38.421082666666734,8.468381595465548,7.224238332081875,0.3627858627858628
M03,sub-M03_ses-20240621T100000_behavior+ecephys.nwb,CA3,1,RtoL,35,69,0.5006904224307294,0.5006904224307291,0.5006904224307296,True,39,39,23.94681066666635,10.300459759413974,9.974855910180736,0.4557595993322204
M03,sub-M03_ses-20240621T100000_behavior+ecephys.nwb,CA3,1,RtoL,36,71,0.47426293820955706,0.474262938209557,0.4742629382095573,True,39,39,37.66132000000016,12.83920046679629,14.373678565825283,0.22399150743099788
M03,sub-M03_ses-20240621T100000_behavior+ecephys.nwb,CA3,1,RtoL,37,73,0.326510189724204,0.3265101897242038,0.32651018972420404,True,39,39,28.905521333334036,13.66223081770075,13.812670044107394,0.27247579529737204
M03,sub-M03_ses-20240621T100000_behavior+ecephys.nwb,CA3,1,RtoL,38,75,0.4054939227713075,0.40549392277130736,0.40549392277130775,True,39,39,50.798793450981066,8.331717861175942,6.542353092200807,0.2832415420928403
M03,sub-M03_ses-20240621T100000_behavior+ecephys.nwb,CA3,1,RtoL,39,77,0.5090973770087949,0.5090973770087946,0.5090973770087951,True,39,39,57.10621442176762,10.948408903671575,11.685987118766395,0.17914625612316304
M03,sub-M03_ses-20240621T100000_behavior+ecephys.nwb,CA3,1,RtoL,40,79,0.4740773282127836,0.4740773282127834,0.4740773282127837,True,39,39,28.37671829931969,9.364922684857898,8.548872783716524,0.4225352112676056
M03,sub-M03_ses-20240621T100000_behavior+ecephys.nwb,CA3,1,RtoL,41,80,0.4356938405907717,0.43569384059077165,0.4356938405907719,True,39,39,36.02268933333289,7.995086054699436,5.921912291642332,0.39135254988913526
M03,sub-M03_ses-20240621T100000_behavior+ecephys.nwb,CA3,1,RtoL,42,82,0.45696301006932327,0.45696301006932316,0.45696301006932344,True,39,39,22.947077333333255,10.292241633374342,9.262614210981932,0.4782608695652174
M03,sub-M03_ses-20240621T100000_behavior+ecephys.nwb,CA3,1,RtoL,43,84,0.47692058628233147,0.4769205862823314,0.4769205862823316,True,39,39,45.856120000000374,10.688763557786089,10.334727431303552,0.22057541412380122
M03,sub-M03_ses-20240621T100000_behavior+ecephys.nwb,CA3,1,RtoL,44,86,0.42062512842564453,0.42062512842564437,0.4206251284256447,True,39,39,26.666464666666798,9.930002649794686,9.576839180395313,0.3967065868263473
M03,sub-M03_ses-20240621T100000_behavior+ecephys.nwb,RSC,1,LtoR,1,1,0.05796643825969106,0.015959296085927773,0.10605038674898094,False,61,39,26.4365333333335,8.992368027033347,9.249698864029757,0.40454545454545454
M03,sub-M03_ses-20240621T100000_behavior+ecephys.nwb,RSC,1,LtoR,2,3,0.021399650414315886,-0.0254087892135477,0.06617853950559524,False,61,39,38.127125111112036,8.712909953143264,8.427573764657161,0.3238993710691824
M03,sub-M03_ses-20240621T100000_behavior+ecephys.nwb,RSC,1,LtoR,3,5,0.08237686161842486,0.03238407822621844,0.12557075358021974,False,61,39,27.594505228757043,8.047902700032324,7.701027514419272,0.45942028985507244
M03,sub-M03_ses-20240621T100000_behavior+ecephys.nwb,RSC,1,LtoR,4,7,0.1251571875374908,0.07913966076468743,0.16756206876371385,False,61,39,31.108835482993527,9.57391557176579,8.936116397649652,0.3641025641025641
M03,sub-M03_ses-20240621T100000_behavior+ecephys.nwb,RSC,1,LtoR,5,9,0.18609016771535686,0.13084633443050986,0.24195112064362667,False,61,39,29.812379414965108,7.341539365813368,6.162541376144249,0.4839142091152815
M03,sub-M03_ses-20240621T100000_behavior+ecephys.nwb,RSC,1,LtoR,6,11,0.0693046342127949,0.016811163388848204,0.12414057919545636,False,61,39,69.25707861437968,9.848979499427537,7.615952016067003,0.16330063473744952
M03,sub-M03_ses-20240621T100000_behavior+ecephys.nwb,RSC,1,LtoR,7,13,0.1571170460822675,0.07964545187612126,0.2331176481714389,False,61,39,30.62704960784231,10.136942049414664,9.521560645554938,0.3372395833333333
M03,sub-M03_ses-20240621T100000_behavior+ecephys.nwb,RSC,1,LtoR,8,15,0.18323844198136874,0.14366188297871296,0.2186108598620236,False,61,39,24.98814666666658,8.929208411857587,7.717527715457926,0.5111821086261981
M03,sub-M03_ses-20240621T100000_behavior+ecephys.nwb,RSC,1,LtoR,9,17,0.1870095368256876,0.12703399241052285,0.24158405784410314,False,61,39,40.36855942857164,8.58871348773216,6.850323638517191,0.3066271018793274
M03,sub-M03_ses-20240621T100000_behavior+ecephys.nwb,RSC,1,LtoR,10,19,0.18324997371644625,0.11878120734736258,0.23609261551717403,False,61,39,59.53847704575219,8.529409791407037,6.910620295730567,0.20536912751677852
M03,sub-M03_ses-20240621T100000_behavior+ecephys.nwb,RSC,1,LtoR,11,21,0.2280243974128012,0.15918869301276178,0.28223448338939466,False,61,39,34.5958688235296,8.293910136998374,7.303408313989544,0.3829296424452134
M03,sub-M03_ses-20240621T100000_behavior+ecephys.nwb,RSC,1,LtoR,12,23,0.11172135176361751,0.05775984236039673,0.15956860400740552,False,61,39,27.663641923436444,10.018108469288993,8.748028035560305,0.3953823953823954
M03,sub-M03_ses-20240621T100000_behavior+ecephys.nwb,RSC,1,LtoR,13,25,0.20813982926247088,0.15850777791832374,0.2560890953006913,False,61,39,49.61516800000027,9.318016547473112,8.494105158556593,0.22544283413848631
M03,sub-M03_ses-20240621T100000_behavior+ecephys.nwb,RSC,1,LtoR,14,27,0.2001716366506033,0.14755168697302512,0.24568965507451548,False,61,39,21.303728784313535,10.90649186239281,9.942903864766482,0.474671669793621
M03,sub-M03_ses-20240621T100000_behavior+ecephys.nwb,RSC,1,LtoR,15,29,0.22014250824116827,0.1771861759513248,0.2739081033320178,False,61,39,26.42724466666732,11.616846165657156,10.86285084668263,0.3595166163141994
M03,sub-M03_ses-20240621T100000_behavior+ecephys.nwb,RSC,1,LtoR,16,31,0.17658235520816035,0.12194446385492255,0.2525340468449442,False,61,39,46.78701156462557,9.985590660720963,8.589436587738358,0.2170940170940171
M03,sub-M03_ses-20240621T100000_behavior+ecephys.nwb,RSC,1,LtoR,17,33,0.23069881720105334,0.16597812606438753,0.29443042430034394,False,61,39,37.90194533333306,8.67394270498399,7.644885173987813,0.31962025316455694
M03,sub-M03_ses-20240621T100000_behavior+ecephys.nwb,RSC,1,LtoR,18,35,0.2543461373365452,0.19469682374472813,0.31131330248676037,False,61,39,17.8503240762966,12.645091903782495,11.192998628462668,0.4608501118568233
M03,sub-M03_ses-20240621T100000_behavior+ecephys.nwb,RSC,1,LtoR,19,37,0.18160070892249464,0.13858684743696337,0.2215970082854528,False,61,39,30.704102666666586,10.955110123632785,10.584006982477254,0.3181818181818182
M03,sub-M03_ses-20240621T100000_behavior+ecephys.nwb,RSC,1,LtoR,20,39,0.265691160257702,0.2134157229011857,0.31670153720951755,False,61,39,34.51484156862716,9.009882035075336,7.415868214268676,0.35491329479768785
M03,sub-M03_ses-20240621T100000_behavior+ecephys.nwb,RSC,1,LtoR,21,41,0.29119820495920595,0.23969140564128547,0.3386639026541704,False,61,39,23.027592000000368,9.755865329348017,9.045198256168517,0.4662045060658579
M03,sub-M03_ses-20240621T100000_behavior+ecephys.nwb,RSC,1,LtoR,22,43,0.24494355012073757,0.19266257369210027,0.29422816641057226,False,61,39,65.14946866666651,7.4651797225669485,6.390757699487368,0.2196319018404908
M03,sub-M03_ses-20240621T100000_behavior+ecephys.nwb,RSC,1,LtoR,23,45,0.32863432523253877,0.2841843470119214,0.3820092363286689,False,61,39,89.19547199999943,8.028582375038262,5.770645182654537,0.14432989690721648
M03,sub-M03_ses-20240621T100000_behavior+ecephys.nwb,RSC,1,LtoR,24,47,0.34531445544022943,0.3008872609647084,0.38570375251978445,False,61,39,21.8679586666658,8.909254512978514,6.989663378865435,0.5492700729927007
M03,sub-M03_ses-20240621T100000_behavior+ecephys.nwb,RSC,1,LtoR,25,49,0.2342566332044145,0.1695195205764041,0.2874521112636589,False,61,39,40.53829333333306,9.63655116091893,10.007108323221864,0.32938856015779094
M03,sub-M03_ses-20240621T100000_behavior+ecephys.nwb,RSC,1,LtoR,26,51,0.28101367707853375,0.21975197875271213,0.33534885928743585,False,61,39,36.939729411765256,9.191178043490035,7.169859767631489,0.32432432432432434
M03,sub-M03_ses-20240621T100000_behavior+ecephys.nwb,RSC,1,LtoR,27,53,0.31568385912351427,0.27619677937765874,0.36177381268484793,False,61,39,31.869533333333493,10.636127902784779,9.096321131745716,0.32205513784461154
M03,sub-M03_ses-20240621T100000_behavior+ecephys.nwb,RSC,1,LtoR,28,55,0.3383789028352252,0.29876333587291243,0.38916120431929835,False,61,39,40.18061000000034,10.331062943309236,9.335967061468248,0.2554671968190855
M03,sub-M03_ses-20240621T100000_behavior+ecephys.nwb,RSC,1,LtoR,29,57,0.1991342045959879,0.14979253655885644,0.2429537296439838,False,61,39,60.090445333333264,8.033386603123745,6.9743928993452915,0.23803191489361702
M03,sub-M03_ses-20240621T100000_behavior+ecephys.nwb,RSC,1,LtoR,30,59,0.2848961725794984,0.2293084962081793,0.3370963271647808,False,61,39,72.42722334640621,8.751061210988167,7.649949975654597,0.15894039735099338
M03,sub-M03_ses-20240621T100000_behavior+ecephys.nwb,RSC,1,LtoR,31,61,0.24431033960938703,0.1900574741085935,0.2960185607584359,False,61,39,51.335679455782156,7.329990676199531,5.757582086700626,0.36993769470404986
M03,sub-M03_ses-20240621T100000_behavior+ecephys.nwb,RSC,1,LtoR,32,63,0.3644040306812482,0.3129779701991719,0.42620227287517,False,61,39,39.700745999999526,8.405434519899783,7.310366846022559,0.3081570996978852
M03,sub-M03_ses-20240621T100000_behavior+ecephys.nwb,RSC,1,LtoR,33,65,0.39290212312620215,0.336769203328586,0.4336228524284905,False,61,39,32.29739215686186,10.264686096046503,10.848628539112799,0.32138442521631644
M03,sub-M03_ses-20240621T100000_behavior+ecephys.nwb,RSC,1,LtoR,34,68,0.4503094239530887,0.3980640875724193,0.4918872343870152,True,61,39,31.70380800000021,9.417334393715311,9.388730961216904,0.3438287153652393
M03,sub-M03_ses-20240621T100000_behavior+ecephys.nwb,RSC,1,LtoR,35,70,0.36447534335796894,0.31431261281466333,0.40670358513961613,True,61,39,54.21297333333405,8.746526824864299,6.592915467206276,0.2262343404568902
M03,sub-M03_ses-20240621T100000_behavior+ecephys.nwb,RSC,1,LtoR,36,72,0.3856392056615028,0.32479553841263115,0.4295561239578014,True,61,39,32.90344933333199,9.113897608124208,9.387781831627542,0.34951456310679613
M03,sub-M03_ses-20240621T100000_behavior+ecephys.nwb,RSC,1,LtoR,37,74,0.32950142700231627,0.28669435629753987,0.36318004150536387,True,61,39,35.51594188235231,9.062781876877137,9.118382082291177,0.34870641169853767
M03,sub-M03_ses-20240621T100000_behavior+ecephys.nwb,RSC,1,LtoR,38,76,0.3715899861248107,0.31852194909814385,0.4204397694593203,True,61,39,37.461307333333934,9.74575967312257,10.131635801227509,0.2892209178228389
M03,sub-M03_ses-20240621T100000_behavior+ecephys.nwb,RSC,1,LtoR,39,78,0.4322484515778977,0.3805624882417704,0.48259675170555744,True,61,39,63.6820972789119,8.347839723359016,7.6415499489625205,0.21957340025094102
M03,sub-M03_ses-20240621T100000_behavior+ecephys.nwb,RSC,1,LtoR,40,81,0.4358167215201104,0.3849281439826738,0.4814166619814636,True,61,39,48.6954080000005,7.242368358501451,6.124277699570288,0.3111658456486043
M03,sub-M03_ses-20240621T100000_behavior+ecephys.nwb,RSC,1,LtoR,41,83,0.3521809869265512,0.3063684378627928,0.40019374602118485,True,61,39,88.11625733333312,8.320000426227217,8.444038528192259,0.14609800362976408
M03,sub-M03_ses-20240621T100000_behavior+ecephys.nwb,RSC,1,LtoR,42,85,0.3794881217160146,0.3249888657556369,0.4316101981533166,True,61,39,56.052154666665956,7.142974904081346,5.615483022171404,0.2524964336661912
M03,sub-M03_ses-20240621T100000_behavior+ecephys.nwb,RSC,1,LtoR,43,87,0.36453634928524337,0.3215591317277385,0.4017341595228844,True,61,39,91.70614923076937,8.582502557301861,7.554827154338111,0.14036617262423715
M03,sub-M03_ses-20240621T100000_behavior+ecephys.nwb,RSC,1,RtoL,1,2,0.07070086941678926,-0.012546193587992005,0.1472686860811339,False,61,39,21.50945266666622,11.530430422052888,8.552750252307618,0.44155844155844154
M03,sub-M03_ses-20240621T100000_behavior+ecephys.nwb,RSC,1,RtoL,2,4,0.18691022666297358,0.1197006701602976,0.2618020730697738,False,61,39,30.88585424836583,8.78996058434911,9.121188501846117,0.4005167958656331
M03,sub-M03_ses-20240621T100000_behavior+ecephys.nwb,RSC,1,RtoL,3,6,0.25316891764462435,0.15357041987159253,0.32214853163796836,False,61,39,25.92983474509856,9.372696630191658,9.139620789689328,0.45454545454545453
M03,sub-M03_ses-20240621T100000_behavior+ecephys.nwb,RSC,1,RtoL,4,8,0.2721680761351367,0.20147869020838774,0.33295534189734527,False,61,39,20.35778843537446,9.51310168602381,9.396653089123507,0.5481335952848723
M03,sub-M03_ses-20240621T100000_behavior+ecephys.nwb,RSC,1,RtoL,5,10,0.33913163739603003,0.2671061315063681,0.4041103970925988,False,61,39,27.704848666667203,10.612164961811585,11.804515009354937,0.3645533141210375
M03,sub-M03_ses-20240621T100000_behavior+ecephys.nwb,RSC,1,RtoL,6,12,0.19690902901121093,0.145768853434312,0.25870514293849667,False,61,39,22.65484444444428,10.255342556986674,10.053137460512984,0.4628975265017668
M03,sub-M03_ses-20240621T100000_behavior+ecephys.nwb,RSC,1,RtoL,7,14,0.2699888288413501,0.2109725483139106,0.3337854049370382,False,61,39,20.428503333333538,11.043542520426715,11.142512492269741,0.49902152641878667
M03,sub-M03_ses-20240621T100000_behavior+ecephys.nwb,RSC,1,RtoL,8,16,0.18629685389420148,0.12825931031311938,0.23368892827933216,False,61,39,30.904465333333064,9.320864383834257,6.785910357760066,0.39327296248382926
M03,sub-M03_ses-20240621T100000_behavior+ecephys.nwb,RSC,1,RtoL,9,18,0.3886868380833286,0.3040807634661013,0.4641338097138079,False,61,39,16.873347525676763,11.721632001363433,11.403427813356497,0.5450236966824644
M03,sub-M03_ses-20240621T100000_behavior+ecephys.nwb,RSC,1,RtoL,10,20,0.3692009510621877,0.2859700676803125,0.42994026780636124,False,61,39,30.704660666666314,10.723985816953416,9.5602417103273,0.3333333333333333
M03,sub-M03_ses-20240621T100000_behavior+ecephys.nwb,RSC,1,RtoL,11,22,0.35853452366932076,0.27669430596305983,0.41448833055496476,False,61,39,16.94192212885173,11.830512702522741,11.100082857642361,0.535377358490566
M03,sub-M03_ses-20240621T100000_behavior+ecephys.nwb,RSC,1,RtoL,12,24,0.23643777517398157,0.16872343676949367,0.28599691696161306,False,61,39,26.104699790848827,13.053379162447195,13.403266802709314,0.3231240428790199
M03,sub-M03_ses-20240621T100000_behavior+ecephys.nwb,RSC,1,RtoL,13,26,0.2990110157626704,0.2474450601532061,0.3504394234046211,False,61,39,20.074515215686006,11.48602152807267,11.819910924329111,0.4731610337972167
M03,sub-M03_ses-20240621T100000_behavior+ecephys.nwb,RSC,1,RtoL,14,28,0.3531887683449003,0.2905709908063126,0.4200826956079978,False,61,39,15.991848666666556,12.595051307212765,10.533239213970308,0.5411471321695761
M03,sub-M03_ses-20240621T100000_behavior+ecephys.nwb,RSC,1,RtoL,15,30,0.3497805826221583,0.29830864628483533,0.4041326042950628,False,61,39,22.310538666666616,11.628088885320304,8.165022374456942,0.4293381037567084
M03,sub-M03_ses-20240621T100000_behavior+ecephys.nwb,RSC,1,RtoL,16,32,0.3596396964355601,0.269149228751969,0.42927031548957467,False,61,39,49.920695102040554,10.636955803697909,8.487887854646234,0.21136909527622097
M03,sub-M03_ses-20240621T100000_behavior+ecephys.nwb,RSC,1,RtoL,17,34,0.4198491780199557,0.3359820191989555,0.5074519755857032,False,61,39,17.062917387755988,10.264755284149146,10.151615841721451,0.5630841121495327
M03,sub-M03_ses-20240621T100000_behavior+ecephys.nwb,RSC,1,RtoL,18,36,0.4229583592714053,0.33229205885990154,0.4902065573905221,False,61,39,28.214730535947638,14.503141575206072,15.142478531329516,0.24645892351274787
M03,sub-M03_ses-20240621T100000_behavior+ecephys.nwb,RSC,1,RtoL,19,38,0.4497100161965958,0.38703656996060504,0.5060441496918268,False,61,39,28.17295176470634,13.247014578975149,14.453142937545792,0.2840909090909091
M03,sub-M03_ses-20240621T100000_behavior+ecephys.nwb,RSC,1,RtoL,20,40,0.4397496319952162,0.3813443067519151,0.49398766107384023,False,61,39,34.78296933333331,10.158401924807555,7.980849704593797,0.32298850574712645
M03,sub-M03_ses-20240621T100000_behavior+ecephys.nwb,RSC,1,RtoL,21,42,0.39592481922127665,0.33473286709845046,0.46024027625760877,False,61,39,48.97481666666681,10.211991072061458,9.226595970938327,0.22775510204081634
M03,sub-M03_ses-20240621T100000_behavior+ecephys.nwb,RSC,1,RtoL,22,44,0.43239476230673124,0.37163868601294625,0.4785202868597783,False,61,39,31.88095333333331,11.998020275820007,11.725211991775375,0.2807017543859649
M03,sub-M03_ses-20240621T100000_behavior+ecephys.nwb,RSC,1,RtoL,23,46,0.47242477581958164,0.3981379642754523,0.5266696399478071,False,61,39,32.62356266666757,9.25561270202484,8.932750199548368,0.3700980392156863
M03,sub-M03_ses-20240621T100000_behavior+ecephys.nwb,RSC,1,RtoL,24,48,0.2179175469849914,0.17996442419125958,0.26414937394059324,False,61,39,24.70827200000076,9.25524903917747,8.963625044467895,0.4927302100161551
M03,sub-M03_ses-20240621T100000_behavior+ecephys.nwb,RSC,1,RtoL,25,50,0.47723000589702624,0.42146101386010737,0.5190444981863012,False,61,39,30.476254666666136,9.734878392411824,7.578912888663751,0.3800786369593709
M03,sub-M03_ses-20240621T100000_behavior+ecephys.nwb,RSC,1,RtoL,26,52,0.29236310548487465,0.24439144036392602,0.3355634766867806,False,61,39,18.86150392156833,9.221300650890395,8.974041615332757,0.6313559322033898
M03,sub-M03_ses-20240621T100000_behavior+ecephys.nwb,RSC,1,RtoL,27,54,0.49905765101705335,0.4202004357804891,0.546193766228146,False,61,39,26.379640666667,10.672139000565904,9.994650678762945,0.4090909090909091
M03,sub-M03_ses-20240621T100000_behavior+ecephys.nwb,RSC,1,RtoL,28,56,0.48040805503728634,0.39002173492267206,0.5286046517225206,False,61,39,22.907195999999203,9.178622672506489,6.926125014450876,0.5305410122164049
M03,sub-M03_ses-20240621T100000_behavior+ecephys.nwb,RSC,1,RtoL,29,58,0.3441406762178434,0.3023210170206675,0.3930134697820071,False,61,39,40.379550666666546,10.163893021513852,8.739515853408252,0.2712871287128713
M03,sub-M03_ses-20240621T100000_behavior+ecephys.nwb,RSC,1,RtoL,30,60,0.47877456872346624,0.41289902681040136,0.5262425158848019,False,61,39,57.906760653594574,12.326773664621529,10.215255644182509,0.1456176673567978
M03,sub-M03_ses-20240621T100000_behavior+ecephys.nwb,RSC,1,RtoL,31,62,0.5473889199011762,0.4682125180836972,0.5964628653734778,False,61,39,19.147475877551187,13.503594401566431,15.621557931162505,0.4
M03,sub-M03_ses-20240621T100000_behavior+ecephys.nwb,RSC,1,RtoL,32,64,0.529344880539419,0.43848247892705866,0.5789742278878239,False,61,39,27.691527555556604,10.27947414125498,9.95428394379259,0.38672438672438675
M03,sub-M03_ses-20240621T100000_behavior+ecephys.nwb,RSC,1,RtoL,33,66,0.5748705407525952,0.4906465014371955,0.617212622675933,False,61,39,19.93045828758204,11.459611379906526,11.596432932992025,0.4789579158316633
M03,sub-M03_ses-20240621T100000_behavior+ecephys.nwb,RSC,1,RtoL,34,67,0.36086702010213806,0.3004134542575576,0.40396877581347623,False,61,39,38.421082666666734,8.468381595465548,7.224238332081875,0.3627858627858628
M03,sub-M03_ses-20240621T100000_behavior+ecephys.nwb,RSC,1,RtoL,35,69,0.4442492422628248,0.3704127714773157,0.4950794452751386,True,61,39,23.94681066666635,10.300459759413974,9.974855910180736,0.4557595993322204
M03,sub-M03_ses-20240621T100000_behavior+ecephys.nwb,RSC,1,RtoL,36,71,0.5305954289221707,0.4473720479273922,0.5883411251425704,True,61,39,37.66132000000016,12.83920046679629,14.373678565825283,0.22399150743099788
M03,sub-M03_ses-20240621T100000_behavior+ecephys.nwb,RSC,1,RtoL,37,73,0.5243901847557291,0.4519464023536711,0.5660907512985291,True,61,39,28.905521333334036,13.66223081770075,13.812670044107394,0.27247579529737204
M03,sub-M03_ses-20240621T100000_behavior+ecephys.nwb,RSC,1,RtoL,38,75,0.42700643078766476,0.375695842053977,0.47054428856135755,True,61,39,50.798793450981066,8.331717861175942,6.542353092200807,0.2832415420928403
M03,sub-M03_ses-20240621T100000_behavior+ecephys.nwb,RSC,1,RtoL,39,77,0.44745182091574887,0.38379545175744467,0.4854628559530127,True,61,39,57.10621442176762,10.948408903671575,11.685987118766395,0.17914625612316304
M03,sub-M03_ses-20240621T100000_behavior+ecephys.nwb,RSC,1,RtoL,40,79,0.5999466668830502,0.5248664733177083,0.64893855107046,True,61,39,28.37671829931969,9.364922684857898,8.548872783716524,0.4225352112676056
M03,sub-M03_ses-20240621T100000_behavior+ecephys.nwb,RSC,1,RtoL,41,80,0.5755175880826815,0.5011238153060161,0.6193217098041436,True,61,39,36.02268933333289,7.995086054699436,5.921912291642332,0.39135254988913526
M03,sub-M03_ses-20240621T100000_behavior+ecephys.nwb,RSC,1,RtoL,42,82,0.6073211452442803,0.5255850529785104,0.6554188070646232,True,61,39,22.947077333333255,10.292241633374342,9.262614210981932,0.4782608695652174
M03,sub-M03_ses-20240621T100000_behavior+ecephys.nwb,RSC,1,RtoL,43,84,0.506856935604394,0.43868717355621356,0.5562382411464623,True,61,39,45.856120000000374,10.688763557786089,10.334727431303552,0.22057541412380122
M03,sub-M03_ses-20240621T100000_behavior+ecephys.nwb,RSC,1,RtoL,44,86,0.606586792918822,0.5245459687628502,0.6579269475296836,True,61,39,26.666464666666798,9.930002649794686,9.576839180395313,0.3967065868263473
M03,sub-M03_ses-20240622T100000_behavior+ecephys.nwb,CA1,1,LtoR,1,1,0.005109756437876445,-0.09621462315345125,0.11391777454976247,False,88,42,16.02928399999928,9.020647696125794,9.569609697825523,0.5785536159600998
M03,sub-M03_ses-20240622T100000_behavior+ecephys.nwb,CA1,1,LtoR,2,3,0.08858837150559865,-0.02314763373173532,0.1863988068395466,False,88,42,31.23734755555506,8.493055056741653,7.607867654371692,0.3132992327365729
M03,sub-M03_ses-20240622T100000_behavior+ecephys.nwb,CA1,1,LtoR,3,5,0.13506792136199722,0.025340017906014277,0.2418910656936316,False,88,42,21.228903999999602,7.569073532678625,7.2992679437264565,0.5526315789473685
M03,sub-M03_ses-20240622T100000_behavior+ecephys.nwb,CA1,1,LtoR,4,7,0.1550846402003206,0.07305039139240985,0.22343923554548978,False,88,42,18.877247525677376,12.289461119317194,13.427869979053787,0.38054968287526425
M03,sub-M03_ses-20240622T100000_behavior+ecephys.nwb,CA1,1,LtoR,5,9,0.15107268492472598,0.06382088296834927,0.24540924043291268,False,88,42,24.84468503401331,9.628506012729304,8.623209208304997,0.3504823151125402
M03,sub-M03_ses-20240622T100000_behavior+ecephys.nwb,CA1,1,LtoR,6,11,0.16105026851791293,0.0659992196560401,0.26500726533685304,False,88,42,25.462502039214996,9.164045667443855,8.829569314972401,0.36891679748822603
M03,sub-M03_ses-20240622T100000_behavior+ecephys.nwb,CA1,1,LtoR,7,13,0.09517363157270184,-0.026460334737025696,0.19494311009170281,False,88,42,25.616128993464372,7.583773889659501,6.828832816871601,0.4914196567862715
M03,sub-M03_ses-20240622T100000_behavior+ecephys.nwb,CA1,1,LtoR,8,15,0.21201324974134633,0.09359746748658113,0.3114447933122504,False,88,42,20.069810666666854,10.927180075356194,10.287480076013889,0.43737574552683894
M03,sub-M03_ses-20240622T100000_behavior+ecephys.nwb,CA1,1,LtoR,9,17,0.11876218159029539,0.03905242422411668,0.18108951906437185,False,88,42,20.58967333333294,9.769024642924334,8.313155506488403,0.4321705426356589
M03,sub-M03_ses-20240622T100000_behavior+ecephys.nwb,CA1,1,LtoR,10,19,0.1602866393142916,0.09668694263651958,0.22552945662512677,False,88,42,28.22531866666759,7.044183310025263,6.137794289788954,0.4631728045325779
M03,sub-M03_ses-20240622T100000_behavior+ecephys.nwb,CA1,1,LtoR,11,21,0.15136412329388627,0.06455366635293967,0.24185620597403168,False,88,42,26.37660751633939,9.264348775690603,8.216685869637404,0.37424242424242427
M03,sub-M03_ses-20240622T100000_behavior+ecephys.nwb,CA1,1,LtoR,12,23,0.15102292867709338,0.0705122902432529,0.24831879752437117,False,88,42,44.41651600000023,8.492517867007214,5.634613828111684,0.23582358235823583
M03,sub-M03_ses-20240622T100000_behavior+ecephys.nwb,CA1,1,LtoR,13,25,0.06995848699369245,0.0001807143470090114,0.14816661294587527,False,88,42,20.618116993463445,10.180038019276997,9.125966478100832,0.4158607350096712
M03,sub-M03_ses-20240622T100000_behavior+ecephys.nwb,CA1,1,LtoR,14,27,0.10934230586330948,0.043406273900083454,0.1744620751194217,False,88,42,32.86264800000026,8.554326291071131,7.126668719215478,0.32116788321167883
M03,sub-M03_ses-20240622T100000_behavior+ecephys.nwb,CA1,1,LtoR,15,29,0.15170307252377913,0.06017672390338389,0.23965971485267334,False,88,42,26.755930980392804,8.749620641958641,7.086241999560125,0.4044776119402985
M03,sub-M03_ses-20240622T100000_behavior+ecephys.nwb,CA1,1,LtoR,16,31,0.1841732154457082,0.10007500872245007,0.2518364149747856,False,88,42,16.75129666666726,9.76004848677183,9.52893002550385,0.580952380952381
M03,sub-M03_ses-20240622T100000_behavior+ecephys.nwb,CA1,1,LtoR,17,33,0.10042959849050331,0.016076674799960625,0.22275294064978407,False,88,42,25.01162571428631,7.630218162448438,6.776445190359009,0.4968051118210863
M03,sub-M03_ses-20240622T100000_behavior+ecephys.nwb,CA1,1,LtoR,18,35,0.10213950361020296,-0.004873865315213497,0.2004994238192106,False,88,42,17.657685554220734,9.991442254985788,7.95193678759021,0.5158371040723982
M03,sub-M03_ses-20240622T100000_behavior+ecephys.nwb,CA1,1,LtoR,19,37,0.15334302195840183,0.05994591017455825,0.24223138008518572,False,88,42,27.506919333332917,7.482502501489732,7.327934385413864,0.501453488372093
M03,sub-M03_ses-20240622T100000_behavior+ecephys.nwb,CA1,1,LtoR,20,39,0.17576450739232494,0.07770305781304297,0.24903941278874875,False,88,42,29.487812366012804,11.278330709701123,6.923206463159395,0.2804878048780488
M03,sub-M03_ses-20240622T100000_behavior+ecephys.nwb,CA1,1,LtoR,21,41,0.10973571855731762,0.005007276334642475,0.19328762916022194,False,88,42,16.271798000000672,9.80068453630112,8.589454520890946,0.5700245700245701
M03,sub-M03_ses-20240622T100000_behavior+ecephys.nwb,CA1,1,LtoR,22,43,0.12166715432090851,0.04655554325204067,0.20771398830164967,False,88,42,28.533652941177024,8.595429007215886,6.526862734986931,0.40336134453781514
M03,sub-M03_ses-20240622T100000_behavior+ecephys.nwb,CA1,1,LtoR,23,45,0.3092048986502176,0.2262544429485644,0.3691270999029063,False,88,42,35.222290666666595,10.179425681579923,8.661118547835926,0.2709750566893424
M03,sub-M03_ses-20240622T100000_behavior+ecephys.nwb,CA1,1,LtoR,24,47,0.20695949440060368,0.09311089307681976,0.3056118171831208,False,88,42,25.074640896359597,8.564033046253734,5.90746380766287,0.44976076555023925
M03,sub-M03_ses-20240622T100000_behavior+ecephys.nwb,CA1,1,LtoR,25,49,0.256148755449536,0.1768314974575235,0.32557056561298947,False,88,42,26.346778666666978,12.067105323434097,9.869612971883923,0.2803030303030303
M03,sub-M03_ses-20240622T100000_behavior+ecephys.nwb,CA1,1,LtoR,26,51,0.21720837547820626,0.126458060378785,0.33698399386702366,False,88,42,15.750394483659875,12.035608431166358,9.009320913744464,0.4936708860759494
M03,sub-M03_ses-20240622T100000_behavior+ecephys.nwb,CA1,1,LtoR,27,53,0.00040418412130088685,-0.08415375557835127,0.07145095471096494,False,88,42,2.1184993333336024,16.484492050169813,9.634144284303977,0.9444444444444444
M03,sub-M03_ses-20240622T100000_behavior+ecephys.nwb,CA1,1,LtoR,28,55,0.22033152250352256,0.11825851753286286,0.3114533008269949,False,88,42,24.927519863946145,10.603169179986548,9.422198169110986,0.35096153846153844
M03,sub-M03_ses-20240622T100000_behavior+ecephys.nwb,CA1,1,LtoR,29,57,0.2572711829910286,0.14731640586154846,0.36543195815768353,False,88,42,17.824068952380912,8.186270107101317,5.554380162820139,0.6196868008948546
M03,sub-M03_ses-20240622T100000_behavior+ecephys.nwb,CA1,1,LtoR,30,59,0.2737220773798152,0.17123504824141583,0.35413337647681875,False,88,42,16.951554666666198,9.104983186516707,7.2740901692728634,0.5952941176470589
M03,sub-M03_ses-20240622T100000_behavior+ecephys.nwb,CA1,1,LtoR,31,61,0.2851029189885931,0.2046992301155198,0.3657318080648728,False,88,42,29.827501307189777,12.349149284001445,11.823137341294556,0.24230254350736277
M03,sub-M03_ses-20240622T100000_behavior+ecephys.nwb,CA1,1,LtoR,32,63,0.2879589404512152,0.2138581840656159,0.3784725306627086,False,88,42,22.25647860477511,9.348156326667029,6.511877509393189,0.4883303411131059
M03,sub-M03_ses-20240622T100000_behavior+ecephys.nwb,CA1,1,LtoR,33,65,0.30890644472538287,0.22416560735750987,0.3767157576015999,False,88,42,32.87815153741485,8.93748654929934,7.408123959813657,0.33171324422843257
M03,sub-M03_ses-20240622T100000_behavior+ecephys.nwb,CA1,1,LtoR,34,67,0.355690013243691,0.24893461221809102,0.4217198343125305,True,88,42,23.308712666666906,9.959486510199444,9.322393197806154,0.4075342465753425
M03,sub-M03_ses-20240622T100000_behavior+ecephys.nwb,CA1,1,LtoR,35,70,0.2662413053393792,0.17351824920484707,0.3459659769848064,True,88,42,38.94045466666648,7.89280113436361,6.598845425133746,0.2994871794871795
M03,sub-M03_ses-20240622T100000_behavior+ecephys.nwb,CA1,1,LtoR,36,73,0.34244864335383274,0.2528588779173364,0.43110511564394327,True,88,42,19.27651224836609,8.5561049097961,7.347839278750175,0.5652173913043478
M03,sub-M03_ses-20240622T100000_behavior+ecephys.nwb,CA1,1,LtoR,37,75,0.4586708221027984,0.36566524160820973,0.528240213142814,True,88,42,35.00540587755131,8.92928760689397,6.476286934399223,0.3523375142531357
M03,sub-M03_ses-20240622T100000_behavior+ecephys.nwb,CA1,1,LtoR,38,77,0.3622070747516249,0.27036758629254365,0.4392409162736436,True,88,42,38.61187244897974,10.722400961806322,10.034278525032894,0.21325051759834368
M03,sub-M03_ses-20240622T100000_behavior+ecephys.nwb,CA1,1,LtoR,39,80,0.3394121951336731,0.2217682417576155,0.4482596053958692,True,88,42,23.35460476190474,10.273731839257511,9.901539525214325,0.38974358974358975
M03,sub-M03_ses-20240622T100000_behavior+ecephys.nwb,CA1,1,LtoR,40,82,0.23420585800262883,0.146133122314786,0.3268838277185303,True,88,42,31.771620952380545,10.189086919425732,9.588627109702276,0.2943396226415094
M03,sub-M03_ses-20240622T100000_behavior+ecephys.nwb,CA1,1,LtoR,41,85,0.3938869122547168,0.3104733507851197,0.46453130723503705,True,88,42,114.99163718954333,6.339119174020395,5.470145475825566,0.12934631432545202
M03,sub-M03_ses-20240622T100000_behavior+ecephys.nwb,CA1,1,LtoR,42,87,0.2387518586104301,0.16332411988305853,0.3019967341450151,True,88,42,43.01792800000021,7.073779532262303,6.354026401077302,0.2989786443825441
M03,sub-M03_ses-20240622T100000_behavior+ecephys.nwb,CA1,1,LtoR,43,89,0.3892401929691556,0.2973668623720213,0.4538198877346527,True,88,42,46.99034914285676,10.947763277102249,12.185779725135173,0.18027210884353742
M03,sub-M03_ses-20240622T100000_behavior+ecephys.nwb,CA1,1,RtoL,1,2,-0.03213970520241438,-0.13785067114187624,0.06570109988246473,False,88,42,22.229090666666707,8.84044898996535,8.985535902072778,0.3734290843806104
M03,sub-M03_ses-20240622T100000_behavior+ecephys.nwb,CA1,1,RtoL,2,4,0.0891362304776922,-0.01084831527016645,0.2063280785461452,False,88,42,26.01331377777842,9.043799241201302,9.195768177388365,0.3548387096774194
M03,sub-M03_ses-20240622T100000_behavior+ecephys.nwb,CA1,1,RtoL,3,6,0.0638202245614641,-0.02218953363369889,0.14421789415836847,False,88,42,13.76089809523819,10.668305575224778,10.15486252132266,0.591304347826087
M03,sub-M03_ses-20240622T100000_behavior+ecephys.nwb,CA1,1,RtoL,4,8,0.21252957946345463,0.11423295030030303,0.32021964074897247,False,88,42,20.938411657996767,9.146494437012814,8.768437959092932,0.5019083969465649
M03,sub-M03_ses-20240622T100000_behavior+ecephys.nwb,CA1,1,RtoL,5,10,0.2390600454015033,0.08286418901422773,0.36632244850725154,False,88,42,18.693719647859325,9.159049183513076,8.054156153431544,0.5010660980810234
M03,sub-M03_ses-20240622T100000_behavior+ecephys.nwb,CA1,1,RtoL,6,12,0.19674452282114635,0.10430532677815565,0.31612407381495466,False,88,42,21.668650666666508,7.964523686581368,7.564256765611586,0.5359116022099447
M03,sub-M03_ses-20240622T100000_behavior+ecephys.nwb,CA1,1,RtoL,7,14,0.258456417156983,0.13481836953648882,0.38063213819208,False,88,42,18.721420339868928,10.787249389852946,11.027352943105543,0.42857142857142855
M03,sub-M03_ses-20240622T100000_behavior+ecephys.nwb,CA1,1,RtoL,8,16,0.1272499740924792,0.025002677074179667,0.27149961624782043,False,88,42,28.025778666667065,7.5763318356113265,6.367047861565059,0.4287749287749288
M03,sub-M03_ses-20240622T100000_behavior+ecephys.nwb,CA1,1,RtoL,9,18,0.16147070042170347,0.029763017954196006,0.2796479848023775,False,88,42,22.508219333332818,6.925257475145326,5.718181638220647,0.5754884547069272
M03,sub-M03_ses-20240622T100000_behavior+ecephys.nwb,CA1,1,RtoL,10,20,0.18330553075344128,0.07971814605907655,0.31377999260370704,False,88,42,20.798637816993505,8.282750926348783,7.707607049573866,0.5402298850574713
M03,sub-M03_ses-20240622T100000_behavior+ecephys.nwb,CA1,1,RtoL,11,22,0.16049857505491782,0.07893645445343783,0.25798108034332784,False,88,42,20.870559333333404,7.632504749109801,7.853959233199163,0.5678776290630975
M03,sub-M03_ses-20240622T100000_behavior+ecephys.nwb,CA1,1,RtoL,12,24,0.175902431470027,0.04609594178936689,0.3071166693795374,False,88,42,31.801821071895574,7.713567380042742,7.023964991971535,0.3844221105527638
M03,sub-M03_ses-20240622T100000_behavior+ecephys.nwb,CA1,1,RtoL,13,26,0.24283001937833942,0.07444212228603789,0.3646666875129456,False,88,42,20.26426993464065,7.4154387967961775,6.964581017762242,0.5866141732283464
M03,sub-M03_ses-20240622T100000_behavior+ecephys.nwb,CA1,1,RtoL,14,28,0.16217314487103146,0.09436951720861585,0.23335302941959427,False,88,42,17.910272000000077,9.115638755967824,8.073397912207916,0.5456570155902004
M03,sub-M03_ses-20240622T100000_behavior+ecephys.nwb,CA1,1,RtoL,15,30,0.2821681425499064,0.13172894425787893,0.4360130716600781,False,88,42,14.864085686273029,10.142257261271507,8.317476955022126,0.6559139784946236
M03,sub-M03_ses-20240622T100000_behavior+ecephys.nwb,CA1,1,RtoL,16,32,0.22869471517857037,0.07795942362472912,0.34204337888133035,False,88,42,19.60544761904748,9.157083920035179,8.30419910961416,0.5213849287169042
M03,sub-M03_ses-20240622T100000_behavior+ecephys.nwb,CA1,1,RtoL,17,34,0.2959236480761106,0.11566751508141337,0.4703088635450922,False,88,42,12.976189411764608,11.245532269450175,10.401143744068797,0.6196319018404908
M03,sub-M03_ses-20240622T100000_behavior+ecephys.nwb,CA1,1,RtoL,18,36,0.2545642609071357,0.13326147405420846,0.35374033050981796,False,88,42,22.498418367347767,7.969931757650613,7.261486970660133,0.49645390070921985
M03,sub-M03_ses-20240622T100000_behavior+ecephys.nwb,CA1,1,RtoL,19,38,0.15802850772364124,0.06557554173715553,0.25664402269923464,False,88,42,26.825383333333775,7.515232693805995,6.298869331722726,0.4494047619047619
M03,sub-M03_ses-20240622T100000_behavior+ecephys.nwb,CA1,1,RtoL,20,40,0.14149923492322153,0.018639189673923993,0.274600735800962,False,88,42,15.489282967319923,11.158195236428977,10.632677293015156,0.5424164524421594
M03,sub-M03_ses-20240622T100000_behavior+ecephys.nwb,CA1,1,RtoL,21,42,0.10776852194379272,0.00869382037402622,0.24011955712291597,False,88,42,38.948805307189104,7.388501579159435,6.299562881400199,0.3712820512820513
M03,sub-M03_ses-20240622T100000_behavior+ecephys.nwb,CA1,1,RtoL,22,44,0.3068042918402104,0.17830279563507886,0.4274464269968434,False,88,42,22.95165775163423,8.060976937525549,7.207478823352745,0.5234782608695652
M03,sub-M03_ses-20240622T100000_behavior+ecephys.nwb,CA1,1,RtoL,23,46,0.2898720488457764,0.13781638649165917,0.41453666147524837,False,88,42,27.273399294116643,8.727873794783514,8.168858145784704,0.48462664714494874
M03,sub-M03_ses-20240622T100000_behavior+ecephys.nwb,CA1,1,RtoL,24,48,0.2887263301203995,0.09918735580128354,0.43885840334456994,False,88,42,28.41077314285667,7.871517846586833,6.682910427438257,0.42334739803094235
M03,sub-M03_ses-20240622T100000_behavior+ecephys.nwb,CA1,1,RtoL,25,50,0.24433643572379954,0.07735656206855598,0.39248223059391474,False,88,42,28.387229516340085,9.779650907546266,8.61406660939674,0.34739803094233473
M03,sub-M03_ses-20240622T100000_behavior+ecephys.nwb,CA1,1,RtoL,26,52,0.27212655885728665,0.11472515096710666,0.39420933005846454,False,88,42,16.19181533333267,7.353981839045798,6.150922890207163,0.11358024691358025
M03,sub-M03_ses-20240622T100000_behavior+ecephys.nwb,CA1,1,RtoL,27,54,0.15439023648089503,0.014007776347424328,0.3010344696417261,False,88,42,10.974240136054505,16.77028192613148,18.01269037797641,0.8260869565217391
M03,sub-M03_ses-20240622T100000_behavior+ecephys.nwb,CA1,1,RtoL,28,56,0.2063121993520614,0.08310615715986525,0.3221251749073931,False,88,42,21.909285333333173,6.485534866185689,5.654675911853875,0.6551094890510949
M03,sub-M03_ses-20240622T100000_behavior+ecephys.nwb,CA1,1,RtoL,29,58,0.36683643951412964,0.2766245621639072,0.44484812499100923,False,88,42,29.47177638095218,7.211901750838752,5.823684803740306,0.45663956639566394
M03,sub-M03_ses-20240622T100000_behavior+ecephys.nwb,CA1,1,RtoL,30,60,0.2377472020200111,0.08811917177465385,0.36475574570736563,False,88,42,21.711706954249166,8.223103050354725,7.075449501359156,0.5900735294117647
M03,sub-M03_ses-20240622T100000_behavior+ecephys.nwb,CA1,1,RtoL,31,62,0.20927011208364998,0.06969402890007712,0.34587623478267077,False,88,42,44.45525865012587,6.552649993995232,5.5157498496248785,0.2823741007194245
M03,sub-M03_ses-20240622T100000_behavior+ecephys.nwb,CA1,1,RtoL,32,64,0.22252205733491498,0.11390260435876,0.32631962473725223,False,88,42,29.39310115032731,8.306702919722417,7.152218451159023,0.39266304347826086
M03,sub-M03_ses-20240622T100000_behavior+ecephys.nwb,CA1,1,RtoL,33,66,0.38661560405915696,0.2542785107792636,0.5053063621043152,False,88,42,30.689661795918255,7.920718246010506,7.270167418394168,0.4140625
M03,sub-M03_ses-20240622T100000_behavior+ecephys.nwb,CA1,1,RtoL,34,68,0.40038126105922545,0.22493346514284418,0.5217614633240969,False,88,42,20.029835333332812,7.399089602702581,6.307340396958274,0.6673306772908366
M03,sub-M03_ses-20240622T100000_behavior+ecephys.nwb,CA1,1,RtoL,35,69,0.31347519501013954,0.2313885505195319,0.39217576456269204,False,88,42,65.00665466666669,6.660025677658359,5.959319870607898,0.24661746617466174
M03,sub-M03_ses-20240622T100000_behavior+ecephys.nwb,CA1,1,RtoL,36,71,0.3490236442228032,0.196752260907052,0.4615379838423434,False,88,42,22.90155647058782,9.300321124446192,8.343004260235286,0.4363001745200698
M03,sub-M03_ses-20240622T100000_behavior+ecephys.nwb,CA1,1,RtoL,37,72,0.4305364792177666,0.3403989066046808,0.5056542477489985,True,88,42,62.16303451700696,5.940765795673891,5.979908294344002,0.26302250803858523
M03,sub-M03_ses-20240622T100000_behavior+ecephys.nwb,CA1,1,RtoL,38,74,0.5103886574685172,0.41599818788502296,0.5866166323598794,True,88,42,27.07698520741542,7.959862425337769,7.8185817475502715,0.4401772525849335
M03,sub-M03_ses-20240622T100000_behavior+ecephys.nwb,CA1,1,RtoL,39,76,0.5141987546000355,0.42251947212306273,0.585795666358248,True,88,42,24.515832217687603,7.152242612370245,6.741793418268,0.5325732899022801
M03,sub-M03_ses-20240622T100000_behavior+ecephys.nwb,CA1,1,RtoL,40,78,0.47705696643668827,0.37489631641369975,0.5700634234603453,True,88,42,35.98269999999957,7.779233049357096,7.328273593591156,0.32666666666666666
M03,sub-M03_ses-20240622T100000_behavior+ecephys.nwb,CA1,1,RtoL,41,79,0.44051789804995645,0.3421793654817849,0.5261587725555474,True,88,42,31.144346666666934,7.533605038035998,7.436653907010523,0.39871794871794874
M03,sub-M03_ses-20240622T100000_behavior+ecephys.nwb,CA1,1,RtoL,42,81,0.46312678893503845,0.3748314207213811,0.5259267098179758,True,88,42,33.215455238095274,8.305871902322467,8.049811432549255,0.3561973525872443
M03,sub-M03_ses-20240622T100000_behavior+ecephys.nwb,CA1,1,RtoL,43,83,0.28860116779065137,0.17497621579131806,0.3862761480955925,True,88,42,34.751778524742804,6.7150593543756205,7.016722899630287,0.3781609195402299
M03,sub-M03_ses-20240622T100000_behavior+ecephys.nwb,CA1,1,RtoL,44,84,0.4571400278685598,0.3458648738293365,0.5426455871496231,True,88,42,79.6795313333323,5.990273513840871,5.260833643554489,0.17611640742599097
M03,sub-M03_ses-20240622T100000_behavior+ecephys.nwb,CA1,1,RtoL,45,86,0.4829581847435006,0.3769408577715253,0.5667455648664077,True,88,42,96.5807694771238,7.1321471275524475,6.482314153473107,0.1308488612836439
M03,sub-M03_ses-20240622T100000_behavior+ecephys.nwb,CA1,1,RtoL,46,88,0.4455578543533454,0.3353899596986299,0.5432630654784201,True,88,42,38.50007000000005,5.657111314021333,5.481159987930175,0.43406022845275183
M03,sub-M03_ses-20240622T100000_behavior+ecephys.nwb,CA3,1,LtoR,1,1,-0.005813874573313133,-0.005813874573313145,-0.0058138745733131185,False,42,42,16.02928399999928,9.020647696125794,9.569609697825523,0.5785536159600998
M03,sub-M03_ses-20240622T100000_behavior+ecephys.nwb,CA3,1,LtoR,2,3,0.043417327554740585,0.04341732755474056,0.04341732755474061,False,42,42,31.23734755555506,8.493055056741653,7.607867654371692,0.3132992327365729
M03,sub-M03_ses-20240622T100000_behavior+ecephys.nwb,CA3,1,LtoR,3,5,-0.027965437457675654,-0.027965437457675678,-0.02796543745767563,False,42,42,21.228903999999602,7.569073532678625,7.2992679437264565,0.5526315789473685
M03,sub-M03_ses-20240622T100000_behavior+ecephys.nwb,CA3,1,LtoR,4,7,0.05798305932513723,0.057983059325137205,0.057983059325137254,False,42,42,18.877247525677376,12.289461119317194,13.427869979053787,0.38054968287526425
M03,sub-M03_ses-20240622T100000_behavior+ecephys.nwb,CA3,1,LtoR,5,9,-0.02809756889064189,-0.02809756889064191,-0.028097568890641866,False,42,42,24.84468503401331,9.628506012729304,8.623209208304997,0.3504823151125402
M03,sub-M03_ses-20240622T100000_behavior+ecephys.nwb,CA3,1,LtoR,6,11,0.07078561104304967,0.07078561104304963,0.07078561104304971,False,42,42,25.462502039214996,9.164045667443855,8.829569314972401,0.36891679748822603
M03,sub-M03_ses-20240622T100000_behavior+ecephys.nwb,CA3,1,LtoR,7,13,0.15851232926158856,0.1585123292615885,0.1585123292615886,False,42,42,25.616128993464372,7.583773889659501,6.828832816871601,0.4914196567862715
M03,sub-M03_ses-20240622T100000_behavior+ecephys.nwb,CA3,1,LtoR,8,15,0.14094925145587603,0.140949251455876,0.14094925145587608,False,42,42,20.069810666666854,10.927180075356194,10.287480076013889,0.43737574552683894
M03,sub-M03_ses-20240622T100000_behavior+ecephys.nwb,CA3,1,LtoR,9,17,0.12335160421582939,0.12335160421582933,0.12335160421582943,False,42,42,20.58967333333294,9.769024642924334,8.313155506488403,0.4321705426356589
M03,sub-M03_ses-20240622T100000_behavior+ecephys.nwb,CA3,1,LtoR,10,19,0.2153869017491989,0.21538690174919883,0.21538690174919897,False,42,42,28.22531866666759,7.044183310025263,6.137794289788954,0.4631728045325779
M03,sub-M03_ses-20240622T100000_behavior+ecephys.nwb,CA3,1,LtoR,11,21,0.23691398757890642,0.23691398757890636,0.2369139875789065,False,42,42,26.37660751633939,9.264348775690603,8.216685869637404,0.37424242424242427
M03,sub-M03_ses-20240622T100000_behavior+ecephys.nwb,CA3,1,LtoR,12,23,0.24043576772372352,0.24043576772372346,0.24043576772372366,False,42,42,44.41651600000023,8.492517867007214,5.634613828111684,0.23582358235823583
M03,sub-M03_ses-20240622T100000_behavior+ecephys.nwb,CA3,1,LtoR,13,25,0.27904286662938205,0.27904286662938194,0.2790428666293821,False,42,42,20.618116993463445,10.180038019276997,9.125966478100832,0.4158607350096712
M03,sub-M03_ses-20240622T100000_behavior+ecephys.nwb,CA3,1,LtoR,14,27,0.19674517376264128,0.19674517376264122,0.1967451737626413,False,42,42,32.86264800000026,8.554326291071131,7.126668719215478,0.32116788321167883
M03,sub-M03_ses-20240622T100000_behavior+ecephys.nwb,CA3,1,LtoR,15,29,0.3400891625629975,0.3400891625629974,0.3400891625629976,False,42,42,26.755930980392804,8.749620641958641,7.086241999560125,0.4044776119402985
M03,sub-M03_ses-20240622T100000_behavior+ecephys.nwb,CA3,1,LtoR,16,31,0.22599673591712208,0.22599673591712197,0.2259967359171223,False,42,42,16.75129666666726,9.76004848677183,9.52893002550385,0.580952380952381
M03,sub-M03_ses-20240622T100000_behavior+ecephys.nwb,CA3,1,LtoR,17,33,0.1966676153214523,0.19666761532145224,0.19666761532145235,False,42,42,25.01162571428631,7.630218162448438,6.776445190359009,0.4968051118210863
M03,sub-M03_ses-20240622T100000_behavior+ecephys.nwb,CA3,1,LtoR,18,35,0.3650039856919122,0.3650039856919121,0.36500398569191234,False,42,42,17.657685554220734,9.991442254985788,7.95193678759021,0.5158371040723982
M03,sub-M03_ses-20240622T100000_behavior+ecephys.nwb,CA3,1,LtoR,19,37,0.35174890849460183,0.3517489084946017,0.3517489084946019,False,42,42,27.506919333332917,7.482502501489732,7.327934385413864,0.501453488372093
M03,sub-M03_ses-20240622T100000_behavior+ecephys.nwb,CA3,1,LtoR,20,39,0.25744734242166417,0.25744734242166406,0.2574473424216642,False,42,42,29.487812366012804,11.278330709701123,6.923206463159395,0.2804878048780488
M03,sub-M03_ses-20240622T100000_behavior+ecephys.nwb,CA3,1,LtoR,21,41,0.18030401538623692,0.18030401538623683,0.18030401538623705,False,42,42,16.271798000000672,9.80068453630112,8.589454520890946,0.5700245700245701
M03,sub-M03_ses-20240622T100000_behavior+ecephys.nwb,CA3,1,LtoR,22,43,0.16617653344788924,0.16617653344788919,0.1661765334478893,False,42,42,28.533652941177024,8.595429007215886,6.526862734986931,0.40336134453781514
M03,sub-M03_ses-20240622T100000_behavior+ecephys.nwb,CA3,1,LtoR,23,45,0.2148123999370743,0.21481239993707424,0.21481239993707438,False,42,42,35.222290666666595,10.179425681579923,8.661118547835926,0.2709750566893424
M03,sub-M03_ses-20240622T100000_behavior+ecephys.nwb,CA3,1,LtoR,24,47,0.32457179143588233,0.3245717914358823,0.32457179143588244,False,42,42,25.074640896359597,8.564033046253734,5.90746380766287,0.44976076555023925
M03,sub-M03_ses-20240622T100000_behavior+ecephys.nwb,CA3,1,LtoR,25,49,0.2395901039908457,0.23959010399084563,0.2395901039908458,False,42,42,26.346778666666978,12.067105323434097,9.869612971883923,0.2803030303030303
M03,sub-M03_ses-20240622T100000_behavior+ecephys.nwb,CA3,1,LtoR,26,51,0.33371103281391346,0.3337110328139134,0.3337110328139136,False,42,42,15.750394483659875,12.035608431166358,9.009320913744464,0.4936708860759494
M03,sub-M03_ses-20240622T100000_behavior+ecephys.nwb,CA3,1,LtoR,27,53,0.14468347365019615,0.14468347365019613,0.14468347365019618,False,42,42,2.1184993333336024,16.484492050169813,9.634144284303977,0.9444444444444444
M03,sub-M03_ses-20240622T100000_behavior+ecephys.nwb,CA3,1,LtoR,28,55,0.15242764107349288,0.15242764107349285,0.15242764107349294,False,42,42,24.927519863946145,10.603169179986548,9.422198169110986,0.35096153846153844
M03,sub-M03_ses-20240622T100000_behavior+ecephys.nwb,CA3,1,LtoR,29,57,0.35975238462911435,0.35975238462911424,0.35975238462911446,False,42,42,17.824068952380912,8.186270107101317,5.554380162820139,0.6196868008948546
M03,sub-M03_ses-20240622T100000_behavior+ecephys.nwb,CA3,1,LtoR,30,59,0.28961565616646917,0.28961565616646906,0.2896156561664693,False,42,42,16.951554666666198,9.104983186516707,7.2740901692728634,0.5952941176470589
M03,sub-M03_ses-20240622T100000_behavior+ecephys.nwb,CA3,1,LtoR,31,61,0.3267291596609747,0.32672915966097466,0.3267291596609748,False,42,42,29.827501307189777,12.349149284001445,11.823137341294556,0.24230254350736277
M03,sub-M03_ses-20240622T100000_behavior+ecephys.nwb,CA3,1,LtoR,32,63,0.31809628536868884,0.3180962853686887,0.3180962853686889,False,42,42,22.25647860477511,9.348156326667029,6.511877509393189,0.4883303411131059
M03,sub-M03_ses-20240622T100000_behavior+ecephys.nwb,CA3,1,LtoR,33,65,0.27139579128695107,0.271395791286951,0.2713957912869512,False,42,42,32.87815153741485,8.93748654929934,7.408123959813657,0.33171324422843257
M03,sub-M03_ses-20240622T100000_behavior+ecephys.nwb,CA3,1,LtoR,34,67,0.341297533821555,0.3412975338215549,0.34129753382155503,True,42,42,23.308712666666906,9.959486510199444,9.322393197806154,0.4075342465753425
M03,sub-M03_ses-20240622T100000_behavior+ecephys.nwb,CA3,1,LtoR,35,70,0.3839539394220245,0.3839539394220244,0.38395393942202466,True,42,42,38.94045466666648,7.89280113436361,6.598845425133746,0.2994871794871795
M03,sub-M03_ses-20240622T100000_behavior+ecephys.nwb,CA3,1,LtoR,36,73,0.30011484747631434,0.30011484747631423,0.3001148474763144,True,42,42,19.27651224836609,8.5561049097961,7.347839278750175,0.5652173913043478
M03,sub-M03_ses-20240622T100000_behavior+ecephys.nwb,CA3,1,LtoR,37,75,0.3782780104145946,0.3782780104145944,0.37827801041459463,True,42,42,35.00540587755131,8.92928760689397,6.476286934399223,0.3523375142531357
M03,sub-M03_ses-20240622T100000_behavior+ecephys.nwb,CA3,1,LtoR,38,77,0.3802449744223728,0.38024497442237265,0.38024497442237293,True,42,42,38.61187244897974,10.722400961806322,10.034278525032894,0.21325051759834368
M03,sub-M03_ses-20240622T100000_behavior+ecephys.nwb,CA3,1,LtoR,39,80,0.29311091426930297,0.2931109142693029,0.2931109142693031,True,42,42,23.35460476190474,10.273731839257511,9.901539525214325,0.38974358974358975
M03,sub-M03_ses-20240622T100000_behavior+ecephys.nwb,CA3,1,LtoR,40,82,0.2664586135315149,0.2664586135315148,0.266458613531515,True,42,42,31.771620952380545,10.189086919425732,9.588627109702276,0.2943396226415094
M03,sub-M03_ses-20240622T100000_behavior+ecephys.nwb,CA3,1,LtoR,41,85,0.42748880097568126,0.42748880097568115,0.42748880097568137,True,42,42,114.99163718954333,6.339119174020395,5.470145475825566,0.12934631432545202
M03,sub-M03_ses-20240622T100000_behavior+ecephys.nwb,CA3,1,LtoR,42,87,0.3243849169415035,0.3243849169415034,0.32438491694150356,True,42,42,43.01792800000021,7.073779532262303,6.354026401077302,0.2989786443825441
M03,sub-M03_ses-20240622T100000_behavior+ecephys.nwb,CA3,1,LtoR,43,89,0.40871770242659017,0.40871770242659006,0.4087177024265903,True,42,42,46.99034914285676,10.947763277102249,12.185779725135173,0.18027210884353742
M03,sub-M03_ses-20240622T100000_behavior+ecephys.nwb,CA3,1,RtoL,1,2,-0.04908526229455047,-0.049085262294550513,-0.04908526229455043,False,42,42,22.229090666666707,8.84044898996535,8.985535902072778,0.3734290843806104
M03,sub-M03_ses-20240622T100000_behavior+ecephys.nwb,CA3,1,RtoL,2,4,0.024345322634650668,0.024345322634650644,0.02434532263465069,False,42,42,26.01331377777842,9.043799241201302,9.195768177388365,0.3548387096774194
M03,sub-M03_ses-20240622T100000_behavior+ecephys.nwb,CA3,1,RtoL,3,6,0.10924639778233015,0.10924639778233011,0.10924639778233021,False,42,42,13.76089809523819,10.668305575224778,10.15486252132266,0.591304347826087
M03,sub-M03_ses-20240622T100000_behavior+ecephys.nwb,CA3,1,RtoL,4,8,0.04400516605976836,0.04400516605976833,0.04400516605976838,False,42,42,20.938411657996767,9.146494437012814,8.768437959092932,0.5019083969465649
M03,sub-M03_ses-20240622T100000_behavior+ecephys.nwb,CA3,1,RtoL,5,10,0.06724467692152641,0.06724467692152639,0.06724467692152646,False,42,42,18.693719647859325,9.159049183513076,8.054156153431544,0.5010660980810234
M03,sub-M03_ses-20240622T100000_behavior+ecephys.nwb,CA3,1,RtoL,6,12,0.024682095739604545,0.024682095739604528,0.024682095739604566,False,42,42,21.668650666666508,7.964523686581368,7.564256765611586,0.5359116022099447
M03,sub-M03_ses-20240622T100000_behavior+ecephys.nwb,CA3,1,RtoL,7,14,0.07038583011602739,0.07038583011602738,0.07038583011602742,False,42,42,18.721420339868928,10.787249389852946,11.027352943105543,0.42857142857142855
M03,sub-M03_ses-20240622T100000_behavior+ecephys.nwb,CA3,1,RtoL,8,16,-0.0006446609179416016,-0.0006446609179416155,-0.0006446609179415824,False,42,42,28.025778666667065,7.5763318356113265,6.367047861565059,0.4287749287749288
M03,sub-M03_ses-20240622T100000_behavior+ecephys.nwb,CA3,1,RtoL,9,18,0.05973790730707819,0.059737907307078154,0.059737907307078224,False,42,42,22.508219333332818,6.925257475145326,5.718181638220647,0.5754884547069272
M03,sub-M03_ses-20240622T100000_behavior+ecephys.nwb,CA3,1,RtoL,10,20,-0.04627794224617666,-0.04627794224617667,-0.04627794224617664,False,42,42,20.798637816993505,8.282750926348783,7.707607049573866,0.5402298850574713
M03,sub-M03_ses-20240622T100000_behavior+ecephys.nwb,CA3,1,RtoL,11,22,-0.04695228804008616,-0.04695228804008618,-0.04695228804008614,False,42,42,20.870559333333404,7.632504749109801,7.853959233199163,0.5678776290630975
M03,sub-M03_ses-20240622T100000_behavior+ecephys.nwb,CA3,1,RtoL,12,24,0.1039725033004013,0.10397250330040127,0.10397250330040132,False,42,42,31.801821071895574,7.713567380042742,7.023964991971535,0.3844221105527638
M03,sub-M03_ses-20240622T100000_behavior+ecephys.nwb,CA3,1,RtoL,13,26,-0.02771934713289323,-0.027719347132893243,-0.027719347132893205,False,42,42,20.26426993464065,7.4154387967961775,6.964581017762242,0.5866141732283464
M03,sub-M03_ses-20240622T100000_behavior+ecephys.nwb,CA3,1,RtoL,14,28,-0.023688434974871102,-0.02368843497487112,-0.02368843497487108,False,42,42,17.910272000000077,9.115638755967824,8.073397912207916,0.5456570155902004
M03,sub-M03_ses-20240622T100000_behavior+ecephys.nwb,CA3,1,RtoL,15,30,0.1347962341809865,0.13479623418098644,0.13479623418098655,False,42,42,14.864085686273029,10.142257261271507,8.317476955022126,0.6559139784946236
M03,sub-M03_ses-20240622T100000_behavior+ecephys.nwb,CA3,1,RtoL,16,32,0.058984318669141084,0.05898431866914107,0.058984318669141104,False,42,42,19.60544761904748,9.157083920035179,8.30419910961416,0.5213849287169042
M03,sub-M03_ses-20240622T100000_behavior+ecephys.nwb,CA3,1,RtoL,17,34,0.10182968176263392,0.10182968176263389,0.10182968176263395,False,42,42,12.976189411764608,11.245532269450175,10.401143744068797,0.6196319018404908
M03,sub-M03_ses-20240622T100000_behavior+ecephys.nwb,CA3,1,RtoL,18,36,0.05429015385073452,0.0542901538507345,0.054290153850734546,False,42,42,22.498418367347767,7.969931757650613,7.261486970660133,0.49645390070921985
M03,sub-M03_ses-20240622T100000_behavior+ecephys.nwb,CA3,1,RtoL,19,38,-0.02831692739714062,-0.028316927397140642,-0.028316927397140604,False,42,42,26.825383333333775,7.515232693805995,6.298869331722726,0.4494047619047619
M03,sub-M03_ses-20240622T100000_behavior+ecephys.nwb,CA3,1,RtoL,20,40,0.10528369045180544,0.10528369045180541,0.10528369045180548,False,42,42,15.489282967319923,11.158195236428977,10.632677293015156,0.5424164524421594
M03,sub-M03_ses-20240622T100000_behavior+ecephys.nwb,CA3,1,RtoL,21,42,0.19263498338988144,0.1926349833898814,0.1926349833898815,False,42,42,38.948805307189104,7.388501579159435,6.299562881400199,0.3712820512820513
M03,sub-M03_ses-20240622T100000_behavior+ecephys.nwb,CA3,1,RtoL,22,44,0.17021111905562294,0.1702111190556229,0.17021111905562297,False,42,42,22.95165775163423,8.060976937525549,7.207478823352745,0.5234782608695652
M03,sub-M03_ses-20240622T100000_behavior+ecephys.nwb,CA3,1,RtoL,23,46,0.14585421116813926,0.14585421116813924,0.1458542111681393,False,42,42,27.273399294116643,8.727873794783514,8.168858145784704,0.48462664714494874
M03,sub-M03_ses-20240622T100000_behavior+ecephys.nwb,CA3,1,RtoL,24,48,0.13233066505046515,0.1323306650504651,0.13233066505046517,False,42,42,28.41077314285667,7.871517846586833,6.682910427438257,0.42334739803094235
M03,sub-M03_ses-20240622T100000_behavior+ecephys.nwb,CA3,1,RtoL,25,50,0.19929169745176595,0.19929169745176592,0.199291697451766,False,42,42,28.387229516340085,9.779650907546266,8.61406660939674,0.34739803094233473
M03,sub-M03_ses-20240622T100000_behavior+ecephys.nwb,CA3,1,RtoL,26,52,0.3162733067277601,0.31627330672776,0.3162733067277603,False,42,42,16.19181533333267,7.353981839045798,6.150922890207163,0.11358024691358025
M03,sub-M03_ses-20240622T100000_behavior+ecephys.nwb,CA3,1,RtoL,27,54,0.16079653397188715,0.1607965339718871,0.16079653397188717,False,42,42,10.974240136054505,16.77028192613148,18.01269037797641,0.8260869565217391
M03,sub-M03_ses-20240622T100000_behavior+ecephys.nwb,CA3,1,RtoL,28,56,0.1512137594104071,0.15121375941040704,0.15121375941040713,False,42,42,21.909285333333173,6.485534866185689,5.654675911853875,0.6551094890510949
M03,sub-M03_ses-20240622T100000_behavior+ecephys.nwb,CA3,1,RtoL,29,58,0.26965643852205845,0.2696564385220584,0.2696564385220585,False,42,42,29.47177638095218,7.211901750838752,5.823684803740306,0.45663956639566394
M03,sub-M03_ses-20240622T100000_behavior+ecephys.nwb,CA3,1,RtoL,30,60,0.1393754966849965,0.13937549668499646,0.13937549668499652,False,42,42,21.711706954249166,8.223103050354725,7.075449501359156,0.5900735294117647
M03,sub-M03_ses-20240622T100000_behavior+ecephys.nwb,CA3,1,RtoL,31,62,0.257290057183276,0.25729005718327597,0.25729005718327613,False,42,42,44.45525865012587,6.552649993995232,5.5157498496248785,0.2823741007194245
M03,sub-M03_ses-20240622T100000_behavior+ecephys.nwb,CA3,1,RtoL,32,64,0.22910957733234966,0.2291095773323496,0.22910957733234968,False,42,42,29.39310115032731,8.306702919722417,7.152218451159023,0.39266304347826086
M03,sub-M03_ses-20240622T100000_behavior+ecephys.nwb,CA3,1,RtoL,33,66,0.11053608398037165,0.11053608398037162,0.11053608398037168,False,42,42,30.689661795918255,7.920718246010506,7.270167418394168,0.4140625
M03,sub-M03_ses-20240622T100000_behavior+ecephys.nwb,CA3,1,RtoL,34,68,0.3215002203535053,0.3215002203535052,0.32150022035350534,False,42,42,20.029835333332812,7.399089602702581,6.307340396958274,0.6673306772908366
M03,sub-M03_ses-20240622T100000_behavior+ecephys.nwb,CA3,1,RtoL,35,69,0.2486251043076764,0.24862510430767634,0.24862510430767645,False,42,42,65.00665466666669,6.660025677658359,5.959319870607898,0.24661746617466174
M03,sub-M03_ses-20240622T100000_behavior+ecephys.nwb,CA3,1,RtoL,36,71,0.2482314877520095,0.2482314877520095,0.24823148775200957,False,42,42,22.90155647058782,9.300321124446192,8.343004260235286,0.4363001745200698
M03,sub-M03_ses-20240622T100000_behavior+ecephys.nwb,CA3,1,RtoL,37,72,0.29435437549661153,0.2943543754966114,0.29435437549661164,True,42,42,62.16303451700696,5.940765795673891,5.979908294344002,0.26302250803858523
M03,sub-M03_ses-20240622T100000_behavior+ecephys.nwb,CA3,1,RtoL,38,74,0.3327136391477049,0.3327136391477048,0.332713639147705,True,42,42,27.07698520741542,7.959862425337769,7.8185817475502715,0.4401772525849335
M03,sub-M03_ses-20240622T100000_behavior+ecephys.nwb,CA3,1,RtoL,39,76,0.24021093207124072,0.24021093207124067,0.24021093207124083,True,42,42,24.515832217687603,7.152242612370245,6.741793418268,0.5325732899022801
M03,sub-M03_ses-20240622T100000_behavior+ecephys.nwb,CA3,1,RtoL,40,78,0.33052211096744327,0.3305221109674432,0.3305221109674433,True,42,42,35.98269999999957,7.779233049357096,7.328273593591156,0.32666666666666666
M03,sub-M03_ses-20240622T100000_behavior+ecephys.nwb,CA3,1,RtoL,41,79,0.3638147173442815,0.36381471734428134,0.36381471734428156,True,42,42,31.144346666666934,7.533605038035998,7.436653907010523,0.39871794871794874
M03,sub-M03_ses-20240622T100000_behavior+ecephys.nwb,CA3,1,RtoL,42,81,0.23511601554190315,0.23511601554190306,0.23511601554190323,True,42,42,33.215455238095274,8.305871902322467,8.049811432549255,0.3561973525872443
M03,sub-M03_ses-20240622T100000_behavior+ecephys.nwb,CA3,1,RtoL,43,83,0.1834067110913499,0.18340671109134984,0.18340671109134996,True,42,42,34.751778524742804,6.7150593543756205,7.016722899630287,0.3781609195402299
M03,sub-M03_ses-20240622T100000_behavior+ecephys.nwb,CA3,1,RtoL,44,84,0.26900260129415327,0.26900260129415327,0.2690026012941534,True,42,42,79.6795313333323,5.990273513840871,5.260833643554489,0.17611640742599097
M03,sub-M03_ses-20240622T100000_behavior+ecephys.nwb,CA3,1,RtoL,45,86,0.22012681712397208,0.22012681712397203,0.2201268171239721,True,42,42,96.5807694771238,7.1321471275524475,6.482314153473107,0.1308488612836439
M03,sub-M03_ses-20240622T100000_behavior+ecephys.nwb,CA3,1,RtoL,46,88,0.26101306560736837,0.2610130656073683,0.2610130656073685,True,42,42,38.50007000000005,5.657111314021333,5.481159987930175,0.43406022845275183
M03,sub-M03_ses-20240622T100000_behavior+ecephys.nwb,RSC,1,LtoR,1,1,0.07701243280978773,0.030630403236702276,0.11546357259709086,False,51,42,16.02928399999928,9.020647696125794,9.569609697825523,0.5785536159600998
M03,sub-M03_ses-20240622T100000_behavior+ecephys.nwb,RSC,1,LtoR,2,3,0.14740834185453805,0.1147516232042421,0.18012474757596608,False,51,42,31.23734755555506,8.493055056741653,7.607867654371692,0.3132992327365729
M03,sub-M03_ses-20240622T100000_behavior+ecephys.nwb,RSC,1,LtoR,3,5,0.15997869965250694,0.10415200000379253,0.21881609151418463,False,51,42,21.228903999999602,7.569073532678625,7.2992679437264565,0.5526315789473685
M03,sub-M03_ses-20240622T100000_behavior+ecephys.nwb,RSC,1,LtoR,4,7,0.1763257347881509,0.13120363451812836,0.20353715763550792,False,51,42,18.877247525677376,12.289461119317194,13.427869979053787,0.38054968287526425
M03,sub-M03_ses-20240622T100000_behavior+ecephys.nwb,RSC,1,LtoR,5,9,0.1451669079583016,0.11281301733465952,0.17212834563808235,False,51,42,24.84468503401331,9.628506012729304,8.623209208304997,0.3504823151125402
M03,sub-M03_ses-20240622T100000_behavior+ecephys.nwb,RSC,1,LtoR,6,11,0.17323264063448443,0.1410868154520676,0.214819143306417,False,51,42,25.462502039214996,9.164045667443855,8.829569314972401,0.36891679748822603
M03,sub-M03_ses-20240622T100000_behavior+ecephys.nwb,RSC,1,LtoR,7,13,0.13834854257010237,0.09641952955604839,0.16852231927510627,False,51,42,25.616128993464372,7.583773889659501,6.828832816871601,0.4914196567862715
M03,sub-M03_ses-20240622T100000_behavior+ecephys.nwb,RSC,1,LtoR,8,15,0.24851203379375064,0.1913517459779674,0.28319802299595803,False,51,42,20.069810666666854,10.927180075356194,10.287480076013889,0.43737574552683894
M03,sub-M03_ses-20240622T100000_behavior+ecephys.nwb,RSC,1,LtoR,9,17,0.12634137154648695,0.08297559722844668,0.170768439578716,False,51,42,20.58967333333294,9.769024642924334,8.313155506488403,0.4321705426356589
M03,sub-M03_ses-20240622T100000_behavior+ecephys.nwb,RSC,1,LtoR,10,19,0.2067715245772183,0.16605606359940533,0.23970643613873058,False,51,42,28.22531866666759,7.044183310025263,6.137794289788954,0.4631728045325779
M03,sub-M03_ses-20240622T100000_behavior+ecephys.nwb,RSC,1,LtoR,11,21,0.17986263529201846,0.1334527499079346,0.21806167328481976,False,51,42,26.37660751633939,9.264348775690603,8.216685869637404,0.37424242424242427
M03,sub-M03_ses-20240622T100000_behavior+ecephys.nwb,RSC,1,LtoR,12,23,0.19260605339075748,0.15874136779799702,0.22745786172189733,False,51,42,44.41651600000023,8.492517867007214,5.634613828111684,0.23582358235823583
M03,sub-M03_ses-20240622T100000_behavior+ecephys.nwb,RSC,1,LtoR,13,25,0.24609064226968444,0.20855199246484438,0.2848135781055406,False,51,42,20.618116993463445,10.180038019276997,9.125966478100832,0.4158607350096712
M03,sub-M03_ses-20240622T100000_behavior+ecephys.nwb,RSC,1,LtoR,14,27,0.10690089177920661,0.06848919183289118,0.14567123451724157,False,51,42,32.86264800000026,8.554326291071131,7.126668719215478,0.32116788321167883
M03,sub-M03_ses-20240622T100000_behavior+ecephys.nwb,RSC,1,LtoR,15,29,0.17482002638611044,0.1364419249109143,0.20498225145368829,False,51,42,26.755930980392804,8.749620641958641,7.086241999560125,0.4044776119402985
M03,sub-M03_ses-20240622T100000_behavior+ecephys.nwb,RSC,1,LtoR,16,31,0.18858928574796505,0.15038853377999206,0.22857592363751528,False,51,42,16.75129666666726,9.76004848677183,9.52893002550385,0.580952380952381
M03,sub-M03_ses-20240622T100000_behavior+ecephys.nwb,RSC,1,LtoR,17,33,0.16286957188882759,0.12003578970696756,0.20049252481036628,False,51,42,25.01162571428631,7.630218162448438,6.776445190359009,0.4968051118210863
M03,sub-M03_ses-20240622T100000_behavior+ecephys.nwb,RSC,1,LtoR,18,35,0.09871124753944788,0.05392603732763479,0.13279955444299227,False,51,42,17.657685554220734,9.991442254985788,7.95193678759021,0.5158371040723982
M03,sub-M03_ses-20240622T100000_behavior+ecephys.nwb,RSC,1,LtoR,19,37,0.1808352227149161,0.13184613661330843,0.2247171022585825,False,51,42,27.506919333332917,7.482502501489732,7.327934385413864,0.501453488372093
M03,sub-M03_ses-20240622T100000_behavior+ecephys.nwb,RSC,1,LtoR,20,39,0.17345336930367508,0.12814382237496463,0.2053394449453003,False,51,42,29.487812366012804,11.278330709701123,6.923206463159395,0.2804878048780488
M03,sub-M03_ses-20240622T100000_behavior+ecephys.nwb,RSC,1,LtoR,21,41,0.1595374857738635,0.12430312632011406,0.1941182043329111,False,51,42,16.271798000000672,9.80068453630112,8.589454520890946,0.5700245700245701
M03,sub-M03_ses-20240622T100000_behavior+ecephys.nwb,RSC,1,LtoR,22,43,0.1465329906074238,0.1023667769086747,0.18333868295585679,False,51,42,28.533652941177024,8.595429007215886,6.526862734986931,0.40336134453781514
M03,sub-M03_ses-20240622T100000_behavior+ecephys.nwb,RSC,1,LtoR,23,45,0.250257971075293,0.21022854438958968,0.2905974565796092,False,51,42,35.222290666666595,10.179425681579923,8.661118547835926,0.2709750566893424
M03,sub-M03_ses-20240622T100000_behavior+ecephys.nwb,RSC,1,LtoR,24,47,0.15949559242287467,0.12972258181682136,0.18674866550795424,False,51,42,25.074640896359597,8.564033046253734,5.90746380766287,0.44976076555023925
M03,sub-M03_ses-20240622T100000_behavior+ecephys.nwb,RSC,1,LtoR,25,49,0.2114597602433853,0.17632273003654841,0.2392883168065346,False,51,42,26.346778666666978,12.067105323434097,9.869612971883923,0.2803030303030303
M03,sub-M03_ses-20240622T100000_behavior+ecephys.nwb,RSC,1,LtoR,26,51,0.22816960140749765,0.18600247233421374,0.2616933861803897,False,51,42,15.750394483659875,12.035608431166358,9.009320913744464,0.4936708860759494
M03,sub-M03_ses-20240622T100000_behavior+ecephys.nwb,RSC,1,LtoR,27,53,0.18745122792667462,0.12013898044398952,0.2653773798454203,False,51,42,2.1184993333336024,16.484492050169813,9.634144284303977,0.9444444444444444
M03,sub-M03_ses-20240622T100000_behavior+ecephys.nwb,RSC,1,LtoR,28,55,0.2166686173633161,0.1697354784786162,0.2562650609257313,False,51,42,24.927519863946145,10.603169179986548,9.422198169110986,0.35096153846153844
M03,sub-M03_ses-20240622T100000_behavior+ecephys.nwb,RSC,1,LtoR,29,57,0.2204385998216748,0.18650947338312612,0.2569294958741001,False,51,42,17.824068952380912,8.186270107101317,5.554380162820139,0.6196868008948546
M03,sub-M03_ses-20240622T100000_behavior+ecephys.nwb,RSC,1,LtoR,30,59,0.23748454573382308,0.1837960978602807,0.26720693232674514,False,51,42,16.951554666666198,9.104983186516707,7.2740901692728634,0.5952941176470589
M03,sub-M03_ses-20240622T100000_behavior+ecephys.nwb,RSC,1,LtoR,31,61,0.2858229719140426,0.23159391541333704,0.3173770623483793,False,51,42,29.827501307189777,12.349149284001445,11.823137341294556,0.24230254350736277
M03,sub-M03_ses-20240622T100000_behavior+ecephys.nwb,RSC,1,LtoR,32,63,0.23875043465139068,0.19444008713953656,0.2721093508356183,False,51,42,22.25647860477511,9.348156326667029,6.511877509393189,0.4883303411131059
M03,sub-M03_ses-20240622T100000_behavior+ecephys.nwb,RSC,1,LtoR,33,65,0.15374457544882014,0.11362533656661246,0.18772313497975587,False,51,42,32.87815153741485,8.93748654929934,7.408123959813657,0.33171324422843257
M03,sub-M03_ses-20240622T100000_behavior+ecephys.nwb,RSC,1,LtoR,34,67,0.3357638597737016,0.3025848159536963,0.362208424442406,True,51,42,23.308712666666906,9.959486510199444,9.322393197806154,0.4075342465753425
M03,sub-M03_ses-20240622T100000_behavior+ecephys.nwb,RSC,1,LtoR,35,70,0.19213736486056063,0.15494555495972337,0.22822868188123507,True,51,42,38.94045466666648,7.89280113436361,6.598845425133746,0.2994871794871795
M03,sub-M03_ses-20240622T100000_behavior+ecephys.nwb,RSC,1,LtoR,36,73,0.292467526090485,0.2547049029794312,0.3246218286438783,True,51,42,19.27651224836609,8.5561049097961,7.347839278750175,0.5652173913043478
M03,sub-M03_ses-20240622T100000_behavior+ecephys.nwb,RSC,1,LtoR,37,75,0.3352757501870066,0.3029282030943332,0.36503177166785,True,51,42,35.00540587755131,8.92928760689397,6.476286934399223,0.3523375142531357
M03,sub-M03_ses-20240622T100000_behavior+ecephys.nwb,RSC,1,LtoR,38,77,0.2955534012467541,0.26811453954346626,0.32204510944663334,True,51,42,38.61187244897974,10.722400961806322,10.034278525032894,0.21325051759834368
M03,sub-M03_ses-20240622T100000_behavior+ecephys.nwb,RSC,1,LtoR,39,80,0.277272736978747,0.240748474993054,0.30471885183922715,True,51,42,23.35460476190474,10.273731839257511,9.901539525214325,0.38974358974358975
M03,sub-M03_ses-20240622T100000_behavior+ecephys.nwb,RSC,1,LtoR,40,82,0.18117892210633546,0.14114693183990693,0.21852982847741345,True,51,42,31.771620952380545,10.189086919425732,9.588627109702276,0.2943396226415094
M03,sub-M03_ses-20240622T100000_behavior+ecephys.nwb,RSC,1,LtoR,41,85,0.28137572877306954,0.24522966039157346,0.3082243474941048,True,51,42,114.99163718954333,6.339119174020395,5.470145475825566,0.12934631432545202
M03,sub-M03_ses-20240622T100000_behavior+ecephys.nwb,RSC,1,LtoR,42,87,0.24122970988865983,0.20722175795630288,0.2684930953871628,True,51,42,43.01792800000021,7.073779532262303,6.354026401077302,0.2989786443825441
M03,sub-M03_ses-20240622T100000_behavior+ecephys.nwb,RSC,1,LtoR,43,89,0.333587961548309,0.2883741255572259,0.3703726172433836,True,51,42,46.99034914285676,10.947763277102249,12.185779725135173,0.18027210884353742
M03,sub-M03_ses-20240622T100000_behavior+ecephys.nwb,RSC,1,RtoL,1,2,0.028409884384322757,-0.0036382597662086417,0.06072698728520193,False,51,42,22.229090666666707,8.84044898996535,8.985535902072778,0.3734290843806104
M03,sub-M03_ses-20240622T100000_behavior+ecephys.nwb,RSC,1,RtoL,2,4,0.059217968198163815,0.03010769257963717,0.08998156369586278,False,51,42,26.01331377777842,9.043799241201302,9.195768177388365,0.3548387096774194
M03,sub-M03_ses-20240622T100000_behavior+ecephys.nwb,RSC,1,RtoL,3,6,0.04551718875182413,0.009458672934130212,0.09200847197451899,False,51,42,13.76089809523819,10.668305575224778,10.15486252132266,0.591304347826087
M03,sub-M03_ses-20240622T100000_behavior+ecephys.nwb,RSC,1,RtoL,4,8,0.23329248838028732,0.1911039077714121,0.26155828872296444,False,51,42,20.938411657996767,9.146494437012814,8.768437959092932,0.5019083969465649
M03,sub-M03_ses-20240622T100000_behavior+ecephys.nwb,RSC,1,RtoL,5,10,0.18264939630740712,0.14398889787338928,0.21211183167043188,False,51,42,18.693719647859325,9.159049183513076,8.054156153431544,0.5010660980810234
M03,sub-M03_ses-20240622T100000_behavior+ecephys.nwb,RSC,1,RtoL,6,12,0.12516811437981043,0.08952125299262176,0.15558953434598458,False,51,42,21.668650666666508,7.964523686581368,7.564256765611586,0.5359116022099447
M03,sub-M03_ses-20240622T100000_behavior+ecephys.nwb,RSC,1,RtoL,7,14,0.14365173599193332,0.11425648212870738,0.17397382553773075,False,51,42,18.721420339868928,10.787249389852946,11.027352943105543,0.42857142857142855
M03,sub-M03_ses-20240622T100000_behavior+ecephys.nwb,RSC,1,RtoL,8,16,0.16095842227876916,0.11472679529090989,0.19279041926282126,False,51,42,28.025778666667065,7.5763318356113265,6.367047861565059,0.4287749287749288
M03,sub-M03_ses-20240622T100000_behavior+ecephys.nwb,RSC,1,RtoL,9,18,0.20752722509575114,0.1702340839474182,0.25085220591204666,False,51,42,22.508219333332818,6.925257475145326,5.718181638220647,0.5754884547069272
M03,sub-M03_ses-20240622T100000_behavior+ecephys.nwb,RSC,1,RtoL,10,20,0.21083300305849317,0.17611362329990954,0.23798640208883728,False,51,42,20.798637816993505,8.282750926348783,7.707607049573866,0.5402298850574713
M03,sub-M03_ses-20240622T100000_behavior+ecephys.nwb,RSC,1,RtoL,11,22,0.15944695679612697,0.12916022517936943,0.19287089425083095,False,51,42,20.870559333333404,7.632504749109801,7.853959233199163,0.5678776290630975
M03,sub-M03_ses-20240622T100000_behavior+ecephys.nwb,RSC,1,RtoL,12,24,0.1573793345858972,0.12700020531071166,0.181464939525536,False,51,42,31.801821071895574,7.713567380042742,7.023964991971535,0.3844221105527638
M03,sub-M03_ses-20240622T100000_behavior+ecephys.nwb,RSC,1,RtoL,13,26,0.082531438917337,0.05595135629800937,0.11176553925642474,False,51,42,20.26426993464065,7.4154387967961775,6.964581017762242,0.5866141732283464
M03,sub-M03_ses-20240622T100000_behavior+ecephys.nwb,RSC,1,RtoL,14,28,0.16879798590941625,0.1417666489603816,0.19677029183177797,False,51,42,17.910272000000077,9.115638755967824,8.073397912207916,0.5456570155902004
M03,sub-M03_ses-20240622T100000_behavior+ecephys.nwb,RSC,1,RtoL,15,30,0.23639793054682753,0.21455199914898965,0.26244201768557546,False,51,42,14.864085686273029,10.142257261271507,8.317476955022126,0.6559139784946236
M03,sub-M03_ses-20240622T100000_behavior+ecephys.nwb,RSC,1,RtoL,16,32,0.2421677075304245,0.2106979458841949,0.26314707701654944,False,51,42,19.60544761904748,9.157083920035179,8.30419910961416,0.5213849287169042
M03,sub-M03_ses-20240622T100000_behavior+ecephys.nwb,RSC,1,RtoL,17,34,0.22740866364692647,0.1995472155325163,0.24954145317413112,False,51,42,12.976189411764608,11.245532269450175,10.401143744068797,0.6196319018404908
M03,sub-M03_ses-20240622T100000_behavior+ecephys.nwb,RSC,1,RtoL,18,36,0.23200155111787094,0.20436819135952888,0.256965941805023,False,51,42,22.498418367347767,7.969931757650613,7.261486970660133,0.49645390070921985
M03,sub-M03_ses-20240622T100000_behavior+ecephys.nwb,RSC,1,RtoL,19,38,0.08427828230254547,0.05097541668573703,0.11936287544640782,False,51,42,26.825383333333775,7.515232693805995,6.298869331722726,0.4494047619047619
M03,sub-M03_ses-20240622T100000_behavior+ecephys.nwb,RSC,1,RtoL,20,40,0.1795841490750152,0.13940921915256593,0.2112256707654156,False,51,42,15.489282967319923,11.158195236428977,10.632677293015156,0.5424164524421594
M03,sub-M03_ses-20240622T100000_behavior+ecephys.nwb,RSC,1,RtoL,21,42,0.18693115999914453,0.14242160555503358,0.2204967692994572,False,51,42,38.948805307189104,7.388501579159435,6.299562881400199,0.3712820512820513
M03,sub-M03_ses-20240622T100000_behavior+ecephys.nwb,RSC,1,RtoL,22,44,0.2868594301626669,0.252741474877609,0.31414513744604633,False,51,42,22.95165775163423,8.060976937525549,7.207478823352745,0.5234782608695652
M03,sub-M03_ses-20240622T100000_behavior+ecephys.nwb,RSC,1,RtoL,23,46,0.26779977053218956,0.2471989641448401,0.2886528719634039,False,51,42,27.273399294116643,8.727873794783514,8.168858145784704,0.48462664714494874
M03,sub-M03_ses-20240622T100000_behavior+ecephys.nwb,RSC,1,RtoL,24,48,0.2551170620879304,0.21409527991981367,0.2875237980301014,False,51,42,28.41077314285667,7.871517846586833,6.682910427438257,0.42334739803094235
M03,sub-M03_ses-20240622T100000_behavior+ecephys.nwb,RSC,1,RtoL,25,50,0.24616477431891637,0.21067988450273095,0.27223685852473095,False,51,42,28.387229516340085,9.779650907546266,8.61406660939674,0.34739803094233473
M03,sub-M03_ses-20240622T100000_behavior+ecephys.nwb,RSC,1,RtoL,26,52,0.4315583395229499,0.3779241362568384,0.4937353557229979,False,51,42,16.19181533333267,7.353981839045798,6.150922890207163,0.11358024691358025
M03,sub-M03_ses-20240622T100000_behavior+ecephys.nwb,RSC,1,RtoL,27,54,0.15823171598769087,0.1341798674060809,0.18267071783604344,False,51,42,10.974240136054505,16.77028192613148,18.01269037797641,0.8260869565217391
M03,sub-M03_ses-20240622T100000_behavior+ecephys.nwb,RSC,1,RtoL,28,56,0.14433518834896575,0.11490211307025518,0.1674472757437496,False,51,42,21.909285333333173,6.485534866185689,5.654675911853875,0.6551094890510949
M03,sub-M03_ses-20240622T100000_behavior+ecephys.nwb,RSC,1,RtoL,29,58,0.27601219048443293,0.24964413473801847,0.3022865550200994,False,51,42,29.47177638095218,7.211901750838752,5.823684803740306,0.45663956639566394
M03,sub-M03_ses-20240622T100000_behavior+ecephys.nwb,RSC,1,RtoL,30,60,0.1492450024722028,0.10803777862575266,0.18474931034263037,False,51,42,21.711706954249166,8.223103050354725,7.075449501359156,0.5900735294117647
M03,sub-M03_ses-20240622T100000_behavior+ecephys.nwb,RSC,1,RtoL,31,62,0.20862667094179077,0.17618792494780539,0.25084111892190847,False,51,42,44.45525865012587,6.552649993995232,5.5157498496248785,0.2823741007194245
M03,sub-M03_ses-20240622T100000_behavior+ecephys.nwb,RSC,1,RtoL,32,64,0.29279659821930404,0.24860257114924184,0.3201070978446286,False,51,42,29.39310115032731,8.306702919722417,7.152218451159023,0.39266304347826086
M03,sub-M03_ses-20240622T100000_behavior+ecephys.nwb,RSC,1,RtoL,33,66,0.299381540065776,0.273835135331955,0.3234804997501638,False,51,42,30.689661795918255,7.920718246010506,7.270167418394168,0.4140625
M03,sub-M03_ses-20240622T100000_behavior+ecephys.nwb,RSC,1,RtoL,34,68,0.28259100149305344,0.2485240847691526,0.30885728745071966,False,51,42,20.029835333332812,7.399089602702581,6.307340396958274,0.6673306772908366
M03,sub-M03_ses-20240622T100000_behavior+ecephys.nwb,RSC,1,RtoL,35,69,0.32892194410689235,0.29589459180035416,0.35683224985698364,False,51,42,65.00665466666669,6.660025677658359,5.959319870607898,0.24661746617466174
M03,sub-M03_ses-20240622T100000_behavior+ecephys.nwb,RSC,1,RtoL,36,71,0.2814751875307602,0.2585666497419348,0.30686693539874293,False,51,42,22.90155647058782,9.300321124446192,8.343004260235286,0.4363001745200698
M03,sub-M03_ses-20240622T100000_behavior+ecephys.nwb,RSC,1,RtoL,37,72,0.2540014714926918,0.2000624523793646,0.28721819386519853,True,51,42,62.16303451700696,5.940765795673891,5.979908294344002,0.26302250803858523
M03,sub-M03_ses-20240622T100000_behavior+ecephys.nwb,RSC,1,RtoL,38,74,0.3903404997605099,0.3560362024052559,0.4159141478366308,True,51,42,27.07698520741542,7.959862425337769,7.8185817475502715,0.4401772525849335
M03,sub-M03_ses-20240622T100000_behavior+ecephys.nwb,RSC,1,RtoL,39,76,0.364227224223147,0.33187032329026495,0.38629189294720034,True,51,42,24.515832217687603,7.152242612370245,6.741793418268,0.5325732899022801
M03,sub-M03_ses-20240622T100000_behavior+ecephys.nwb,RSC,1,RtoL,40,78,0.3390652873991919,0.31441993634078835,0.36445655202268196,True,51,42,35.98269999999957,7.779233049357096,7.328273593591156,0.32666666666666666
M03,sub-M03_ses-20240622T100000_behavior+ecephys.nwb,RSC,1,RtoL,41,79,0.24231167366339657,0.21237480277636528,0.26603258152801473,True,51,42,31.144346666666934,7.533605038035998,7.436653907010523,0.39871794871794874
M03,sub-M03_ses-20240622T100000_behavior+ecephys.nwb,RSC,1,RtoL,42,81,0.26613819504590486,0.23895776678993202,0.29818158667264355,True,51,42,33.215455238095274,8.305871902322467,8.049811432549255,0.3561973525872443
M03,sub-M03_ses-20240622T100000_behavior+ecephys.nwb,RSC,1,RtoL,43,83,0.3168245329816259,0.26640199625286026,0.3443070644116382,True,51,42,34.751778524742804,6.7150593543756205,7.016722899630287,0.3781609195402299
M03,sub-M03_ses-20240622T100000_behavior+ecephys.nwb,RSC,1,RtoL,44,84,0.3107771222860516,0.2750047401961991,0.33917923481044815,True,51,42,79.6795313333323,5.990273513840871,5.260833643554489,0.17611640742599097
M03,sub-M03_ses-20240622T100000_behavior+ecephys.nwb,RSC,1,RtoL,45,86,0.25570475783278357,0.22822021576779503,0.28620850457402197,True,51,42,96.5807694771238,7.1321471275524475,6.482314153473107,0.1308488612836439
M03,sub-M03_ses-20240622T100000_behavior+ecephys.nwb,RSC,1,RtoL,46,88,0.22950761185333765,0.17955576485039101,0.2824410136275703,True,51,42,38.50007000000005,5.657111314021333,5.481159987930175,0.43406022845275183
M03,sub-M03_ses-20240623T100000_behavior+ecephys.nwb,CA1,1,LtoR,1,1,0.13839860930543696,0.047437318636166965,0.223478843166066,False,133,51,32.895061333332706,9.144756596500827,8.348839812646903,0.5238095238095238
M03,sub-M03_ses-20240623T100000_behavior+ecephys.nwb,CA1,1,LtoR,2,3,0.08468991345452898,0.0022906534626811648,0.16215661584990093,False,133,51,26.263593238094472,12.72175081714087,15.36596680955972,0.2907153729071537
M03,sub-M03_ses-20240623T100000_behavior+ecephys.nwb,CA1,1,LtoR,3,5,0.0728136903905259,-0.020756110240216147,0.18605572887305205,False,133,51,17.602857714285165,13.07759420909201,11.423259997238478,0.47619047619047616
M03,sub-M03_ses-20240623T100000_behavior+ecephys.nwb,CA1,1,LtoR,4,7,0.17420883987115632,0.07639285664851862,0.25404081706315146,False,133,51,28.870987398692705,13.271080684374793,13.875027646630791,0.2669432918395574
M03,sub-M03_ses-20240623T100000_behavior+ecephys.nwb,CA1,1,LtoR,5,9,-0.01069670652700688,-0.0916315579905478,0.07598748466146323,False,133,51,21.148504666667577,10.03761814204028,8.659876167759638,0.530188679245283
M03,sub-M03_ses-20240623T100000_behavior+ecephys.nwb,CA1,1,LtoR,6,11,0.10355313653514056,0.009636540687793616,0.2238026717727974,False,133,51,35.68614927891031,10.244272931772334,8.329727954999784,0.2986577181208054
M03,sub-M03_ses-20240623T100000_behavior+ecephys.nwb,CA1,1,LtoR,7,13,0.006312133744181017,-0.10017051011823891,0.11673418361871209,False,133,51,18.471218666666573,9.75584810532995,9.09278999538956,0.5637149028077754
M03,sub-M03_ses-20240623T100000_behavior+ecephys.nwb,CA1,1,LtoR,8,15,0.1185381416673893,0.031719265796236414,0.21946636642240422,False,133,51,22.987817999999606,12.51678191409689,10.06429764514767,0.3993055555555556
M03,sub-M03_ses-20240623T100000_behavior+ecephys.nwb,CA1,1,LtoR,9,17,0.1453489600794325,0.044813657094207905,0.2682135296506409,False,133,51,27.490074745098354,11.0025522875038,10.03927419089402,0.35174418604651164
M03,sub-M03_ses-20240623T100000_behavior+ecephys.nwb,CA1,1,LtoR,10,19,0.09073712870439994,-0.010291029674864529,0.1886289216798202,False,133,51,18.529535816993302,11.42435250881746,6.948434636060007,0.5301724137931034
M03,sub-M03_ses-20240623T100000_behavior+ecephys.nwb,CA1,1,LtoR,11,21,0.12839145452596218,0.03348375559022667,0.250904905319512,False,133,51,17.431482666666852,10.981946131027449,7.3845064400222284,0.5412844036697247
M03,sub-M03_ses-20240623T100000_behavior+ecephys.nwb,CA1,1,LtoR,12,23,0.14873370532769636,0.072406323006621,0.2421516293704489,False,133,51,20.029864625850678,13.30739335517199,10.86604892304028,0.39641434262948205
M03,sub-M03_ses-20240623T100000_behavior+ecephys.nwb,CA1,1,LtoR,13,25,0.14806370669605434,0.05706017201168115,0.24243014819567557,False,133,51,20.316119047619395,11.528453962575695,8.75666062206577,0.4793713163064833
M03,sub-M03_ses-20240623T100000_behavior+ecephys.nwb,CA1,1,LtoR,14,27,0.21804194717779155,0.10445475915038692,0.33290575034964137,False,133,51,44.64774659863906,11.523963916195944,8.637146800902082,0.21594982078853048
M03,sub-M03_ses-20240623T100000_behavior+ecephys.nwb,CA1,1,LtoR,15,29,0.07485634203948338,-0.015777162958884587,0.17819339942368537,False,133,51,21.154298439375452,10.37746914629227,8.88175372606114,0.45849056603773586
M03,sub-M03_ses-20240623T100000_behavior+ecephys.nwb,CA1,1,LtoR,16,31,0.13105715950432278,0.026900730615166756,0.23684369231364003,False,133,51,15.39144266666699,14.298169659715805,11.650187831954387,0.45077720207253885
M03,sub-M03_ses-20240623T100000_behavior+ecephys.nwb,CA1,1,LtoR,17,33,0.08162647337914991,-0.025464221396325676,0.19990810535173947,False,133,51,15.90404841830059,15.542501423230375,14.108473400984794,0.39598997493734334
M03,sub-M03_ses-20240623T100000_behavior+ecephys.nwb,CA1,1,LtoR,18,35,0.15513858991928053,0.07037092024712538,0.27593763347885747,False,133,51,15.991852666666091,13.753582614481488,14.799959977444013,0.4937655860349127
M03,sub-M03_ses-20240623T100000_behavior+ecephys.nwb,CA1,1,LtoR,19,37,0.19804865334911048,0.10255161013159847,0.3016048888988326,False,133,51,23.01579395918361,13.872698066831656,13.975157630151074,0.3420138888888889
M03,sub-M03_ses-20240623T100000_behavior+ecephys.nwb,CA1,1,LtoR,20,39,0.19506784325224602,0.08620531289847559,0.29856722110687667,False,133,51,22.420995551019587,11.133743617808074,7.685468937673816,0.45098039215686275
M03,sub-M03_ses-20240623T100000_behavior+ecephys.nwb,CA1,1,LtoR,21,41,0.2029211839383066,0.1120763855443774,0.28352799326888806,False,133,51,22.524478435374476,13.438857221839246,11.644223717804456,0.3752212389380531
M03,sub-M03_ses-20240623T100000_behavior+ecephys.nwb,CA1,1,LtoR,22,43,0.23109762619966512,0.12638887520490552,0.32784572138062446,False,133,51,31.477199111111076,7.237131315443223,5.899726462883111,0.5038071065989848
M03,sub-M03_ses-20240623T100000_behavior+ecephys.nwb,CA1,1,LtoR,23,45,0.17672381074734186,0.05779953877349347,0.29823647083781496,False,133,51,22.10823000000073,12.004355461316718,8.137481365457525,0.4151624548736462
M03,sub-M03_ses-20240623T100000_behavior+ecephys.nwb,CA1,1,LtoR,24,47,0.1971057838149614,0.10022634286534719,0.2773334400492149,False,133,51,23.36052679738532,10.913579825968297,6.794933148458552,0.476027397260274
M03,sub-M03_ses-20240623T100000_behavior+ecephys.nwb,CA1,1,LtoR,25,49,0.2202179960311404,0.12549250918274946,0.29045169812517446,False,133,51,24.30589095238065,10.310336046546716,7.715182438463934,0.5180921052631579
M03,sub-M03_ses-20240623T100000_behavior+ecephys.nwb,CA1,1,LtoR,26,51,0.17871115175167235,0.07977583874621094,0.3500619265943948,False,133,51,70.70838127891147,9.609997588884736,7.15328480927565,0.17524024872809496
M03,sub-M03_ses-20240623T100000_behavior+ecephys.nwb,CA1,1,LtoR,27,53,0.22123789732816204,0.11480997263204878,0.31745185511304846,False,133,51,37.86074000000008,10.620922178500958,7.972790321883025,0.24156118143459915
M03,sub-M03_ses-20240623T100000_behavior+ecephys.nwb,CA1,1,LtoR,28,55,0.23992764761846697,0.1345068516380391,0.3722876375620657,False,133,51,64.92684000000008,8.854723822568149,7.378721175809008,0.18411330049261085
M03,sub-M03_ses-20240623T100000_behavior+ecephys.nwb,CA1,1,LtoR,29,57,0.22749480920475804,0.128785818625178,0.3304495432625958,False,133,51,24.308565333333718,12.680438284240788,10.411709554707205,0.3579638752052545
M03,sub-M03_ses-20240623T100000_behavior+ecephys.nwb,CA1,1,LtoR,30,59,0.15344473988017426,0.05234195454101638,0.24619793782344343,False,133,51,27.51515098039272,11.185379635005285,9.45649998539372,0.3788098693759071
M03,sub-M03_ses-20240623T100000_behavior+ecephys.nwb,CA1,1,LtoR,31,61,0.2794971776549934,0.18220541667997958,0.37693236131062124,False,133,51,32.547535972788864,14.301531027998525,7.04055840957779,0.24662576687116564
M03,sub-M03_ses-20240623T100000_behavior+ecephys.nwb,CA1,1,LtoR,32,63,0.1739656550198131,0.10567852845464121,0.24532279123083217,False,133,51,26.148677516340285,9.01352545389753,7.203747571695642,0.4183206106870229
M03,sub-M03_ses-20240623T100000_behavior+ecephys.nwb,CA1,1,LtoR,33,65,0.2670719053207078,0.19109011191998232,0.3541745945803087,True,133,51,34.48093502040774,11.505575017754751,9.78068713350645,0.2824074074074074
M03,sub-M03_ses-20240623T100000_behavior+ecephys.nwb,CA1,1,LtoR,34,67,0.23601457924717556,0.1451375510649478,0.3759754913155586,True,133,51,23.147057333333578,10.884361080275733,11.242835266376298,0.4214162348877375
M03,sub-M03_ses-20240623T100000_behavior+ecephys.nwb,CA1,1,LtoR,35,69,0.26543223577264397,0.1506962789804202,0.37920897191761094,True,133,51,27.877560235294368,11.92960674192358,10.7426465692267,0.31805157593123207
M03,sub-M03_ses-20240623T100000_behavior+ecephys.nwb,CA1,1,LtoR,36,71,0.340052195812374,0.2526530468872025,0.4392764510088295,True,133,51,81.03872866666643,7.102065254495907,5.458083365691803,0.20769610261470153
M03,sub-M03_ses-20240623T100000_behavior+ecephys.nwb,CA1,1,LtoR,37,73,0.3413812817110125,0.2434626238988867,0.4273855813267718,True,133,51,81.99829066666734,7.586231077820913,5.725103463414232,0.23842028278888347
M03,sub-M03_ses-20240623T100000_behavior+ecephys.nwb,CA1,1,LtoR,38,75,0.31443701132510604,0.2014237577526746,0.39320256702791867,True,133,51,54.09244133333323,9.74101073424667,7.078972526906614,0.24224519940915806
M03,sub-M03_ses-20240623T100000_behavior+ecephys.nwb,CA1,1,LtoR,39,77,0.32386005247283756,0.23485374607514442,0.3954596160756603,True,133,51,52.3730333333333,8.084744244390185,5.729681487549014,0.250381679389313
M03,sub-M03_ses-20240623T100000_behavior+ecephys.nwb,CA1,1,LtoR,40,79,0.26869079712117416,0.1988588875719083,0.35868315500133047,True,133,51,92.2729564052288,6.289761225076469,4.874280818854094,0.34863577306193155
M03,sub-M03_ses-20240623T100000_behavior+ecephys.nwb,CA1,1,LtoR,41,81,0.30418740579567227,0.21108543918701547,0.40763739269507177,True,133,51,38.37928000000011,9.084460588159825,7.477036373727003,0.35
M03,sub-M03_ses-20240623T100000_behavior+ecephys.nwb,CA1,1,LtoR,42,83,0.3041848336354829,0.21127408275915788,0.40772818309744213,True,133,51,75.65494047618995,7.025333625197114,5.433505816916858,0.3539355520338088
M03,sub-M03_ses-20240623T100000_behavior+ecephys.nwb,CA1,1,RtoL,1,2,0.06542224822788062,-0.018353792495031333,0.16041502364720037,False,133,51,13.55504342857239,13.654380486459345,14.579407035352682,0.5911764705882353
M03,sub-M03_ses-20240623T100000_behavior+ecephys.nwb,CA1,1,RtoL,2,4,0.07824928132334932,-0.010279198247847284,0.16315719791347194,False,133,51,16.5916633333336,12.583519425142718,11.429742372877392,0.53125
M03,sub-M03_ses-20240623T100000_behavior+ecephys.nwb,CA1,1,RtoL,3,6,0.16726492728905218,0.04200145786523267,0.2802190720548125,False,133,51,14.260856952380891,14.861191261807775,14.409207621978979,0.5251396648044693
M03,sub-M03_ses-20240623T100000_behavior+ecephys.nwb,CA1,1,RtoL,4,8,0.13097927652555658,0.03129767808438977,0.23542785682156875,False,133,51,15.106598601307269,13.820972103204946,12.287482896719247,0.5185185185185185
M03,sub-M03_ses-20240623T100000_behavior+ecephys.nwb,CA1,1,RtoL,5,10,0.07196338576126661,-0.03344230279777868,0.1957446452085365,False,133,51,13.472781333333842,12.577911325094092,10.13208190853004,0.6083086053412463
M03,sub-M03_ses-20240623T100000_behavior+ecephys.nwb,CA1,1,RtoL,6,12,0.12090171125687348,2.160369386066809e-05,0.27843290825392364,False,133,51,13.128917387755791,12.94259839000853,12.421527077062619,0.6109422492401215
M03,sub-M03_ses-20240623T100000_behavior+ecephys.nwb,CA1,1,RtoL,7,14,0.1462388054987306,0.025592045099783724,0.2961323053285235,False,133,51,18.71040133333281,11.38551986789575,7.3790968853311885,0.5170940170940171
M03,sub-M03_ses-20240623T100000_behavior+ecephys.nwb,CA1,1,RtoL,8,16,0.14170904247610522,0.06016294527510142,0.2263994650498872,False,133,51,20.78893533333394,7.745973124277424,7.0247720959406434,0.6871401151631478
M03,sub-M03_ses-20240623T100000_behavior+ecephys.nwb,CA1,1,RtoL,9,18,0.08374601346364893,-0.007582694762346638,0.17427015788306677,False,133,51,16.148194771241833,14.10594926547271,14.578535995732468,0.47160493827160493
M03,sub-M03_ses-20240623T100000_behavior+ecephys.nwb,CA1,1,RtoL,10,20,0.07809432731967533,0.007381439853964567,0.1595155915450484,False,133,51,16.591474666666727,13.24852414740391,13.836872714966333,0.49278846153846156
M03,sub-M03_ses-20240623T100000_behavior+ecephys.nwb,CA1,1,RtoL,11,22,0.14658883956196256,0.04326230885260005,0.2475061116130187,False,133,51,17.941567700680025,11.02590717455415,10.130036650747238,0.5555555555555556
M03,sub-M03_ses-20240623T100000_behavior+ecephys.nwb,CA1,1,RtoL,12,24,0.17564345495381417,0.08326905113140762,0.27805095482237363,False,133,51,16.073412244897554,12.166145595448182,11.62193235096462,0.5696517412935324
M03,sub-M03_ses-20240623T100000_behavior+ecephys.nwb,CA1,1,RtoL,13,26,0.19347775624597296,0.08813941026695128,0.30240866379983644,False,133,51,18.87106904761913,13.486567133951317,11.2516770542188,0.4219409282700422
M03,sub-M03_ses-20240623T100000_behavior+ecephys.nwb,CA1,1,RtoL,14,28,0.12560149401335244,-0.007502674506536436,0.2469700989641098,False,133,51,22.007248499399793,12.278776079758766,9.701790422631934,0.3804347826086957
M03,sub-M03_ses-20240623T100000_behavior+ecephys.nwb,CA1,1,RtoL,15,30,0.18648285902701706,0.06255224333697192,0.30473706005872464,False,133,51,15.058891129251606,11.118713086087576,9.864969640201155,0.6286472148541115
M03,sub-M03_ses-20240623T100000_behavior+ecephys.nwb,CA1,1,RtoL,16,32,0.14555190285033562,0.025110077895558983,0.2604024122609633,False,133,51,12.441176915032884,14.596075397271816,11.802711947249469,0.5737179487179487
M03,sub-M03_ses-20240623T100000_behavior+ecephys.nwb,CA1,1,RtoL,17,34,0.16380382302200158,0.051109711249517235,0.2534833541795626,False,133,51,13.632894000000306,15.026878155498668,13.67555952422608,0.5542521994134897
M03,sub-M03_ses-20240623T100000_behavior+ecephys.nwb,CA1,1,RtoL,18,36,0.13027925013799957,0.02067159604751806,0.23724926487833725,False,133,51,13.193154666666487,14.982597781953874,13.622637423322693,0.5498489425981873
M03,sub-M03_ses-20240623T100000_behavior+ecephys.nwb,CA1,1,RtoL,19,38,0.17674818176927581,0.06320628948300915,0.2991605405791832,False,133,51,22.927491156463475,14.53788708107937,15.578018891139772,0.3217391304347826
M03,sub-M03_ses-20240623T100000_behavior+ecephys.nwb,CA1,1,RtoL,20,40,0.2094814351934845,0.09863009630695194,0.3155382717392079,False,133,51,14.497926897959587,15.162994573845223,15.580407385024849,0.4903581267217631
M03,sub-M03_ses-20240623T100000_behavior+ecephys.nwb,CA1,1,RtoL,21,42,0.2324852112726466,0.15510050756390423,0.308283045383812,False,133,51,22.853765555555583,8.910879391560233,6.878558295807019,0.5174825174825175
M03,sub-M03_ses-20240623T100000_behavior+ecephys.nwb,CA1,1,RtoL,22,44,0.24906347858704797,0.13383421476270757,0.33834653391756014,False,133,51,14.113168666665842,13.733085983585351,13.303389320157372,0.5269121813031161
M03,sub-M03_ses-20240623T100000_behavior+ecephys.nwb,CA1,1,RtoL,23,46,0.2175573496722511,0.08467243768205433,0.3431922208222362,False,133,51,12.770350588234578,13.19210648366242,10.242755684826069,0.6292834890965732
M03,sub-M03_ses-20240623T100000_behavior+ecephys.nwb,CA1,1,RtoL,24,48,0.1711300149655979,0.08163607746408787,0.26727815131099375,False,133,51,21.481188328665667,9.27596102804866,7.078282291527957,0.588126159554731
M03,sub-M03_ses-20240623T100000_behavior+ecephys.nwb,CA1,1,RtoL,25,50,0.24644189166687075,0.1298875864535163,0.3481398223580237,False,133,51,10.074405999999726,15.85072236632262,16.489244927272104,0.6679841897233202
M03,sub-M03_ses-20240623T100000_behavior+ecephys.nwb,CA1,1,RtoL,26,52,0.1576598840304757,0.030490219644585623,0.25623985695059864,False,133,51,13.808736054422297,12.871781356793509,14.425396137471056,0.6098265895953757
M03,sub-M03_ses-20240623T100000_behavior+ecephys.nwb,CA1,1,RtoL,27,54,0.25612209376724526,0.14562894459206138,0.3557648972923964,False,133,51,16.35159666666641,11.29328174869913,8.429038579136872,0.5623471882640587
M03,sub-M03_ses-20240623T100000_behavior+ecephys.nwb,CA1,1,RtoL,28,56,0.24036533180389388,0.11027374219408152,0.35410045653682715,False,133,51,22.587736666666387,10.152883757177495,8.674204089088898,0.49646643109540634
M03,sub-M03_ses-20240623T100000_behavior+ecephys.nwb,CA1,1,RtoL,29,58,0.23306455680172775,0.12000153221455366,0.32735976860301697,False,133,51,11.618645516339711,15.114595623682382,14.761076018617915,0.5807560137457045
M03,sub-M03_ses-20240623T100000_behavior+ecephys.nwb,CA1,1,RtoL,30,60,0.2024875668922551,0.09911585213149343,0.29012916119529175,False,133,51,13.51419286381224,11.218558325372813,10.331260522206815,0.672566371681416
M03,sub-M03_ses-20240623T100000_behavior+ecephys.nwb,CA1,1,RtoL,31,62,0.28995091290484065,0.15967900922926567,0.37381559433109646,False,133,51,15.392142666666587,12.765782268637679,10.814910895332407,0.5129533678756477
M03,sub-M03_ses-20240623T100000_behavior+ecephys.nwb,CA1,1,RtoL,32,64,0.2739037070914951,0.1776124901111589,0.3553114864131757,False,133,51,25.126124796584918,9.316716849225365,7.805047683271592,0.4745222929936306
M03,sub-M03_ses-20240623T100000_behavior+ecephys.nwb,CA1,1,RtoL,33,66,0.3352860162583142,0.21411532961896446,0.4294921373180583,True,133,51,23.268992000000253,9.433698754348516,8.145795757404878,0.5446735395189003
M03,sub-M03_ses-20240623T100000_behavior+ecephys.nwb,CA1,1,RtoL,34,68,0.333587400296121,0.21634965750199125,0.42796310380795666,True,133,51,17.511427999999796,11.737207155175442,9.15725979878924,0.5136363636363637
M03,sub-M03_ses-20240623T100000_behavior+ecephys.nwb,CA1,1,RtoL,35,70,0.36169766442050744,0.23052068972269607,0.438872546420998,True,133,51,13.940958431372565,12.485809846989305,10.343652100656975,0.6045845272206304
M03,sub-M03_ses-20240623T100000_behavior+ecephys.nwb,CA1,1,RtoL,36,72,0.3855186466672892,0.267321173900809,0.48048826338061845,True,133,51,20.549157999999807,11.213618699466732,10.151312580404241,0.458252427184466
M03,sub-M03_ses-20240623T100000_behavior+ecephys.nwb,CA1,1,RtoL,37,74,0.41719588179077727,0.2937917547259374,0.5124999005632465,True,133,51,15.951875999999174,12.408912916533124,12.063349811541283,0.5213032581453634
M03,sub-M03_ses-20240623T100000_behavior+ecephys.nwb,CA1,1,RtoL,38,76,0.4486771856769144,0.3513505995031083,0.5227423573179387,True,133,51,16.07180533333394,12.262298459143834,12.293959740887395,0.6104218362282878
M03,sub-M03_ses-20240623T100000_behavior+ecephys.nwb,CA1,1,RtoL,39,78,0.4443178833564724,0.3373818325214243,0.5238341436754052,True,133,51,24.42687359477077,12.696058351858298,12.140069911090542,0.33878887070376434
M03,sub-M03_ses-20240623T100000_behavior+ecephys.nwb,CA1,1,RtoL,40,80,0.13734822344297265,0.04436884907306281,0.23625903385313923,True,133,51,35.022926666666535,7.029165557687445,6.330375434962058,0.5102739726027398
M03,sub-M03_ses-20240623T100000_behavior+ecephys.nwb,CA1,1,RtoL,41,82,0.37256681197888775,0.2641526976727446,0.45289879808049577,True,133,51,23.18880000000081,9.426888287374258,9.565040486013453,0.5352839931153184
M03,sub-M03_ses-20240623T100000_behavior+ecephys.nwb,CA1,1,RtoL,42,84,0.27811553942816286,0.16718355565508147,0.37406067329183423,True,133,51,32.049806190476374,9.94253679689206,8.851037515764716,0.3802992518703242
M03,sub-M03_ses-20240623T100000_behavior+ecephys.nwb,CA3,1,LtoR,1,1,0.1436720502856315,0.14367205028563132,0.1436720502856316,False,51,51,32.895061333332706,9.144756596500827,8.348839812646903,0.5238095238095238
M03,sub-M03_ses-20240623T100000_behavior+ecephys.nwb,CA3,1,LtoR,2,3,0.19604299002216088,0.19604299002216077,0.19604299002216105,False,51,51,26.263593238094472,12.72175081714087,15.36596680955972,0.2907153729071537
M03,sub-M03_ses-20240623T100000_behavior+ecephys.nwb,CA3,1,LtoR,3,5,0.1472365744914339,0.14723657449143374,0.14723657449143404,False,51,51,17.602857714285165,13.07759420909201,11.423259997238478,0.47619047619047616
M03,sub-M03_ses-20240623T100000_behavior+ecephys.nwb,CA3,1,LtoR,4,7,0.2060033888280637,0.20600338882806357,0.20600338882806393,False,51,51,28.870987398692705,13.271080684374793,13.875027646630791,0.2669432918395574
M03,sub-M03_ses-20240623T100000_behavior+ecephys.nwb,CA3,1,LtoR,5,9,0.13354777701187667,0.1335477770118766,0.13354777701187678,False,51,51,21.148504666667577,10.03761814204028,8.659876167759638,0.530188679245283
M03,sub-M03_ses-20240623T100000_behavior+ecephys.nwb,CA3,1,LtoR,6,11,0.196267487739156,0.19626748773915587,0.19626748773915628,False,51,51,35.68614927891031,10.244272931772334,8.329727954999784,0.2986577181208054
M03,sub-M03_ses-20240623T100000_behavior+ecephys.nwb,CA3,1,LtoR,7,13,0.18510732190428933,0.18510732190428916,0.18510732190428952,False,51,51,18.471218666666573,9.75584810532995,9.09278999538956,0.5637149028077754
M03,sub-M03_ses-20240623T100000_behavior+ecephys.nwb,CA3,1,LtoR,8,15,0.24100485906845456,0.2410048590684544,0.24100485906845473,False,51,51,22.987817999999606,12.51678191409689,10.06429764514767,0.3993055555555556
M03,sub-M03_ses-20240623T100000_behavior+ecephys.nwb,CA3,1,LtoR,9,17,0.2711659529896889,0.2711659529896886,0.27116595298968904,False,51,51,27.490074745098354,11.0025522875038,10.03927419089402,0.35174418604651164
M03,sub-M03_ses-20240623T100000_behavior+ecephys.nwb,CA3,1,LtoR,10,19,0.262079921259281,0.2620799212592808,0.2620799212592812,False,51,51,18.529535816993302,11.42435250881746,6.948434636060007,0.5301724137931034
M03,sub-M03_ses-20240623T100000_behavior+ecephys.nwb,CA3,1,LtoR,11,21,0.21679885938634477,0.21679885938634458,0.21679885938634494,False,51,51,17.431482666666852,10.981946131027449,7.3845064400222284,0.5412844036697247
M03,sub-M03_ses-20240623T100000_behavior+ecephys.nwb,CA3,1,LtoR,12,23,0.19112080690246294,0.1911208069024628,0.19112080690246305,False,51,51,20.029864625850678,13.30739335517199,10.86604892304028,0.39641434262948205
M03,sub-M03_ses-20240623T100000_behavior+ecephys.nwb,CA3,1,LtoR,13,25,0.28720562866657157,0.2872056286665713,0.28720562866657184,False,51,51,20.316119047619395,11.528453962575695,8.75666062206577,0.4793713163064833
M03,sub-M03_ses-20240623T100000_behavior+ecephys.nwb,CA3,1,LtoR,14,27,0.3064355903799108,0.30643559037991025,0.3064355903799112,False,51,51,44.64774659863906,11.523963916195944,8.637146800902082,0.21594982078853048
M03,sub-M03_ses-20240623T100000_behavior+ecephys.nwb,CA3,1,LtoR,15,29,0.19707945220239315,0.197079452202393,0.19707945220239337,False,51,51,21.154298439375452,10.37746914629227,8.88175372606114,0.45849056603773586
M03,sub-M03_ses-20240623T100000_behavior+ecephys.nwb,CA3,1,LtoR,16,31,0.2641452403997359,0.2641452403997357,0.2641452403997361,False,51,51,15.39144266666699,14.298169659715805,11.650187831954387,0.45077720207253885
M03,sub-M03_ses-20240623T100000_behavior+ecephys.nwb,CA3,1,LtoR,17,33,0.24486590176942064,0.24486590176942052,0.2448659017694208,False,51,51,15.90404841830059,15.542501423230375,14.108473400984794,0.39598997493734334
M03,sub-M03_ses-20240623T100000_behavior+ecephys.nwb,CA3,1,LtoR,18,35,0.34987541422936247,0.34987541422936225,0.34987541422936275,False,51,51,15.991852666666091,13.753582614481488,14.799959977444013,0.4937655860349127
M03,sub-M03_ses-20240623T100000_behavior+ecephys.nwb,CA3,1,LtoR,19,37,0.2795894498969734,0.27958944989697276,0.27958944989697354,False,51,51,23.01579395918361,13.872698066831656,13.975157630151074,0.3420138888888889
M03,sub-M03_ses-20240623T100000_behavior+ecephys.nwb,CA3,1,LtoR,20,39,0.3510631917194133,0.35106319171941297,0.3510631917194135,False,51,51,22.420995551019587,11.133743617808074,7.685468937673816,0.45098039215686275
M03,sub-M03_ses-20240623T100000_behavior+ecephys.nwb,CA3,1,LtoR,21,41,0.3526744473033275,0.3526744473033271,0.3526744473033278,False,51,51,22.524478435374476,13.438857221839246,11.644223717804456,0.3752212389380531
M03,sub-M03_ses-20240623T100000_behavior+ecephys.nwb,CA3,1,LtoR,22,43,0.31525029705678137,0.3152502970567811,0.31525029705678176,False,51,51,31.477199111111076,7.237131315443223,5.899726462883111,0.5038071065989848
M03,sub-M03_ses-20240623T100000_behavior+ecephys.nwb,CA3,1,LtoR,23,45,0.23964318870408577,0.23964318870408563,0.2396431887040859,False,51,51,22.10823000000073,12.004355461316718,8.137481365457525,0.4151624548736462
M03,sub-M03_ses-20240623T100000_behavior+ecephys.nwb,CA3,1,LtoR,24,47,0.29510297482600034,0.29510297482600006,0.2951029748260005,False,51,51,23.36052679738532,10.913579825968297,6.794933148458552,0.476027397260274
M03,sub-M03_ses-20240623T100000_behavior+ecephys.nwb,CA3,1,LtoR,25,49,0.3203606265979774,0.32036062659797715,0.3203606265979778,False,51,51,24.30589095238065,10.310336046546716,7.715182438463934,0.5180921052631579
M03,sub-M03_ses-20240623T100000_behavior+ecephys.nwb,CA3,1,LtoR,26,51,0.2382247153668508,0.23822471536685072,0.23822471536685094,False,51,51,70.70838127891147,9.609997588884736,7.15328480927565,0.17524024872809496
M03,sub-M03_ses-20240623T100000_behavior+ecephys.nwb,CA3,1,LtoR,27,53,0.29352678625497747,0.2935267862549771,0.29352678625497763,False,51,51,37.86074000000008,10.620922178500958,7.972790321883025,0.24156118143459915
M03,sub-M03_ses-20240623T100000_behavior+ecephys.nwb,CA3,1,LtoR,28,55,0.3684813986683926,0.36848139866839236,0.3684813986683928,False,51,51,64.92684000000008,8.854723822568149,7.378721175809008,0.18411330049261085
M03,sub-M03_ses-20240623T100000_behavior+ecephys.nwb,CA3,1,LtoR,29,57,0.34466144754331174,0.34466144754331157,0.3446614475433122,False,51,51,24.308565333333718,12.680438284240788,10.411709554707205,0.3579638752052545
M03,sub-M03_ses-20240623T100000_behavior+ecephys.nwb,CA3,1,LtoR,30,59,0.2995505284396962,0.29955052843969593,0.2995505284396966,False,51,51,27.51515098039272,11.185379635005285,9.45649998539372,0.3788098693759071
M03,sub-M03_ses-20240623T100000_behavior+ecephys.nwb,CA3,1,LtoR,31,61,0.31327256370927564,0.31327256370927536,0.3132725637092759,False,51,51,32.547535972788864,14.301531027998525,7.04055840957779,0.24662576687116564
M03,sub-M03_ses-20240623T100000_behavior+ecephys.nwb,CA3,1,LtoR,32,63,0.3652023490782459,0.3652023490782455,0.3652023490782462,False,51,51,26.148677516340285,9.01352545389753,7.203747571695642,0.4183206106870229
M03,sub-M03_ses-20240623T100000_behavior+ecephys.nwb,CA3,1,LtoR,33,65,0.47486955631765837,0.47486955631765804,0.47486955631765876,True,51,51,34.48093502040774,11.505575017754751,9.78068713350645,0.2824074074074074
M03,sub-M03_ses-20240623T100000_behavior+ecephys.nwb,CA3,1,LtoR,34,67,0.4253918003689928,0.4253918003689924,0.42539180036899327,True,51,51,23.147057333333578,10.884361080275733,11.242835266376298,0.4214162348877375
M03,sub-M03_ses-20240623T100000_behavior+ecephys.nwb,CA3,1,LtoR,35,69,0.42198327876239805,0.4219832787623978,0.42198327876239833,True,51,51,27.877560235294368,11.92960674192358,10.7426465692267,0.31805157593123207
M03,sub-M03_ses-20240623T100000_behavior+ecephys.nwb,CA3,1,LtoR,36,71,0.39722576799952686,0.3972257679995266,0.39722576799952736,True,51,51,81.03872866666643,7.102065254495907,5.458083365691803,0.20769610261470153
M03,sub-M03_ses-20240623T100000_behavior+ecephys.nwb,CA3,1,LtoR,37,73,0.33561266662953143,0.3356126666295312,0.33561266662953193,True,51,51,81.99829066666734,7.586231077820913,5.725103463414232,0.23842028278888347
M03,sub-M03_ses-20240623T100000_behavior+ecephys.nwb,CA3,1,LtoR,38,75,0.42636009206008874,0.4263600920600884,0.42636009206008907,True,51,51,54.09244133333323,9.74101073424667,7.078972526906614,0.24224519940915806
M03,sub-M03_ses-20240623T100000_behavior+ecephys.nwb,CA3,1,LtoR,39,77,0.3353515709246573,0.33535157092465695,0.3353515709246576,True,51,51,52.3730333333333,8.084744244390185,5.729681487549014,0.250381679389313
M03,sub-M03_ses-20240623T100000_behavior+ecephys.nwb,CA3,1,LtoR,40,79,0.40879030176469405,0.40879030176469344,0.4087903017646945,True,51,51,92.2729564052288,6.289761225076469,4.874280818854094,0.34863577306193155
M03,sub-M03_ses-20240623T100000_behavior+ecephys.nwb,CA3,1,LtoR,41,81,0.3312382394707895,0.33123823947078934,0.3312382394707898,True,51,51,38.37928000000011,9.084460588159825,7.477036373727003,0.35
M03,sub-M03_ses-20240623T100000_behavior+ecephys.nwb,CA3,1,LtoR,42,83,0.3655802082997664,0.3655802082997661,0.3655802082997668,True,51,51,75.65494047618995,7.025333625197114,5.433505816916858,0.3539355520338088
M03,sub-M03_ses-20240623T100000_behavior+ecephys.nwb,CA3,1,RtoL,1,2,0.12568385908248872,0.1256838590824886,0.12568385908248883,False,51,51,13.55504342857239,13.654380486459345,14.579407035352682,0.5911764705882353
M03,sub-M03_ses-20240623T100000_behavior+ecephys.nwb,CA3,1,RtoL,2,4,0.10997032064782111,0.10997032064782104,0.10997032064782118,False,51,51,16.5916633333336,12.583519425142718,11.429742372877392,0.53125
M03,sub-M03_ses-20240623T100000_behavior+ecephys.nwb,CA3,1,RtoL,3,6,0.09627876397960604,0.09627876397960594,0.09627876397960611,False,51,51,14.260856952380891,14.861191261807775,14.409207621978979,0.5251396648044693
M03,sub-M03_ses-20240623T100000_behavior+ecephys.nwb,CA3,1,RtoL,4,8,0.14893322670421705,0.1489332267042169,0.14893322670421716,False,51,51,15.106598601307269,13.820972103204946,12.287482896719247,0.5185185185185185
M03,sub-M03_ses-20240623T100000_behavior+ecephys.nwb,CA3,1,RtoL,5,10,0.06500198782365944,0.06500198782365936,0.0650019878236595,False,51,51,13.472781333333842,12.577911325094092,10.13208190853004,0.6083086053412463
M03,sub-M03_ses-20240623T100000_behavior+ecephys.nwb,CA3,1,RtoL,6,12,0.0750433590283655,0.07504335902836544,0.07504335902836555,False,51,51,13.128917387755791,12.94259839000853,12.421527077062619,0.6109422492401215
M03,sub-M03_ses-20240623T100000_behavior+ecephys.nwb,CA3,1,RtoL,7,14,0.11143442233658715,0.11143442233658708,0.11143442233658724,False,51,51,18.71040133333281,11.38551986789575,7.3790968853311885,0.5170940170940171
M03,sub-M03_ses-20240623T100000_behavior+ecephys.nwb,CA3,1,RtoL,8,16,0.13984053333610727,0.13984053333610716,0.13984053333610735,False,51,51,20.78893533333394,7.745973124277424,7.0247720959406434,0.6871401151631478
M03,sub-M03_ses-20240623T100000_behavior+ecephys.nwb,CA3,1,RtoL,9,18,0.16469509145654257,0.16469509145654246,0.16469509145654274,False,51,51,16.148194771241833,14.10594926547271,14.578535995732468,0.47160493827160493
M03,sub-M03_ses-20240623T100000_behavior+ecephys.nwb,CA3,1,RtoL,10,20,0.16435732592236507,0.16435732592236496,0.16435732592236516,False,51,51,16.591474666666727,13.24852414740391,13.836872714966333,0.49278846153846156
M03,sub-M03_ses-20240623T100000_behavior+ecephys.nwb,CA3,1,RtoL,11,22,0.102198497409935,0.10219849740993486,0.10219849740993509,False,51,51,17.941567700680025,11.02590717455415,10.130036650747238,0.5555555555555556
M03,sub-M03_ses-20240623T100000_behavior+ecephys.nwb,CA3,1,RtoL,12,24,0.18608858863706715,0.18608858863706704,0.18608858863706731,False,51,51,16.073412244897554,12.166145595448182,11.62193235096462,0.5696517412935324
M03,sub-M03_ses-20240623T100000_behavior+ecephys.nwb,CA3,1,RtoL,13,26,0.15439242036345982,0.15439242036345963,0.1543924203634599,False,51,51,18.87106904761913,13.486567133951317,11.2516770542188,0.4219409282700422
M03,sub-M03_ses-20240623T100000_behavior+ecephys.nwb,CA3,1,RtoL,14,28,0.1520140143649706,0.15201401436497045,0.15201401436497072,False,51,51,22.007248499399793,12.278776079758766,9.701790422631934,0.3804347826086957
M03,sub-M03_ses-20240623T100000_behavior+ecephys.nwb,CA3,1,RtoL,15,30,0.22866004439246107,0.22866004439246082,0.22866004439246126,False,51,51,15.058891129251606,11.118713086087576,9.864969640201155,0.6286472148541115
M03,sub-M03_ses-20240623T100000_behavior+ecephys.nwb,CA3,1,RtoL,16,32,0.1579218747863604,0.15792187478636022,0.15792187478636055,False,51,51,12.441176915032884,14.596075397271816,11.802711947249469,0.5737179487179487
M03,sub-M03_ses-20240623T100000_behavior+ecephys.nwb,CA3,1,RtoL,17,34,0.21888397458594314,0.21888397458594291,0.2188839745859433,False,51,51,13.632894000000306,15.026878155498668,13.67555952422608,0.5542521994134897
M03,sub-M03_ses-20240623T100000_behavior+ecephys.nwb,CA3,1,RtoL,18,36,0.13115812336619612,0.13115812336619603,0.13115812336619623,False,51,51,13.193154666666487,14.982597781953874,13.622637423322693,0.5498489425981873
M03,sub-M03_ses-20240623T100000_behavior+ecephys.nwb,CA3,1,RtoL,19,38,0.15218506731440343,0.15218506731440326,0.15218506731440354,False,51,51,22.927491156463475,14.53788708107937,15.578018891139772,0.3217391304347826
M03,sub-M03_ses-20240623T100000_behavior+ecephys.nwb,CA3,1,RtoL,20,40,0.23064007974500222,0.23064007974500209,0.23064007974500247,False,51,51,14.497926897959587,15.162994573845223,15.580407385024849,0.4903581267217631
M03,sub-M03_ses-20240623T100000_behavior+ecephys.nwb,CA3,1,RtoL,21,42,0.25671953703921657,0.25671953703921624,0.25671953703921674,False,51,51,22.853765555555583,8.910879391560233,6.878558295807019,0.5174825174825175
M03,sub-M03_ses-20240623T100000_behavior+ecephys.nwb,CA3,1,RtoL,22,44,0.20562208373685073,0.2056220837368506,0.20562208373685084,False,51,51,14.113168666665842,13.733085983585351,13.303389320157372,0.5269121813031161
M03,sub-M03_ses-20240623T100000_behavior+ecephys.nwb,CA3,1,RtoL,23,46,0.2273817740005816,0.22738177400058143,0.2273817740005818,False,51,51,12.770350588234578,13.19210648366242,10.242755684826069,0.6292834890965732
M03,sub-M03_ses-20240623T100000_behavior+ecephys.nwb,CA3,1,RtoL,24,48,0.2225933398770992,0.222593339877099,0.2225933398770994,False,51,51,21.481188328665667,9.27596102804866,7.078282291527957,0.588126159554731
M03,sub-M03_ses-20240623T100000_behavior+ecephys.nwb,CA3,1,RtoL,25,50,0.28467519041114253,0.28467519041114236,0.2846751904111428,False,51,51,10.074405999999726,15.85072236632262,16.489244927272104,0.6679841897233202
M03,sub-M03_ses-20240623T100000_behavior+ecephys.nwb,CA3,1,RtoL,26,52,0.18514596037826211,0.18514596037826198,0.18514596037826223,False,51,51,13.808736054422297,12.871781356793509,14.425396137471056,0.6098265895953757
M03,sub-M03_ses-20240623T100000_behavior+ecephys.nwb,CA3,1,RtoL,27,54,0.2405965473389642,0.24059654733896405,0.2405965473389644,False,51,51,16.35159666666641,11.29328174869913,8.429038579136872,0.5623471882640587
M03,sub-M03_ses-20240623T100000_behavior+ecephys.nwb,CA3,1,RtoL,28,56,0.26741885360909545,0.26741885360909523,0.26741885360909573,False,51,51,22.587736666666387,10.152883757177495,8.674204089088898,0.49646643109540634
M03,sub-M03_ses-20240623T100000_behavior+ecephys.nwb,CA3,1,RtoL,29,58,0.2954104659155474,0.29541046591554726,0.29541046591554765,False,51,51,11.618645516339711,15.114595623682382,14.761076018617915,0.5807560137457045
M03,sub-M03_ses-20240623T100000_behavior+ecephys.nwb,CA3,1,RtoL,30,60,0.23544762017644516,0.235447620176445,0.2354476201764454,False,51,51,13.51419286381224,11.218558325372813,10.331260522206815,0.672566371681416
M03,sub-M03_ses-20240623T100000_behavior+ecephys.nwb,CA3,1,RtoL,31,62,0.2650596736370213,0.26505967363702104,0.2650596736370215,False,51,51,15.392142666666587,12.765782268637679,10.814910895332407,0.5129533678756477
M03,sub-M03_ses-20240623T100000_behavior+ecephys.nwb,CA3,1,RtoL,32,64,0.2940085411136403,0.29400854111364005,0.2940085411136406,False,51,51,25.126124796584918,9.316716849225365,7.805047683271592,0.4745222929936306
M03,sub-M03_ses-20240623T100000_behavior+ecephys.nwb,CA3,1,RtoL,33,66,0.3129063687360058,0.31290636873600547,0.3129063687360062,True,51,51,23.268992000000253,9.433698754348516,8.145795757404878,0.5446735395189003
M03,sub-M03_ses-20240623T100000_behavior+ecephys.nwb,CA3,1,RtoL,34,68,0.3074481525117916,0.30744815251179136,0.30744815251179186,True,51,51,17.511427999999796,11.737207155175442,9.15725979878924,0.5136363636363637
M03,sub-M03_ses-20240623T100000_behavior+ecephys.nwb,CA3,1,RtoL,35,70,0.33368065936499525,0.333680659364995,0.3336806593649955,True,51,51,13.940958431372565,12.485809846989305,10.343652100656975,0.6045845272206304
M03,sub-M03_ses-20240623T100000_behavior+ecephys.nwb,CA3,1,RtoL,36,72,0.22280473174417675,0.2228047317441766,0.2228047317441769,True,51,51,20.549157999999807,11.213618699466732,10.151312580404241,0.458252427184466
M03,sub-M03_ses-20240623T100000_behavior+ecephys.nwb,CA3,1,RtoL,37,74,0.2739070939267009,0.2739070939267007,0.2739070939267011,True,51,51,15.951875999999174,12.408912916533124,12.063349811541283,0.5213032581453634
M03,sub-M03_ses-20240623T100000_behavior+ecephys.nwb,CA3,1,RtoL,38,76,0.37420106705658146,0.3742010670565812,0.37420106705658174,True,51,51,16.07180533333394,12.262298459143834,12.293959740887395,0.6104218362282878
M03,sub-M03_ses-20240623T100000_behavior+ecephys.nwb,CA3,1,RtoL,39,78,0.3528925992849322,0.352892599284932,0.3528925992849326,True,51,51,24.42687359477077,12.696058351858298,12.140069911090542,0.33878887070376434
M03,sub-M03_ses-20240623T100000_behavior+ecephys.nwb,CA3,1,RtoL,40,80,0.20873294318820373,0.20873294318820354,0.20873294318820387,True,51,51,35.022926666666535,7.029165557687445,6.330375434962058,0.5102739726027398
M03,sub-M03_ses-20240623T100000_behavior+ecephys.nwb,CA3,1,RtoL,41,82,0.39793074359863917,0.3979307435986388,0.3979307435986395,True,51,51,23.18880000000081,9.426888287374258,9.565040486013453,0.5352839931153184
M03,sub-M03_ses-20240623T100000_behavior+ecephys.nwb,CA3,1,RtoL,42,84,0.22004641576704578,0.22004641576704567,0.2200464157670459,True,51,51,32.049806190476374,9.94253679689206,8.851037515764716,0.3802992518703242
M03,sub-M03_ses-20240623T100000_behavior+ecephys.nwb,RSC,1,LtoR,1,1,0.09453938739967849,0.04410202607916423,0.13702274557292907,False,70,51,32.895061333332706,9.144756596500827,8.348839812646903,0.5238095238095238
M03,sub-M03_ses-20240623T100000_behavior+ecephys.nwb,RSC,1,LtoR,2,3,0.1290420610465075,0.08968060125049472,0.17056231356670426,False,70,51,26.263593238094472,12.72175081714087,15.36596680955972,0.2907153729071537
M03,sub-M03_ses-20240623T100000_behavior+ecephys.nwb,RSC,1,LtoR,3,5,0.1337624498997288,0.09790687804818143,0.16279471583034294,False,70,51,17.602857714285165,13.07759420909201,11.423259997238478,0.47619047619047616
M03,sub-M03_ses-20240623T100000_behavior+ecephys.nwb,RSC,1,LtoR,4,7,0.1616514395396378,0.12323057337217717,0.19901739649234934,False,70,51,28.870987398692705,13.271080684374793,13.875027646630791,0.2669432918395574
M03,sub-M03_ses-20240623T100000_behavior+ecephys.nwb,RSC,1,LtoR,5,9,0.06163666021681928,0.020670234882732025,0.10998644997480068,False,70,51,21.148504666667577,10.03761814204028,8.659876167759638,0.530188679245283
M03,sub-M03_ses-20240623T100000_behavior+ecephys.nwb,RSC,1,LtoR,6,11,0.18065905001336366,0.139308885898135,0.2137751237588794,False,70,51,35.68614927891031,10.244272931772334,8.329727954999784,0.2986577181208054
M03,sub-M03_ses-20240623T100000_behavior+ecephys.nwb,RSC,1,LtoR,7,13,0.2082086884747017,0.167871739936218,0.24613843118670053,False,70,51,18.471218666666573,9.75584810532995,9.09278999538956,0.5637149028077754
M03,sub-M03_ses-20240623T100000_behavior+ecephys.nwb,RSC,1,LtoR,8,15,0.21494337611845438,0.17228099257336477,0.24869657784619106,False,70,51,22.987817999999606,12.51678191409689,10.06429764514767,0.3993055555555556
M03,sub-M03_ses-20240623T100000_behavior+ecephys.nwb,RSC,1,LtoR,9,17,0.25077337932644134,0.20804986277880833,0.2777493482663203,False,70,51,27.490074745098354,11.0025522875038,10.03927419089402,0.35174418604651164
M03,sub-M03_ses-20240623T100000_behavior+ecephys.nwb,RSC,1,LtoR,10,19,0.15678485713832002,0.10162009612067245,0.20736622276458594,False,70,51,18.529535816993302,11.42435250881746,6.948434636060007,0.5301724137931034
M03,sub-M03_ses-20240623T100000_behavior+ecephys.nwb,RSC,1,LtoR,11,21,0.20996069942096482,0.16133407446215325,0.24768630080415072,False,70,51,17.431482666666852,10.981946131027449,7.3845064400222284,0.5412844036697247
M03,sub-M03_ses-20240623T100000_behavior+ecephys.nwb,RSC,1,LtoR,12,23,0.11106307447998928,0.07313528347468211,0.1491456730297669,False,70,51,20.029864625850678,13.30739335517199,10.86604892304028,0.39641434262948205
M03,sub-M03_ses-20240623T100000_behavior+ecephys.nwb,RSC,1,LtoR,13,25,0.21854039480849685,0.17662876086892493,0.2456743821960186,False,70,51,20.316119047619395,11.528453962575695,8.75666062206577,0.4793713163064833
M03,sub-M03_ses-20240623T100000_behavior+ecephys.nwb,RSC,1,LtoR,14,27,0.2300452281013261,0.1870885029626977,0.2571752650745843,False,70,51,44.64774659863906,11.523963916195944,8.637146800902082,0.21594982078853048
M03,sub-M03_ses-20240623T100000_behavior+ecephys.nwb,RSC,1,LtoR,15,29,0.175112746645428,0.131839542342381,0.2088679449653785,False,70,51,21.154298439375452,10.37746914629227,8.88175372606114,0.45849056603773586
M03,sub-M03_ses-20240623T100000_behavior+ecephys.nwb,RSC,1,LtoR,16,31,0.2193346904819365,0.1707059679828188,0.2596009110474929,False,70,51,15.39144266666699,14.298169659715805,11.650187831954387,0.45077720207253885
M03,sub-M03_ses-20240623T100000_behavior+ecephys.nwb,RSC,1,LtoR,17,33,0.1941054641067833,0.1424887253656141,0.2235477328569966,False,70,51,15.90404841830059,15.542501423230375,14.108473400984794,0.39598997493734334
M03,sub-M03_ses-20240623T100000_behavior+ecephys.nwb,RSC,1,LtoR,18,35,0.21136058412313657,0.16752705231185405,0.24763480937976057,False,70,51,15.991852666666091,13.753582614481488,14.799959977444013,0.4937655860349127
M03,sub-M03_ses-20240623T100000_behavior+ecephys.nwb,RSC,1,LtoR,19,37,0.27809564960320776,0.23118600541904227,0.31141534022827666,False,70,51,23.01579395918361,13.872698066831656,13.975157630151074,0.3420138888888889
M03,sub-M03_ses-20240623T100000_behavior+ecephys.nwb,RSC,1,LtoR,20,39,0.2866508942937878,0.25382137595450915,0.31629493328616365,False,70,51,22.420995551019587,11.133743617808074,7.685468937673816,0.45098039215686275
M03,sub-M03_ses-20240623T100000_behavior+ecephys.nwb,RSC,1,LtoR,21,41,0.19939639214011318,0.15725149161938853,0.23744239669277548,False,70,51,22.524478435374476,13.438857221839246,11.644223717804456,0.3752212389380531
M03,sub-M03_ses-20240623T100000_behavior+ecephys.nwb,RSC,1,LtoR,22,43,0.24326713301932987,0.20291479337696705,0.2764975568238456,False,70,51,31.477199111111076,7.237131315443223,5.899726462883111,0.5038071065989848
M03,sub-M03_ses-20240623T100000_behavior+ecephys.nwb,RSC,1,LtoR,23,45,0.20617312648207525,0.16864613054126257,0.2370287244273572,False,70,51,22.10823000000073,12.004355461316718,8.137481365457525,0.4151624548736462
M03,sub-M03_ses-20240623T100000_behavior+ecephys.nwb,RSC,1,LtoR,24,47,0.24583931590997488,0.20430790923433323,0.28093190050243866,False,70,51,23.36052679738532,10.913579825968297,6.794933148458552,0.476027397260274
M03,sub-M03_ses-20240623T100000_behavior+ecephys.nwb,RSC,1,LtoR,25,49,0.1778487879274624,0.12274848881326272,0.2190486722222926,False,70,51,24.30589095238065,10.310336046546716,7.715182438463934,0.5180921052631579
M03,sub-M03_ses-20240623T100000_behavior+ecephys.nwb,RSC,1,LtoR,26,51,0.1878002545012537,0.14936843742724912,0.2180731175887511,False,70,51,70.70838127891147,9.609997588884736,7.15328480927565,0.17524024872809496
M03,sub-M03_ses-20240623T100000_behavior+ecephys.nwb,RSC,1,LtoR,27,53,0.19111755562227384,0.14746947895371973,0.22039375745057474,False,70,51,37.86074000000008,10.620922178500958,7.972790321883025,0.24156118143459915
M03,sub-M03_ses-20240623T100000_behavior+ecephys.nwb,RSC,1,LtoR,28,55,0.10997185710567713,0.07399608413398953,0.14953199257362698,False,70,51,64.92684000000008,8.854723822568149,7.378721175809008,0.18411330049261085
M03,sub-M03_ses-20240623T100000_behavior+ecephys.nwb,RSC,1,LtoR,29,57,0.16967047718764933,0.12512140335229865,0.20975050237001086,False,70,51,24.308565333333718,12.680438284240788,10.411709554707205,0.3579638752052545
M03,sub-M03_ses-20240623T100000_behavior+ecephys.nwb,RSC,1,LtoR,30,59,0.1557348108729325,0.11439865718608007,0.18744197824508588,False,70,51,27.51515098039272,11.185379635005285,9.45649998539372,0.3788098693759071
M03,sub-M03_ses-20240623T100000_behavior+ecephys.nwb,RSC,1,LtoR,31,61,0.18390391037011214,0.1405468676538728,0.2191631163917939,False,70,51,32.547535972788864,14.301531027998525,7.04055840957779,0.24662576687116564
M03,sub-M03_ses-20240623T100000_behavior+ecephys.nwb,RSC,1,LtoR,32,63,0.17326930380452168,0.13826201099560526,0.2082855545369619,False,70,51,26.148677516340285,9.01352545389753,7.203747571695642,0.4183206106870229
M03,sub-M03_ses-20240623T100000_behavior+ecephys.nwb,RSC,1,LtoR,33,65,0.2649287345904484,0.22786902696914602,0.297098756680692,True,70,51,34.48093502040774,11.505575017754751,9.78068713350645,0.2824074074074074
M03,sub-M03_ses-20240623T100000_behavior+ecephys.nwb,RSC,1,LtoR,34,67,0.21407049923980487,0.17458585982080993,0.24806265625303953,True,70,51,23.147057333333578,10.884361080275733,11.242835266376298,0.4214162348877375
M03,sub-M03_ses-20240623T100000_behavior+ecephys.nwb,RSC,1,LtoR,35,69,0.22486312313302548,0.18436007490776363,0.2623483659705681,True,70,51,27.877560235294368,11.92960674192358,10.7426465692267,0.31805157593123207
M03,sub-M03_ses-20240623T100000_behavior+ecephys.nwb,RSC,1,LtoR,36,71,0.22164201277532075,0.181628323920009,0.2536986354545098,True,70,51,81.03872866666643,7.102065254495907,5.458083365691803,0.20769610261470153
M03,sub-M03_ses-20240623T100000_behavior+ecephys.nwb,RSC,1,LtoR,37,73,0.27316723455538144,0.2312139136955585,0.31030112165969664,True,70,51,81.99829066666734,7.586231077820913,5.725103463414232,0.23842028278888347
M03,sub-M03_ses-20240623T100000_behavior+ecephys.nwb,RSC,1,LtoR,38,75,0.2990909939094234,0.2572603619537859,0.33757201442921486,True,70,51,54.09244133333323,9.74101073424667,7.078972526906614,0.24224519940915806
M03,sub-M03_ses-20240623T100000_behavior+ecephys.nwb,RSC,1,LtoR,39,77,0.17881518611685085,0.1439269714555921,0.21788841611673881,True,70,51,52.3730333333333,8.084744244390185,5.729681487549014,0.250381679389313
M03,sub-M03_ses-20240623T100000_behavior+ecephys.nwb,RSC,1,LtoR,40,79,0.1523257518834406,0.11539119125236885,0.18314958239483595,True,70,51,92.2729564052288,6.289761225076469,4.874280818854094,0.34863577306193155
M03,sub-M03_ses-20240623T100000_behavior+ecephys.nwb,RSC,1,LtoR,41,81,0.20122335615782738,0.1464736574552255,0.24107154234125178,True,70,51,38.37928000000011,9.084460588159825,7.477036373727003,0.35
M03,sub-M03_ses-20240623T100000_behavior+ecephys.nwb,RSC,1,LtoR,42,83,0.20430981979740664,0.17171163665028696,0.22915913553195089,True,70,51,75.65494047618995,7.025333625197114,5.433505816916858,0.3539355520338088
M03,sub-M03_ses-20240623T100000_behavior+ecephys.nwb,RSC,1,RtoL,1,2,0.16119065671815985,0.11107847662363235,0.20315892911734887,False,70,51,13.55504342857239,13.654380486459345,14.579407035352682,0.5911764705882353
M03,sub-M03_ses-20240623T100000_behavior+ecephys.nwb,RSC,1,RtoL,2,4,0.15576889054111304,0.11422325965722552,0.19791524172137903,False,70,51,16.5916633333336,12.583519425142718,11.429742372877392,0.53125
M03,sub-M03_ses-20240623T100000_behavior+ecephys.nwb,RSC,1,RtoL,3,6,0.17140644351745318,0.12248350103967541,0.20891423488554547,False,70,51,14.260856952380891,14.861191261807775,14.409207621978979,0.5251396648044693
M03,sub-M03_ses-20240623T100000_behavior+ecephys.nwb,RSC,1,RtoL,4,8,0.20089670754305045,0.15392461483177353,0.23473680869985256,False,70,51,15.106598601307269,13.820972103204946,12.287482896719247,0.5185185185185185
M03,sub-M03_ses-20240623T100000_behavior+ecephys.nwb,RSC,1,RtoL,5,10,0.19202034125797374,0.13578760095688738,0.23799352138841126,False,70,51,13.472781333333842,12.577911325094092,10.13208190853004,0.6083086053412463
M03,sub-M03_ses-20240623T100000_behavior+ecephys.nwb,RSC,1,RtoL,6,12,0.2387767698436956,0.18179883867198962,0.28008247758205945,False,70,51,13.128917387755791,12.94259839000853,12.421527077062619,0.6109422492401215
M03,sub-M03_ses-20240623T100000_behavior+ecephys.nwb,RSC,1,RtoL,7,14,0.31753228977033526,0.25869945546874995,0.359949489030014,False,70,51,18.71040133333281,11.38551986789575,7.3790968853311885,0.5170940170940171
M03,sub-M03_ses-20240623T100000_behavior+ecephys.nwb,RSC,1,RtoL,8,16,0.23840136858366429,0.18360101698527248,0.2774371106892706,False,70,51,20.78893533333394,7.745973124277424,7.0247720959406434,0.6871401151631478
M03,sub-M03_ses-20240623T100000_behavior+ecephys.nwb,RSC,1,RtoL,9,18,0.18148667094593926,0.12967576006093717,0.2235905565133355,False,70,51,16.148194771241833,14.10594926547271,14.578535995732468,0.47160493827160493
M03,sub-M03_ses-20240623T100000_behavior+ecephys.nwb,RSC,1,RtoL,10,20,0.13265091401480478,0.0929492007731391,0.1719499139094106,False,70,51,16.591474666666727,13.24852414740391,13.836872714966333,0.49278846153846156
M03,sub-M03_ses-20240623T100000_behavior+ecephys.nwb,RSC,1,RtoL,11,22,0.19771083079563578,0.15415595821681308,0.24197091878559704,False,70,51,17.941567700680025,11.02590717455415,10.130036650747238,0.5555555555555556
M03,sub-M03_ses-20240623T100000_behavior+ecephys.nwb,RSC,1,RtoL,12,24,0.23809162656209576,0.18656972898845298,0.28025083937443723,False,70,51,16.073412244897554,12.166145595448182,11.62193235096462,0.5696517412935324
M03,sub-M03_ses-20240623T100000_behavior+ecephys.nwb,RSC,1,RtoL,13,26,0.2012551121652928,0.1553078686538652,0.24062347358176578,False,70,51,18.87106904761913,13.486567133951317,11.2516770542188,0.4219409282700422
M03,sub-M03_ses-20240623T100000_behavior+ecephys.nwb,RSC,1,RtoL,14,28,0.14178707750270947,0.0962077894984585,0.18001934456827562,False,70,51,22.007248499399793,12.278776079758766,9.701790422631934,0.3804347826086957
M03,sub-M03_ses-20240623T100000_behavior+ecephys.nwb,RSC,1,RtoL,15,30,0.1859297389205785,0.13498527639681676,0.2235890908102516,False,70,51,15.058891129251606,11.118713086087576,9.864969640201155,0.6286472148541115
M03,sub-M03_ses-20240623T100000_behavior+ecephys.nwb,RSC,1,RtoL,16,32,0.2346472157548741,0.1914703700535566,0.27362735700846463,False,70,51,12.441176915032884,14.596075397271816,11.802711947249469,0.5737179487179487
M03,sub-M03_ses-20240623T100000_behavior+ecephys.nwb,RSC,1,RtoL,17,34,0.23305407558284233,0.18946588126634037,0.2710528410507006,False,70,51,13.632894000000306,15.026878155498668,13.67555952422608,0.5542521994134897
M03,sub-M03_ses-20240623T100000_behavior+ecephys.nwb,RSC,1,RtoL,18,36,0.21539981779476214,0.16477743118344476,0.2639834778241055,False,70,51,13.193154666666487,14.982597781953874,13.622637423322693,0.5498489425981873
M03,sub-M03_ses-20240623T100000_behavior+ecephys.nwb,RSC,1,RtoL,19,38,0.2370545699427194,0.19261215408657234,0.2753440670445918,False,70,51,22.927491156463475,14.53788708107937,15.578018891139772,0.3217391304347826
M03,sub-M03_ses-20240623T100000_behavior+ecephys.nwb,RSC,1,RtoL,20,40,0.2092890214544478,0.15965992640980692,0.25057518500149517,False,70,51,14.497926897959587,15.162994573845223,15.580407385024849,0.4903581267217631
M03,sub-M03_ses-20240623T100000_behavior+ecephys.nwb,RSC,1,RtoL,21,42,0.2677814395711877,0.23358445007686401,0.29965215858536465,False,70,51,22.853765555555583,8.910879391560233,6.878558295807019,0.5174825174825175
M03,sub-M03_ses-20240623T100000_behavior+ecephys.nwb,RSC,1,RtoL,22,44,0.26116708454505294,0.1942048390646273,0.3061209899683153,False,70,51,14.113168666665842,13.733085983585351,13.303389320157372,0.5269121813031161
M03,sub-M03_ses-20240623T100000_behavior+ecephys.nwb,RSC,1,RtoL,23,46,0.22012167019882747,0.1648144582954669,0.2634344411040447,False,70,51,12.770350588234578,13.19210648366242,10.242755684826069,0.6292834890965732
M03,sub-M03_ses-20240623T100000_behavior+ecephys.nwb,RSC,1,RtoL,24,48,0.1934119956596175,0.1362648574299284,0.23311681522830555,False,70,51,21.481188328665667,9.27596102804866,7.078282291527957,0.588126159554731
M03,sub-M03_ses-20240623T100000_behavior+ecephys.nwb,RSC,1,RtoL,25,50,0.27536237543504194,0.227882331369296,0.31373596472550935,False,70,51,10.074405999999726,15.85072236632262,16.489244927272104,0.6679841897233202
M03,sub-M03_ses-20240623T100000_behavior+ecephys.nwb,RSC,1,RtoL,26,52,0.18542469960416344,0.12680569551387766,0.22410075769605425,False,70,51,13.808736054422297,12.871781356793509,14.425396137471056,0.6098265895953757
M03,sub-M03_ses-20240623T100000_behavior+ecephys.nwb,RSC,1,RtoL,27,54,0.2673897339966021,0.22496710504114464,0.29559570828314646,False,70,51,16.35159666666641,11.29328174869913,8.429038579136872,0.5623471882640587
M03,sub-M03_ses-20240623T100000_behavior+ecephys.nwb,RSC,1,RtoL,28,56,0.2229240242420856,0.1848199700484008,0.25924267144574314,False,70,51,22.587736666666387,10.152883757177495,8.674204089088898,0.49646643109540634
M03,sub-M03_ses-20240623T100000_behavior+ecephys.nwb,RSC,1,RtoL,29,58,0.2569296137276268,0.21442020935448167,0.29197352024407985,False,70,51,11.618645516339711,15.114595623682382,14.761076018617915,0.5807560137457045
M03,sub-M03_ses-20240623T100000_behavior+ecephys.nwb,RSC,1,RtoL,30,60,0.2386155550892541,0.18639878633608134,0.2784873719018789,False,70,51,13.51419286381224,11.218558325372813,10.331260522206815,0.672566371681416
M03,sub-M03_ses-20240623T100000_behavior+ecephys.nwb,RSC,1,RtoL,31,62,0.3198512325444981,0.2581523728386107,0.3647479078586006,False,70,51,15.392142666666587,12.765782268637679,10.814910895332407,0.5129533678756477
M03,sub-M03_ses-20240623T100000_behavior+ecephys.nwb,RSC,1,RtoL,32,64,0.27599164871865306,0.21727340962917638,0.32030649172481757,False,70,51,25.126124796584918,9.316716849225365,7.805047683271592,0.4745222929936306
M03,sub-M03_ses-20240623T100000_behavior+ecephys.nwb,RSC,1,RtoL,33,66,0.1976951542611624,0.13951852458147104,0.24416871233175463,True,70,51,23.268992000000253,9.433698754348516,8.145795757404878,0.5446735395189003
M03,sub-M03_ses-20240623T100000_behavior+ecephys.nwb,RSC,1,RtoL,34,68,0.31067116382905985,0.25485372478043555,0.34835194030998434,True,70,51,17.511427999999796,11.737207155175442,9.15725979878924,0.5136363636363637
M03,sub-M03_ses-20240623T100000_behavior+ecephys.nwb,RSC,1,RtoL,35,70,0.32014084767770934,0.2725988701543885,0.34806782791743346,True,70,51,13.940958431372565,12.485809846989305,10.343652100656975,0.6045845272206304
M03,sub-M03_ses-20240623T100000_behavior+ecephys.nwb,RSC,1,RtoL,36,72,0.2812434110472103,0.22963666157009383,0.3253765103637463,True,70,51,20.549157999999807,11.213618699466732,10.151312580404241,0.458252427184466
M03,sub-M03_ses-20240623T100000_behavior+ecephys.nwb,RSC,1,RtoL,37,74,0.36005384077093744,0.30122399839812747,0.39839866560580334,True,70,51,15.951875999999174,12.408912916533124,12.063349811541283,0.5213032581453634
M03,sub-M03_ses-20240623T100000_behavior+ecephys.nwb,RSC,1,RtoL,38,76,0.3798398619602219,0.33248044173118335,0.4135434080196701,True,70,51,16.07180533333394,12.262298459143834,12.293959740887395,0.6104218362282878
M03,sub-M03_ses-20240623T100000_behavior+ecephys.nwb,RSC,1,RtoL,39,78,0.35460350055492823,0.29701520569782036,0.4001416469126148,True,70,51,24.42687359477077,12.696058351858298,12.140069911090542,0.33878887070376434
M03,sub-M03_ses-20240623T100000_behavior+ecephys.nwb,RSC,1,RtoL,40,80,0.07926481578876435,0.040455678736747054,0.11233445462970197,True,70,51,35.022926666666535,7.029165557687445,6.330375434962058,0.5102739726027398
M03,sub-M03_ses-20240623T100000_behavior+ecephys.nwb,RSC,1,RtoL,41,82,0.27034857662023026,0.21795594707461122,0.3073928000023937,True,70,51,23.18880000000081,9.426888287374258,9.565040486013453,0.5352839931153184
M03,sub-M03_ses-20240623T100000_behavior+ecephys.nwb,RSC,1,RtoL,42,84,0.27230645235683937,0.22090554339461782,0.31098150940620845,True,70,51,32.049806190476374,9.94253679689206,8.851037515764716,0.3802992518703242
M05,sub-M05_ses-20240729T100000_behavior+ecephys.nwb,CA1,1,LtoR,1,1,0.1488375876690417,0.14883758766904165,0.14883758766904184,False,72,72,11.62216971428552,17.33788439911798,16.382420916540788,0.5223367697594502
M05,sub-M05_ses-20240729T100000_behavior+ecephys.nwb,CA1,1,LtoR,2,3,0.1907634857592412,0.19076348575924115,0.1907634857592413,False,72,72,14.11274933333334,5.788707163039325,4.341607912228243,0.38243626062322944
M05,sub-M05_ses-20240729T100000_behavior+ecephys.nwb,CA1,1,LtoR,3,5,0.13291004297042555,0.13291004297042552,0.13291004297042563,False,72,72,10.038813850340375,15.057432932740246,12.785262031473902,0.6561264822134387
M05,sub-M05_ses-20240729T100000_behavior+ecephys.nwb,CA1,1,LtoR,4,7,0.1734637377047058,0.17346373770470577,0.17346373770470586,False,72,72,10.350310721088135,6.3303004275673125,4.582287701003439,0.27692307692307694
M05,sub-M05_ses-20240729T100000_behavior+ecephys.nwb,CA1,1,LtoR,5,9,0.12048993669547109,0.120489936695471,0.12048993669547116,False,72,72,30.185126666667202,11.109325945106555,5.904368148501636,0.36904761904761907
M05,sub-M05_ses-20240729T100000_behavior+ecephys.nwb,CA1,1,LtoR,6,11,0.09734305676079212,0.09734305676079208,0.09734305676079218,False,72,72,25.707462666666288,12.055606461970532,7.817911391226794,0.37636080870917576
M05,sub-M05_ses-20240729T100000_behavior+ecephys.nwb,CA1,1,LtoR,7,13,0.10412222415044314,0.10412222415044307,0.10412222415044323,False,72,72,49.1753453333331,9.239357013585613,6.133245048025211,0.44878048780487806
M05,sub-M05_ses-20240729T100000_behavior+ecephys.nwb,CA1,1,LtoR,8,15,0.10539888080197542,0.10539888080197533,0.10539888080197547,False,72,72,17.533184261437782,14.45568975107792,11.170219135740389,0.46924829157175396
M05,sub-M05_ses-20240729T100000_behavior+ecephys.nwb,CA1,1,LtoR,9,17,0.15798544700795647,0.15798544700795636,0.15798544700795658,False,72,72,47.54004703267856,8.723711788250242,4.632528737930193,0.35042016806722687
M05,sub-M05_ses-20240729T100000_behavior+ecephys.nwb,CA1,1,LtoR,10,19,0.1628319887380123,0.16283198873801216,0.1628319887380124,False,72,72,19.96328622222154,12.772124831133791,7.764156047616543,0.572
M05,sub-M05_ses-20240729T100000_behavior+ecephys.nwb,CA1,1,LtoR,11,21,0.17456739342800892,0.17456739342800878,0.17456739342800906,False,72,72,13.11367600000085,15.932496257879478,11.021968150250427,0.547112462006079
M05,sub-M05_ses-20240729T100000_behavior+ecephys.nwb,CA1,1,LtoR,12,23,0.2366950895345094,0.2366950895345092,0.23669508953450952,False,72,72,19.270461333333515,12.501974869192198,8.10993690437857,0.4968944099378882
M05,sub-M05_ses-20240729T100000_behavior+ecephys.nwb,CA1,1,LtoR,13,25,0.22044290961251528,0.22044290961251517,0.2204429096125154,False,72,72,18.51101866666704,12.122891580680234,8.4595395012863,0.646551724137931
M05,sub-M05_ses-20240729T100000_behavior+ecephys.nwb,CA1,1,LtoR,14,27,0.12753695330358536,0.1275369533035853,0.12753695330358544,False,72,72,15.112167999999656,13.678458221657015,9.25687216025705,0.5857519788918206
M05,sub-M05_ses-20240729T100000_behavior+ecephys.nwb,CA1,1,LtoR,15,29,0.15393269213246136,0.15393269213246127,0.1539326921324614,False,72,72,14.87250266666706,13.981208265315157,9.413905905832797,0.5725806451612904
M05,sub-M05_ses-20240729T100000_behavior+ecephys.nwb,CA1,1,LtoR,16,31,0.10771873901639281,0.10771873901639276,0.10771873901639288,False,72,72,12.748514965986033,16.251708880919704,20.001623333444563,0.5454545454545454
M05,sub-M05_ses-20240729T100000_behavior+ecephys.nwb,CA1,1,LtoR,17,33,0.11069415103509496,0.11069415103509488,0.11069415103509503,False,72,72,35.53481044898035,10.518820623308311,6.307936814784551,0.4263217097862767
M05,sub-M05_ses-20240729T100000_behavior+ecephys.nwb,CA1,1,LtoR,18,35,0.13879200758369956,0.13879200758369947,0.1387920075836996,False,72,72,16.063133632652352,13.12626057423303,8.769293704066907,0.5845771144278606
M05,sub-M05_ses-20240729T100000_behavior+ecephys.nwb,CA1,1,LtoR,19,37,0.15903084612961277,0.15903084612961266,0.15903084612961282,False,72,72,10.315414666666584,19.922196844263386,21.49422621328699,0.5310077519379846
M05,sub-M05_ses-20240729T100000_behavior+ecephys.nwb,CA1,1,LtoR,20,39,0.17150209423734591,0.17150209423734586,0.17150209423734605,False,72,72,12.313881333333484,13.911232270392228,7.633030603919691,0.6612903225806451
M05,sub-M05_ses-20240729T100000_behavior+ecephys.nwb,CA1,1,LtoR,21,41,0.16658284734354364,0.16658284734354356,0.16658284734354373,False,72,72,11.646456380952259,16.35705375466817,8.885501968166894,0.5802047781569966
M05,sub-M05_ses-20240729T100000_behavior+ecephys.nwb,CA1,1,LtoR,22,43,0.23121667772896357,0.23121667772896343,0.23121667772896368,False,72,72,30.464790666666886,10.231477274683687,5.675631978196898,0.38713910761154857
M05,sub-M05_ses-20240729T100000_behavior+ecephys.nwb,CA1,1,LtoR,23,45,0.17576728687838644,0.17576728687838633,0.17576728687838658,False,72,72,19.007630196078026,13.240526614869673,7.273325258430655,0.4474789915966387
M05,sub-M05_ses-20240729T100000_behavior+ecephys.nwb,CA1,1,LtoR,24,47,0.21494014102938486,0.21494014102938475,0.214940141029385,False,72,72,14.153972758170312,15.866539324764942,8.85620088425923,0.571830985915493
M05,sub-M05_ses-20240729T100000_behavior+ecephys.nwb,CA1,1,LtoR,25,49,0.20614637818705783,0.20614637818705772,0.20614637818705794,False,72,72,34.33017964519149,12.004517196236232,5.979379022605362,0.4046511627906977
M05,sub-M05_ses-20240729T100000_behavior+ecephys.nwb,CA1,1,LtoR,26,51,0.33048297728684245,0.3304829772868421,0.3304829772868426,False,72,72,31.399533659863664,10.921754207246186,7.73184558086775,0.3893129770992366
M05,sub-M05_ses-20240729T100000_behavior+ecephys.nwb,CA1,1,LtoR,27,53,0.21684718161570682,0.2168471816157067,0.21684718161570696,False,72,72,11.8534138855548,16.740164588443143,12.830626664247331,0.5858585858585859
M05,sub-M05_ses-20240729T100000_behavior+ecephys.nwb,CA1,1,LtoR,28,55,0.22648769999801047,0.22648769999801033,0.22648769999801063,False,72,72,24.386423495550844,11.533787855197536,6.454188951767223,0.4901639344262295
M05,sub-M05_ses-20240729T100000_behavior+ecephys.nwb,CA1,1,LtoR,29,57,0.1929188465923469,0.19291884659234687,0.19291884659234698,False,72,72,15.389046511938432,20.616081627499657,19.833081677050345,0.33678756476683935
M05,sub-M05_ses-20240729T100000_behavior+ecephys.nwb,CA1,1,LtoR,30,59,0.30382838721964006,0.3038283872196399,0.3038283872196403,False,72,72,15.379831292516428,16.269594343155642,15.969591983950426,0.412987012987013
M05,sub-M05_ses-20240729T100000_behavior+ecephys.nwb,CA1,1,LtoR,31,61,0.2221774410101043,0.2221774410101042,0.22217744101010445,False,72,72,23.904941934640192,14.645816429971834,9.063717323815245,0.34615384615384615
M05,sub-M05_ses-20240729T100000_behavior+ecephys.nwb,CA1,1,LtoR,32,63,0.22107016023293757,0.2210701602329374,0.2210701602329377,False,72,72,29.1842046938782,10.173792894168962,7.750054716772905,0.4191780821917808
M05,sub-M05_ses-20240729T100000_behavior+ecephys.nwb,CA1,1,LtoR,33,65,0.2581344276935526,0.25813442769355244,0.25813442769355277,False,72,72,41.140109333333385,10.105305938862044,5.982638453694241,0.358600583090379
M05,sub-M05_ses-20240729T100000_behavior+ecephys.nwb,CA1,1,LtoR,34,67,0.2851512467512531,0.285151246751253,0.28515124675125325,False,72,72,19.745214965986634,16.70375956722106,14.109777283750567,0.3434343434343434
M05,sub-M05_ses-20240729T100000_behavior+ecephys.nwb,CA1,1,LtoR,35,69,0.3053139540127507,0.3053139540127506,0.30531395401275085,False,72,72,30.46924424489862,12.3586660283781,6.421213065000309,0.33551769331585846
M05,sub-M05_ses-20240729T100000_behavior+ecephys.nwb,CA1,1,LtoR,36,71,0.2983090398092616,0.29830903980926143,0.2983090398092617,False,72,72,24.632717908497398,9.130277939406628,7.111106952024241,0.5526742301458671
M05,sub-M05_ses-20240729T100000_behavior+ecephys.nwb,CA1,1,LtoR,37,73,0.2327493611319952,0.2327493611319951,0.23274936113199535,False,72,72,89.1611463673471,8.014461696663982,5.369725550539661,0.29224562976243834
M05,sub-M05_ses-20240729T100000_behavior+ecephys.nwb,CA1,1,LtoR,38,75,0.20921602641067666,0.20921602641067655,0.20921602641067677,False,72,72,44.21766266666509,13.412442970384769,9.245882213093232,0.46160794941282746
M05,sub-M05_ses-20240729T100000_behavior+ecephys.nwb,CA1,1,LtoR,39,77,0.22481227521400415,0.22481227521400404,0.2248122752140043,False,72,72,27.445436052286823,12.441386487812807,9.556644255495849,0.3435225618631732
M05,sub-M05_ses-20240729T100000_behavior+ecephys.nwb,CA1,1,LtoR,40,79,0.204839899082511,0.20483989908251088,0.20483989908251116,True,72,72,37.6730837959185,9.544346362413906,7.188404314331196,0.40402969247083775
M05,sub-M05_ses-20240729T100000_behavior+ecephys.nwb,CA1,1,LtoR,41,81,0.19163745173576066,0.19163745173576052,0.19163745173576077,True,72,72,23.883522405229087,13.18489856579991,8.347006814390845,0.38461538461538464
M05,sub-M05_ses-20240729T100000_behavior+ecephys.nwb,CA1,1,LtoR,42,83,0.262332969348076,0.2623329693480758,0.2623329693480761,True,72,72,38.30037066666682,15.356826015443959,10.712016957156203,0.524008350730689
M05,sub-M05_ses-20240729T100000_behavior+ecephys.nwb,CA1,1,LtoR,43,85,0.19430207051274048,0.19430207051274032,0.19430207051274057,True,72,72,12.914534666666441,14.345904546377643,11.925919735774931,0.6191950464396285
M05,sub-M05_ses-20240729T100000_behavior+ecephys.nwb,CA1,1,LtoR,44,87,0.2606178369586557,0.26061783695865554,0.2606178369586559,True,72,72,71.11698672108832,10.07268301143991,7.075514671292872,0.45388076490438695
M05,sub-M05_ses-20240729T100000_behavior+ecephys.nwb,CA1,1,LtoR,45,89,0.2675591686238644,0.2675591686238642,0.26755916862386453,True,72,72,16.191714000000502,13.77513793878421,11.754146073197603,0.5763546798029556
M05,sub-M05_ses-20240729T100000_behavior+ecephys.nwb,CA1,1,LtoR,46,91,0.24671341823450058,0.2467134182345004,0.2467134182345007,True,72,72,12.708846039216041,14.713494315531285,11.640912700248673,0.6081504702194357
M05,sub-M05_ses-20240729T100000_behavior+ecephys.nwb,CA1,1,LtoR,47,93,0.3491023818342777,0.34910238183427755,0.34910238183427794,True,72,72,46.47525307189517,9.572942327683794,6.190534813333251,0.5004299226139295
M05,sub-M05_ses-20240729T100000_behavior+ecephys.nwb,CA1,1,LtoR,48,95,0.16393994676337612,0.163939946763376,0.1639399467633762,True,72,72,21.86104006936148,9.886608167173469,8.136684695294745,0.5948905109489051
M05,sub-M05_ses-20240729T100000_behavior+ecephys.nwb,CA1,1,LtoR,49,98,0.14177784362609563,0.14177784362609558,0.14177784362609572,True,72,72,20.109225333332688,14.02092462431377,11.693747519559222,0.3948412698412698
M05,sub-M05_ses-20240729T100000_behavior+ecephys.nwb,CA1,1,RtoL,1,2,0.08717844216111613,0.0871784421611161,0.08717844216111616,False,72,72,26.906200000000354,21.460769807615772,23.03557221934374,0.17655786350148367
M05,sub-M05_ses-20240729T100000_behavior+ecephys.nwb,CA1,1,RtoL,2,4,,,,False,72,72,0.39957866666645714,,,0.0
M05,sub-M05_ses-20240729T100000_behavior+ecephys.nwb,CA1,1,RtoL,3,6,0.1341387996017421,0.13413879960174205,0.13413879960174216,False,72,72,19.30773281632628,15.096581661994524,14.28088289875727,0.39337474120082816
M05,sub-M05_ses-20240729T100000_behavior+ecephys.nwb,CA1,1,RtoL,4,8,0.058152868022781995,0.05815286802278197,0.05815286802278201,False,72,72,0.40397727891195245,4.577721354645612,4.696873088667678,0.2727272727272727
M05,sub-M05_ses-20240729T100000_behavior+ecephys.nwb,CA1,1,RtoL,5,10,0.152545639730797,0.15254563973079693,0.15254563973079707,False,72,72,22.508514666666088,14.015276698430126,7.649563045490947,0.4219858156028369
M05,sub-M05_ses-20240729T100000_behavior+ecephys.nwb,CA1,1,RtoL,6,12,0.1839961140719834,0.18399611407198335,0.1839961140719835,False,72,72,18.511306666667224,13.77784150756317,9.04371845575291,0.4482758620689655
M05,sub-M05_ses-20240729T100000_behavior+ecephys.nwb,CA1,1,RtoL,7,14,0.21517715042988037,0.21517715042988025,0.21517715042988048,False,72,72,20.989199999999983,18.584809516566256,7.83948774106136,0.30038022813688214
M05,sub-M05_ses-20240729T100000_behavior+ecephys.nwb,CA1,1,RtoL,8,16,0.14562074498034674,0.14562074498034666,0.14562074498034677,False,72,72,7.251098039216231,24.01489719648278,21.888488608977845,0.6318681318681318
M05,sub-M05_ses-20240729T100000_behavior+ecephys.nwb,CA1,1,RtoL,9,18,0.13827978958971687,0.13827978958971682,0.13827978958971696,False,72,72,38.92644577777901,9.242531317332045,5.711588166781116,0.37679671457905545
M05,sub-M05_ses-20240729T100000_behavior+ecephys.nwb,CA1,1,RtoL,10,20,0.11010357053130657,0.11010357053130651,0.11010357053130662,False,72,72,13.43390666666619,13.273086545672632,10.50834646669045,0.6735905044510386
M05,sub-M05_ses-20240729T100000_behavior+ecephys.nwb,CA1,1,RtoL,11,22,0.18715210907903562,0.18715210907903554,0.1871521090790357,False,72,72,34.70227866666664,12.983739815379193,7.204447034435169,0.2903225806451613
M05,sub-M05_ses-20240729T100000_behavior+ecephys.nwb,CA1,1,RtoL,12,24,0.1857921922152299,0.18579219221522977,0.18579219221523002,False,72,72,24.587459999999737,11.523137228737491,4.519328375938052,0.44805194805194803
M05,sub-M05_ses-20240729T100000_behavior+ecephys.nwb,CA1,1,RtoL,13,26,0.19949039538692823,0.19949039538692812,0.1994903953869283,False,72,72,23.428231999999298,16.8058490867921,11.421636317315759,0.3003412969283277
M05,sub-M05_ses-20240729T100000_behavior+ecephys.nwb,CA1,1,RtoL,14,28,0.2298373914290874,0.2298373914290873,0.22983739142908752,False,72,72,29.386256000000685,10.38671021068048,7.901836068530132,0.4633152173913043
M05,sub-M05_ses-20240729T100000_behavior+ecephys.nwb,CA1,1,RtoL,15,30,0.14232386536803734,0.14232386536803726,0.14232386536803743,False,72,72,13.078461034013344,15.092905491042234,9.505349980456248,0.5896656534954408
M05,sub-M05_ses-20240729T100000_behavior+ecephys.nwb,CA1,1,RtoL,16,32,0.18964698249502462,0.18964698249502454,0.1896469824950247,False,72,72,17.071178666667038,13.222082370197175,6.118372270852219,0.5817757009345794
M05,sub-M05_ses-20240729T100000_behavior+ecephys.nwb,CA1,1,RtoL,17,34,0.11719196463900809,0.11719196463900805,0.11719196463900819,False,72,72,14.809929251699941,11.390567349430768,11.893084761476402,0.6505376344086021
M05,sub-M05_ses-20240729T100000_behavior+ecephys.nwb,CA1,1,RtoL,18,36,0.19012357967039903,0.1901235796703989,0.19012357967039914,False,72,72,23.26733466666701,16.87167798097484,6.077746612533073,0.307032590051458
M05,sub-M05_ses-20240729T100000_behavior+ecephys.nwb,CA1,1,RtoL,19,38,0.18919691251789345,0.18919691251789336,0.18919691251789356,False,72,72,21.549517333333824,13.408687961045791,8.222882778044621,0.4
M05,sub-M05_ses-20240729T100000_behavior+ecephys.nwb,CA1,1,RtoL,20,40,0.2419363239569364,0.2419363239569363,0.24193632395693657,False,72,72,16.951229333332776,17.38104008535214,17.08056016060864,0.3915094339622642
M05,sub-M05_ses-20240729T100000_behavior+ecephys.nwb,CA1,1,RtoL,21,42,0.19385557799102351,0.19385557799102338,0.19385557799102368,False,72,72,12.422384952381435,23.126344127274454,24.266262238756248,0.39228295819935693
M05,sub-M05_ses-20240729T100000_behavior+ecephys.nwb,CA1,1,RtoL,22,44,0.13187607543314603,0.13187607543314595,0.13187607543314608,False,72,72,11.296681803921274,19.197564824025733,15.955763714391479,0.5246478873239436
M05,sub-M05_ses-20240729T100000_behavior+ecephys.nwb,CA1,1,RtoL,23,46,0.21274018207670528,0.21274018207670514,0.21274018207670536,False,72,72,15.911982666667427,17.316610087775743,13.296723247366314,0.41854636591478694
M05,sub-M05_ses-20240729T100000_behavior+ecephys.nwb,CA1,1,RtoL,24,48,0.2098699321517301,0.20986993215173008,0.20986993215173017,False,72,72,6.585539215685458,21.78813530251661,23.92945885359716,0.7212121212121212
M05,sub-M05_ses-20240729T100000_behavior+ecephys.nwb,CA1,1,RtoL,25,50,0.2258062877807317,0.22580628778073158,0.22580628778073183,False,72,72,8.499135047619347,20.338408260003085,15.339498434621053,0.6713615023474179
M05,sub-M05_ses-20240729T100000_behavior+ecephys.nwb,CA1,1,RtoL,26,52,0.22294126958426747,0.2229412695842673,0.22294126958426755,False,72,72,12.74690720288072,16.86648919657469,14.285306185916438,0.515625
M05,sub-M05_ses-20240729T100000_behavior+ecephys.nwb,CA1,1,RtoL,27,54,0.19807493968904163,0.19807493968904155,0.19807493968904177,False,72,72,18.449390790162397,11.800436575244005,9.137594564142738,0.5529157667386609
M05,sub-M05_ses-20240729T100000_behavior+ecephys.nwb,CA1,1,RtoL,28,56,0.196368483524541,0.1963684835245409,0.19636848352454114,False,72,72,16.155078911565397,16.750861802741163,11.714966292861485,0.41975308641975306
M05,sub-M05_ses-20240729T100000_behavior+ecephys.nwb,CA1,1,RtoL,29,58,0.17723978638358887,0.17723978638358878,0.17723978638358895,False,72,72,29.89480859010291,13.245460132824546,4.821649257915537,0.31283422459893045
M05,sub-M05_ses-20240729T100000_behavior+ecephys.nwb,CA1,1,RtoL,30,60,0.21112310989181776,0.21112310989181765,0.21112310989181793,False,72,72,12.694879725223473,15.256355963463653,15.080648332632933,0.5768025078369906
M05,sub-M05_ses-20240729T100000_behavior+ecephys.nwb,CA1,1,RtoL,31,62,0.21051620488492886,0.2105162048849287,0.21051620488492898,False,72,72,19.03062466666688,18.48060649304808,7.44913303671709,0.34591194968553457
M05,sub-M05_ses-20240729T100000_behavior+ecephys.nwb,CA1,1,RtoL,32,64,0.20914530103284557,0.20914530103284543,0.2091453010328457,False,72,72,19.0714026394553,15.348590704515669,11.702111702605276,0.3883089770354906
M05,sub-M05_ses-20240729T100000_behavior+ecephys.nwb,CA1,1,RtoL,33,66,0.2090146078435568,0.20901460784355663,0.2090146078435569,False,72,72,7.26579687074809,22.024245610496646,19.31432914480527,0.7142857142857143
M05,sub-M05_ses-20240729T100000_behavior+ecephys.nwb,CA1,1,RtoL,34,68,0.2400508422840991,0.2400508422840989,0.2400508422840992,False,72,72,24.59972925170041,10.728978898537646,8.151901007431361,0.5113636363636364
M05,sub-M05_ses-20240729T100000_behavior+ecephys.nwb,CA1,1,RtoL,35,70,0.1911666161547181,0.19116661615471803,0.1911666161547182,False,72,72,16.71142133333251,15.082547557685245,9.48595995380088,0.4797136038186158
M05,sub-M05_ses-20240729T100000_behavior+ecephys.nwb,CA1,1,RtoL,36,72,0.2136238835084684,0.21362388350846825,0.2136238835084685,False,72,72,28.055677057489447,9.921939439178962,9.236463149275405,0.43366619115549215
M05,sub-M05_ses-20240729T100000_behavior+ecephys.nwb,CA1,1,RtoL,37,74,0.2780019546677784,0.2780019546677783,0.27800195466777855,False,72,72,22.468582666667317,15.548058260589823,14.185299199092032,0.32562277580071175
M05,sub-M05_ses-20240729T100000_behavior+ecephys.nwb,CA1,1,RtoL,38,76,0.26584307137019486,0.26584307137019475,0.2658430713701951,False,72,72,13.334062614379945,21.18709984166954,15.077394105335458,0.40119760479041916
M05,sub-M05_ses-20240729T100000_behavior+ecephys.nwb,CA1,1,RtoL,39,78,0.31356450593303575,0.31356450593303564,0.3135645059330359,False,72,72,10.902604870748291,18.727853245605864,15.73516063668482,0.5656934306569343
M05,sub-M05_ses-20240729T100000_behavior+ecephys.nwb,CA1,1,RtoL,40,80,0.24648959394004422,0.2464895939400441,0.24648959394004438,False,72,72,16.272196666666787,14.189678396022224,10.188743381051616,0.5171568627450981
M05,sub-M05_ses-20240729T100000_behavior+ecephys.nwb,CA1,1,RtoL,41,82,0.20715705915720745,0.20715705915720736,0.2071570591572075,True,72,72,16.856765594770877,15.249576327577524,13.248957268918112,0.43601895734597157
M05,sub-M05_ses-20240729T100000_behavior+ecephys.nwb,CA1,1,RtoL,42,84,0.224249088007447,0.22424908800744683,0.22424908800744714,True,72,72,9.035689333333721,16.070731590603945,12.643599814754428,0.7192982456140351
M05,sub-M05_ses-20240729T100000_behavior+ecephys.nwb,CA1,1,RtoL,43,86,0.3123767198672083,0.3123767198672081,0.3123767198672084,True,72,72,10.033676000000014,16.81134368903949,15.75202789742611,0.6442687747035574
M05,sub-M05_ses-20240729T100000_behavior+ecephys.nwb,CA1,1,RtoL,44,88,0.2331539692013411,0.23315396920134102,0.2331539692013412,True,72,72,6.565099945578368,20.327351915202374,23.52247200329032,0.8181818181818182
M05,sub-M05_ses-20240729T100000_behavior+ecephys.nwb,CA1,1,RtoL,45,90,0.25266793567261375,0.25266793567261364,0.25266793567261386,True,72,72,15.397151960783958,11.79449420775955,7.553345058392032,0.6658031088082902
M05,sub-M05_ses-20240729T100000_behavior+ecephys.nwb,CA1,1,RtoL,46,92,0.17514413882158011,0.1751441388215801,0.17514413882158017,True,72,72,10.416572261437068,13.442294490646777,12.17388816521312,0.8045977011494253
M05,sub-M05_ses-20240729T100000_behavior+ecephys.nwb,CA1,1,RtoL,47,94,0.1813148151456829,0.18131481514568282,0.18131481514568298,True,72,72,37.4432750326805,9.585464453528177,6.398110645672895,0.34044823906083244
M05,sub-M05_ses-20240729T100000_behavior+ecephys.nwb,CA1,1,RtoL,48,96,0.12750301203216738,0.12750301203216732,0.12750301203216743,True,72,72,33.368212897958074,9.165299495575868,7.672923830816518,0.38083832335329343
M05,sub-M05_ses-20240729T100000_behavior+ecephys.nwb,CA1,1,RtoL,49,97,0.15892444316758106,0.158924443167581,0.15892444316758117,True,72,72,16.71140533333346,10.89736181792835,9.099125232614599,0.6578947368421053
M05,sub-M05_ses-20240729T100000_behavior+ecephys.nwb,CA1,1,RtoL,50,99,0.2557249620989902,0.2557249620989901,0.25572496209899037,True,72,72,29.265824000000066,10.205895749122924,7.6005199467979825,0.5225102319236017
M05,sub-M05_ses-20240729T100000_behavior+ecephys.nwb,CA3,1,LtoR,1,1,0.1215658738448522,0.0777176695773433,0.18397642684909113,False,128,72,11.62216971428552,17.33788439911798,16.382420916540788,0.5223367697594502
M05,sub-M05_ses-20240729T100000_behavior+ecephys.nwb,CA3,1,LtoR,2,3,0.06545051604139525,-0.017937511380887124,0.12138700382809714,False,128,72,14.11274933333334,5.788707163039325,4.341607912228243,0.38243626062322944
M05,sub-M05_ses-20240729T100000_behavior+ecephys.nwb,CA3,1,LtoR,3,5,0.11747441171470518,0.07268384145052537,0.16732320230053901,False,128,72,10.038813850340375,15.057432932740246,12.785262031473902,0.6561264822134387
M05,sub-M05_ses-20240729T100000_behavior+ecephys.nwb,CA3,1,LtoR,4,7,0.07549137029109348,0.009191999443751172,0.14199550258912536,False,128,72,10.350310721088135,6.3303004275673125,4.582287701003439,0.27692307692307694
M05,sub-M05_ses-20240729T100000_behavior+ecephys.nwb,CA3,1,LtoR,5,9,0.09606508719797563,0.052928227169510816,0.13942885774246885,False,128,72,30.185126666667202,11.109325945106555,5.904368148501636,0.36904761904761907
M05,sub-M05_ses-20240729T100000_behavior+ecephys.nwb,CA3,1,LtoR,6,11,0.11081616964244648,0.055830312003024074,0.1727404937713238,False,128,72,25.707462666666288,12.055606461970532,7.817911391226794,0.37636080870917576
M05,sub-M05_ses-20240729T100000_behavior+ecephys.nwb,CA3,1,LtoR,7,13,0.12203465544919526,0.07740824019402796,0.17376885776861264,False,128,72,49.1753453333331,9.239357013585613,6.133245048025211,0.44878048780487806
M05,sub-M05_ses-20240729T100000_behavior+ecephys.nwb,CA3,1,LtoR,8,15,0.10668827278357979,0.06339146510218442,0.1501944300829371,False,128,72,17.533184261437782,14.45568975107792,11.170219135740389,0.46924829157175396
M05,sub-M05_ses-20240729T100000_behavior+ecephys.nwb,CA3,1,LtoR,9,17,0.10200390141539611,0.040304832714477934,0.15742635323432738,False,128,72,47.54004703267856,8.723711788250242,4.632528737930193,0.35042016806722687
M05,sub-M05_ses-20240729T100000_behavior+ecephys.nwb,CA3,1,LtoR,10,19,0.09511510126410423,0.0397910128926373,0.14232322539588438,False,128,72,19.96328622222154,12.772124831133791,7.764156047616543,0.572
M05,sub-M05_ses-20240729T100000_behavior+ecephys.nwb,CA3,1,LtoR,11,21,0.1308854285162147,0.07582378381853187,0.17802013246513568,False,128,72,13.11367600000085,15.932496257879478,11.021968150250427,0.547112462006079
M05,sub-M05_ses-20240729T100000_behavior+ecephys.nwb,CA3,1,LtoR,12,23,0.17122280318461547,0.12011357238785064,0.22025876183845505,False,128,72,19.270461333333515,12.501974869192198,8.10993690437857,0.4968944099378882
M05,sub-M05_ses-20240729T100000_behavior+ecephys.nwb,CA3,1,LtoR,13,25,0.13720721813725922,0.09423929231660581,0.18140061729872306,False,128,72,18.51101866666704,12.122891580680234,8.4595395012863,0.646551724137931
M05,sub-M05_ses-20240729T100000_behavior+ecephys.nwb,CA3,1,LtoR,14,27,0.10062092730038638,0.040696281288391006,0.16664071144276996,False,128,72,15.112167999999656,13.678458221657015,9.25687216025705,0.5857519788918206
M05,sub-M05_ses-20240729T100000_behavior+ecephys.nwb,CA3,1,LtoR,15,29,0.15128784945131457,0.09729496430021697,0.21406778649959107,False,128,72,14.87250266666706,13.981208265315157,9.413905905832797,0.5725806451612904
M05,sub-M05_ses-20240729T100000_behavior+ecephys.nwb,CA3,1,LtoR,16,31,0.02531074012142621,-0.02770087714400812,0.08146482101714371,False,128,72,12.748514965986033,16.251708880919704,20.001623333444563,0.5454545454545454
M05,sub-M05_ses-20240729T100000_behavior+ecephys.nwb,CA3,1,LtoR,17,33,0.13717241299995991,0.07896146216409773,0.1924413753820746,False,128,72,35.53481044898035,10.518820623308311,6.307936814784551,0.4263217097862767
M05,sub-M05_ses-20240729T100000_behavior+ecephys.nwb,CA3,1,LtoR,18,35,0.08348238011325494,0.03552146729251866,0.13910875864650205,False,128,72,16.063133632652352,13.12626057423303,8.769293704066907,0.5845771144278606
M05,sub-M05_ses-20240729T100000_behavior+ecephys.nwb,CA3,1,LtoR,19,37,0.123468507100708,0.06839639525845881,0.17956462642677984,False,128,72,10.315414666666584,19.922196844263386,21.49422621328699,0.5310077519379846
M05,sub-M05_ses-20240729T100000_behavior+ecephys.nwb,CA3,1,LtoR,20,39,0.07140417796233223,0.016129350892772676,0.11437835791304077,False,128,72,12.313881333333484,13.911232270392228,7.633030603919691,0.6612903225806451
M05,sub-M05_ses-20240729T100000_behavior+ecephys.nwb,CA3,1,LtoR,21,41,0.06123651192698778,0.014100520400960792,0.1086328478233557,False,128,72,11.646456380952259,16.35705375466817,8.885501968166894,0.5802047781569966
M05,sub-M05_ses-20240729T100000_behavior+ecephys.nwb,CA3,1,LtoR,22,43,0.08701202158238365,0.03160469985036581,0.13605989687488346,False,128,72,30.464790666666886,10.231477274683687,5.675631978196898,0.38713910761154857
M05,sub-M05_ses-20240729T100000_behavior+ecephys.nwb,CA3,1,LtoR,23,45,0.11285426366829333,0.04919809032741055,0.16512877002592785,False,128,72,19.007630196078026,13.240526614869673,7.273325258430655,0.4474789915966387
M05,sub-M05_ses-20240729T100000_behavior+ecephys.nwb,CA3,1,LtoR,24,47,0.11021337023687869,0.054338019246377746,0.16606292587643723,False,128,72,14.153972758170312,15.866539324764942,8.85620088425923,0.571830985915493
M05,sub-M05_ses-20240729T100000_behavior+ecephys.nwb,CA3,1,LtoR,25,49,0.1521640829756148,0.1046025752718327,0.20694005825735742,False,128,72,34.33017964519149,12.004517196236232,5.979379022605362,0.4046511627906977
M05,sub-M05_ses-20240729T100000_behavior+ecephys.nwb,CA3,1,LtoR,26,51,0.1740994700336119,0.11139497570709606,0.22825443502942933,False,128,72,31.399533659863664,10.921754207246186,7.73184558086775,0.3893129770992366
M05,sub-M05_ses-20240729T100000_behavior+ecephys.nwb,CA3,1,LtoR,27,53,0.14705454312236677,0.07925091619443393,0.204360926416163,False,128,72,11.8534138855548,16.740164588443143,12.830626664247331,0.5858585858585859
M05,sub-M05_ses-20240729T100000_behavior+ecephys.nwb,CA3,1,LtoR,28,55,0.15514314325702214,0.0955328315145813,0.2072739300841377,False,128,72,24.386423495550844,11.533787855197536,6.454188951767223,0.4901639344262295
M05,sub-M05_ses-20240729T100000_behavior+ecephys.nwb,CA3,1,LtoR,29,57,0.11853694135408578,0.05508737257902041,0.1690885073329282,False,128,72,15.389046511938432,20.616081627499657,19.833081677050345,0.33678756476683935
M05,sub-M05_ses-20240729T100000_behavior+ecephys.nwb,CA3,1,LtoR,30,59,0.12673852163145105,0.06652244860756966,0.18901598027254335,False,128,72,15.379831292516428,16.269594343155642,15.969591983950426,0.412987012987013
M05,sub-M05_ses-20240729T100000_behavior+ecephys.nwb,CA3,1,LtoR,31,61,0.1354278073005547,0.07485712397093962,0.19079172126626973,False,128,72,23.904941934640192,14.645816429971834,9.063717323815245,0.34615384615384615
M05,sub-M05_ses-20240729T100000_behavior+ecephys.nwb,CA3,1,LtoR,32,63,0.1745948612429047,0.10347336745028338,0.2491132145576973,False,128,72,29.1842046938782,10.173792894168962,7.750054716772905,0.4191780821917808
M05,sub-M05_ses-20240729T100000_behavior+ecephys.nwb,CA3,1,LtoR,33,65,0.17331849351430795,0.11127695688730968,0.22054882368390777,False,128,72,41.140109333333385,10.105305938862044,5.982638453694241,0.358600583090379
M05,sub-M05_ses-20240729T100000_behavior+ecephys.nwb,CA3,1,LtoR,34,67,0.15511085503973898,0.0947112410154307,0.2142086449606679,False,128,72,19.745214965986634,16.70375956722106,14.109777283750567,0.3434343434343434
M05,sub-M05_ses-20240729T100000_behavior+ecephys.nwb,CA3,1,LtoR,35,69,0.18610767951576213,0.1209013526594465,0.24785445242820286,False,128,72,30.46924424489862,12.3586660283781,6.421213065000309,0.33551769331585846
M05,sub-M05_ses-20240729T100000_behavior+ecephys.nwb,CA3,1,LtoR,36,71,0.19641059221739557,0.13246794566504735,0.24462715797504508,False,128,72,24.632717908497398,9.130277939406628,7.111106952024241,0.5526742301458671
M05,sub-M05_ses-20240729T100000_behavior+ecephys.nwb,CA3,1,LtoR,37,73,0.1248010135372676,0.05300798900912308,0.18464532820648855,False,128,72,89.1611463673471,8.014461696663982,5.369725550539661,0.29224562976243834
M05,sub-M05_ses-20240729T100000_behavior+ecephys.nwb,CA3,1,LtoR,38,75,0.11203618437154156,0.06023286287290176,0.1589650410530685,False,128,72,44.21766266666509,13.412442970384769,9.245882213093232,0.46160794941282746
M05,sub-M05_ses-20240729T100000_behavior+ecephys.nwb,CA3,1,LtoR,39,77,0.18491080187964198,0.11699274549306372,0.24898469792561978,False,128,72,27.445436052286823,12.441386487812807,9.556644255495849,0.3435225618631732
M05,sub-M05_ses-20240729T100000_behavior+ecephys.nwb,CA3,1,LtoR,40,79,0.17280309341534916,0.10735885718629935,0.23149247011057272,True,128,72,37.6730837959185,9.544346362413906,7.188404314331196,0.40402969247083775
M05,sub-M05_ses-20240729T100000_behavior+ecephys.nwb,CA3,1,LtoR,41,81,0.15365552823218742,0.10114942280807727,0.2030099839964721,True,128,72,23.883522405229087,13.18489856579991,8.347006814390845,0.38461538461538464
M05,sub-M05_ses-20240729T100000_behavior+ecephys.nwb,CA3,1,LtoR,42,83,0.15825335880277946,0.10201277686951088,0.2142862311194741,True,128,72,38.30037066666682,15.356826015443959,10.712016957156203,0.524008350730689
M05,sub-M05_ses-20240729T100000_behavior+ecephys.nwb,CA3,1,LtoR,43,85,0.19456094466964852,0.129466672576503,0.24883320860452715,True,128,72,12.914534666666441,14.345904546377643,11.925919735774931,0.6191950464396285
M05,sub-M05_ses-20240729T100000_behavior+ecephys.nwb,CA3,1,LtoR,44,87,0.24514903408301567,0.18071534988165114,0.3082634167432079,True,128,72,71.11698672108832,10.07268301143991,7.075514671292872,0.45388076490438695
M05,sub-M05_ses-20240729T100000_behavior+ecephys.nwb,CA3,1,LtoR,45,89,0.19918129621721498,0.14145169026731041,0.27136089049926426,True,128,72,16.191714000000502,13.77513793878421,11.754146073197603,0.5763546798029556
M05,sub-M05_ses-20240729T100000_behavior+ecephys.nwb,CA3,1,LtoR,46,91,0.1624085165245941,0.09949674137991468,0.21938037169015223,True,128,72,12.708846039216041,14.713494315531285,11.640912700248673,0.6081504702194357
M05,sub-M05_ses-20240729T100000_behavior+ecephys.nwb,CA3,1,LtoR,47,93,0.23825279924167897,0.1737351447323352,0.29767671536688656,True,128,72,46.47525307189517,9.572942327683794,6.190534813333251,0.5004299226139295
M05,sub-M05_ses-20240729T100000_behavior+ecephys.nwb,CA3,1,LtoR,48,95,0.12791294135525313,0.06232586196748884,0.1905098777288852,True,128,72,21.86104006936148,9.886608167173469,8.136684695294745,0.5948905109489051
M05,sub-M05_ses-20240729T100000_behavior+ecephys.nwb,CA3,1,LtoR,49,98,0.13913337387050692,0.0848845277192947,0.18830014189719005,True,128,72,20.109225333332688,14.02092462431377,11.693747519559222,0.3948412698412698
M05,sub-M05_ses-20240729T100000_behavior+ecephys.nwb,CA3,1,RtoL,1,2,0.08838670861466448,0.04858687947724306,0.12795346560707271,False,128,72,26.906200000000354,21.460769807615772,23.03557221934374,0.17655786350148367
M05,sub-M05_ses-20240729T100000_behavior+ecephys.nwb,CA3,1,RtoL,2,4,,,,False,128,72,0.39957866666645714,,,0.0
M05,sub-M05_ses-20240729T100000_behavior+ecephys.nwb,CA3,1,RtoL,3,6,0.0523168213265961,0.0102370344456318,0.09691337213342464,False,128,72,19.30773281632628,15.096581661994524,14.28088289875727,0.39337474120082816
M05,sub-M05_ses-20240729T100000_behavior+ecephys.nwb,CA3,1,RtoL,4,8,0.19558031941657003,-0.012489408974737774,0.272071209206899,False,128,72,0.40397727891195245,4.577721354645612,4.696873088667678,0.2727272727272727
M05,sub-M05_ses-20240729T100000_behavior+ecephys.nwb,CA3,1,RtoL,5,10,0.13513657965047682,0.0918620390418818,0.17842385321125062,False,128,72,22.508514666666088,14.015276698430126,7.649563045490947,0.4219858156028369
M05,sub-M05_ses-20240729T100000_behavior+ecephys.nwb,CA3,1,RtoL,6,12,0.10671291522619707,0.05176406333671271,0.15736322133922934,False,128,72,18.511306666667224,13.77784150756317,9.04371845575291,0.4482758620689655
M05,sub-M05_ses-20240729T100000_behavior+ecephys.nwb,CA3,1,RtoL,7,14,0.1362822247635173,0.08610681567988543,0.17974867773723543,False,128,72,20.989199999999983,18.584809516566256,7.83948774106136,0.30038022813688214
M05,sub-M05_ses-20240729T100000_behavior+ecephys.nwb,CA3,1,RtoL,8,16,0.11244693781147802,0.06807618582255814,0.15389778838295481,False,128,72,7.251098039216231,24.01489719648278,21.888488608977845,0.6318681318681318
M05,sub-M05_ses-20240729T100000_behavior+ecephys.nwb,CA3,1,RtoL,9,18,0.12243398276824502,0.07283533541346832,0.17989092179873703,False,128,72,38.92644577777901,9.242531317332045,5.711588166781116,0.37679671457905545
M05,sub-M05_ses-20240729T100000_behavior+ecephys.nwb,CA3,1,RtoL,10,20,0.10913975861049316,0.05447910095383211,0.15651221498767215,False,128,72,13.43390666666619,13.273086545672632,10.50834646669045,0.6735905044510386
M05,sub-M05_ses-20240729T100000_behavior+ecephys.nwb,CA3,1,RtoL,11,22,0.10406279134608476,0.0587233273762133,0.14545635748137373,False,128,72,34.70227866666664,12.983739815379193,7.204447034435169,0.2903225806451613
M05,sub-M05_ses-20240729T100000_behavior+ecephys.nwb,CA3,1,RtoL,12,24,0.13648203397114017,0.08965904669996376,0.18578424878979571,False,128,72,24.587459999999737,11.523137228737491,4.519328375938052,0.44805194805194803
M05,sub-M05_ses-20240729T100000_behavior+ecephys.nwb,CA3,1,RtoL,13,26,0.1124743472715517,0.07421022770331981,0.16661895971694934,False,128,72,23.428231999999298,16.8058490867921,11.421636317315759,0.3003412969283277
M05,sub-M05_ses-20240729T100000_behavior+ecephys.nwb,CA3,1,RtoL,14,28,0.10633848911651864,0.06329138242302411,0.1458817159177104,False,128,72,29.386256000000685,10.38671021068048,7.901836068530132,0.4633152173913043
M05,sub-M05_ses-20240729T100000_behavior+ecephys.nwb,CA3,1,RtoL,15,30,0.1255874874084878,0.07835187982332278,0.17519412764784295,False,128,72,13.078461034013344,15.092905491042234,9.505349980456248,0.5896656534954408
M05,sub-M05_ses-20240729T100000_behavior+ecephys.nwb,CA3,1,RtoL,16,32,0.13873046758950547,0.08783161664355736,0.19530211593704475,False,128,72,17.071178666667038,13.222082370197175,6.118372270852219,0.5817757009345794
M05,sub-M05_ses-20240729T100000_behavior+ecephys.nwb,CA3,1,RtoL,17,34,0.14628485022830368,0.08522854979310679,0.19307450116236227,False,128,72,14.809929251699941,11.390567349430768,11.893084761476402,0.6505376344086021
M05,sub-M05_ses-20240729T100000_behavior+ecephys.nwb,CA3,1,RtoL,18,36,0.14993893935265185,0.09450545993559904,0.20513933275978852,False,128,72,23.26733466666701,16.87167798097484,6.077746612533073,0.307032590051458
M05,sub-M05_ses-20240729T100000_behavior+ecephys.nwb,CA3,1,RtoL,19,38,0.13825506237845603,0.06598309594567348,0.19599556004605795,False,128,72,21.549517333333824,13.408687961045791,8.222882778044621,0.4
M05,sub-M05_ses-20240729T100000_behavior+ecephys.nwb,CA3,1,RtoL,20,40,0.1416967213159643,0.09228957433257483,0.18802923335011804,False,128,72,16.951229333332776,17.38104008535214,17.08056016060864,0.3915094339622642
M05,sub-M05_ses-20240729T100000_behavior+ecephys.nwb,CA3,1,RtoL,21,42,0.1179649065843516,0.05685972228329318,0.17149371779010317,False,128,72,12.422384952381435,23.126344127274454,24.266262238756248,0.39228295819935693
M05,sub-M05_ses-20240729T100000_behavior+ecephys.nwb,CA3,1,RtoL,22,44,0.11457166912595759,0.05995237930046337,0.15875536809710838,False,128,72,11.296681803921274,19.197564824025733,15.955763714391479,0.5246478873239436
M05,sub-M05_ses-20240729T100000_behavior+ecephys.nwb,CA3,1,RtoL,23,46,0.12610332415796163,0.0755639656458783,0.17108961542445222,False,128,72,15.911982666667427,17.316610087775743,13.296723247366314,0.41854636591478694
M05,sub-M05_ses-20240729T100000_behavior+ecephys.nwb,CA3,1,RtoL,24,48,0.04335320548708654,-0.011691951410242393,0.09765204443959083,False,128,72,6.585539215685458,21.78813530251661,23.92945885359716,0.7212121212121212
M05,sub-M05_ses-20240729T100000_behavior+ecephys.nwb,CA3,1,RtoL,25,50,0.13237581328750736,0.08489820221803966,0.17340267626083622,False,128,72,8.499135047619347,20.338408260003085,15.339498434621053,0.6713615023474179
M05,sub-M05_ses-20240729T100000_behavior+ecephys.nwb,CA3,1,RtoL,26,52,0.1464811556716706,0.08754337731842746,0.19842644932590503,False,128,72,12.74690720288072,16.86648919657469,14.285306185916438,0.515625
M05,sub-M05_ses-20240729T100000_behavior+ecephys.nwb,CA3,1,RtoL,27,54,0.11200550785868474,0.058847901639444034,0.15963490483703444,False,128,72,18.449390790162397,11.800436575244005,9.137594564142738,0.5529157667386609
M05,sub-M05_ses-20240729T100000_behavior+ecephys.nwb,CA3,1,RtoL,28,56,0.1259255615742588,0.07324828718331569,0.17763562763865376,False,128,72,16.155078911565397,16.750861802741163,11.714966292861485,0.41975308641975306
M05,sub-M05_ses-20240729T100000_behavior+ecephys.nwb,CA3,1,RtoL,29,58,0.11633729786693575,0.0621687314373884,0.16189560184640858,False,128,72,29.89480859010291,13.245460132824546,4.821649257915537,0.31283422459893045
M05,sub-M05_ses-20240729T100000_behavior+ecephys.nwb,CA3,1,RtoL,30,60,0.12313278023293545,0.07220412786645715,0.1726578346296031,False,128,72,12.694879725223473,15.256355963463653,15.080648332632933,0.5768025078369906
M05,sub-M05_ses-20240729T100000_behavior+ecephys.nwb,CA3,1,RtoL,31,62,0.14172703276722948,0.09081546130059506,0.19498764713308436,False,128,72,19.03062466666688,18.48060649304808,7.44913303671709,0.34591194968553457
M05,sub-M05_ses-20240729T100000_behavior+ecephys.nwb,CA3,1,RtoL,32,64,0.12131113496305457,0.0696551272241135,0.16992060579772755,False,128,72,19.0714026394553,15.348590704515669,11.702111702605276,0.3883089770354906
M05,sub-M05_ses-20240729T100000_behavior+ecephys.nwb,CA3,1,RtoL,33,66,0.1267780273627385,0.05417131313878406,0.181031860531327,False,128,72,7.26579687074809,22.024245610496646,19.31432914480527,0.7142857142857143
M05,sub-M05_ses-20240729T100000_behavior+ecephys.nwb,CA3,1,RtoL,34,68,0.20307856329529672,0.13168101854740125,0.25871817982432926,False,128,72,24.59972925170041,10.728978898537646,8.151901007431361,0.5113636363636364
M05,sub-M05_ses-20240729T100000_behavior+ecephys.nwb,CA3,1,RtoL,35,70,0.15816736221449681,0.08902561530906815,0.2115778575340034,False,128,72,16.71142133333251,15.082547557685245,9.48595995380088,0.4797136038186158
M05,sub-M05_ses-20240729T100000_behavior+ecephys.nwb,CA3,1,RtoL,36,72,0.10262317167448667,0.046103996158780976,0.14956079789127047,False,128,72,28.055677057489447,9.921939439178962,9.236463149275405,0.43366619115549215
M05,sub-M05_ses-20240729T100000_behavior+ecephys.nwb,CA3,1,RtoL,37,74,0.211257241627256,0.15406941098308932,0.25546316698858446,False,128,72,22.468582666667317,15.548058260589823,14.185299199092032,0.32562277580071175
M05,sub-M05_ses-20240729T100000_behavior+ecephys.nwb,CA3,1,RtoL,38,76,0.14316415257172974,0.07637512454153941,0.19426129385219926,False,128,72,13.334062614379945,21.18709984166954,15.077394105335458,0.40119760479041916
M05,sub-M05_ses-20240729T100000_behavior+ecephys.nwb,CA3,1,RtoL,39,78,0.1778325049578392,0.13464671633152148,0.21854138317957714,False,128,72,10.902604870748291,18.727853245605864,15.73516063668482,0.5656934306569343
M05,sub-M05_ses-20240729T100000_behavior+ecephys.nwb,CA3,1,RtoL,40,80,0.17774379444179983,0.12995784751871545,0.22504217763759624,False,128,72,16.272196666666787,14.189678396022224,10.188743381051616,0.5171568627450981
M05,sub-M05_ses-20240729T100000_behavior+ecephys.nwb,CA3,1,RtoL,41,82,0.15047993415725325,0.10309611058770686,0.1872877358089656,True,128,72,16.856765594770877,15.249576327577524,13.248957268918112,0.43601895734597157
M05,sub-M05_ses-20240729T100000_behavior+ecephys.nwb,CA3,1,RtoL,42,84,0.08203888911000953,0.023040375377823556,0.1278732493144839,True,128,72,9.035689333333721,16.070731590603945,12.643599814754428,0.7192982456140351
M05,sub-M05_ses-20240729T100000_behavior+ecephys.nwb,CA3,1,RtoL,43,86,0.09287469603542303,0.047126594478022824,0.13207274649837902,True,128,72,10.033676000000014,16.81134368903949,15.75202789742611,0.6442687747035574
M05,sub-M05_ses-20240729T100000_behavior+ecephys.nwb,CA3,1,RtoL,44,88,0.10732882820934331,0.06315370086427517,0.1530284110277547,True,128,72,6.565099945578368,20.327351915202374,23.52247200329032,0.8181818181818182
M05,sub-M05_ses-20240729T100000_behavior+ecephys.nwb,CA3,1,RtoL,45,90,0.12674438717508987,0.07776852375919568,0.1799957336369409,True,128,72,15.397151960783958,11.79449420775955,7.553345058392032,0.6658031088082902
M05,sub-M05_ses-20240729T100000_behavior+ecephys.nwb,CA3,1,RtoL,46,92,0.033833356502866424,-0.017447034602432798,0.07568978624716606,True,128,72,10.416572261437068,13.442294490646777,12.17388816521312,0.8045977011494253
M05,sub-M05_ses-20240729T100000_behavior+ecephys.nwb,CA3,1,RtoL,47,94,0.1200855823597109,0.060279316454484554,0.17055560642986783,True,128,72,37.4432750326805,9.585464453528177,6.398110645672895,0.34044823906083244
M05,sub-M05_ses-20240729T100000_behavior+ecephys.nwb,CA3,1,RtoL,48,96,0.07881677216496,0.039925126385341195,0.12062237020316131,True,128,72,33.368212897958074,9.165299495575868,7.672923830816518,0.38083832335329343
M05,sub-M05_ses-20240729T100000_behavior+ecephys.nwb,CA3,1,RtoL,49,97,0.18475599185859876,0.1304771881762614,0.2348160821193622,True,128,72,16.71140533333346,10.89736181792835,9.099125232614599,0.6578947368421053
M05,sub-M05_ses-20240729T100000_behavior+ecephys.nwb,CA3,1,RtoL,50,99,0.11559580206281378,0.07720447159738905,0.16739501899646778,True,128,72,29.265824000000066,10.205895749122924,7.6005199467979825,0.5225102319236017
M05,sub-M05_ses-20240729T100000_behavior+ecephys.nwb,RSC,1,LtoR,1,1,0.11423672026349166,0.07985182526176386,0.14759672042516325,False,100,72,11.62216971428552,17.33788439911798,16.382420916540788,0.5223367697594502
M05,sub-M05_ses-20240729T100000_behavior+ecephys.nwb,RSC,1,LtoR,2,3,0.2477709985798292,0.1604001828745128,0.31048626343820895,False,100,72,14.11274933333334,5.788707163039325,4.341607912228243,0.38243626062322944
M05,sub-M05_ses-20240729T100000_behavior+ecephys.nwb,RSC,1,LtoR,3,5,0.0795181344817239,0.050896212037644654,0.10529185724222137,False,100,72,10.038813850340375,15.057432932740246,12.785262031473902,0.6561264822134387
M05,sub-M05_ses-20240729T100000_behavior+ecephys.nwb,RSC,1,LtoR,4,7,0.3449581819804999,0.24561702756019704,0.4104221868329167,False,100,72,10.350310721088135,6.3303004275673125,4.582287701003439,0.27692307692307694
M05,sub-M05_ses-20240729T100000_behavior+ecephys.nwb,RSC,1,LtoR,5,9,0.02983321459381299,0.0018617295722670733,0.058345561206155715,False,100,72,30.185126666667202,11.109325945106555,5.904368148501636,0.36904761904761907
M05,sub-M05_ses-20240729T100000_behavior+ecephys.nwb,RSC,1,LtoR,6,11,0.08284557519280522,0.05919135216293048,0.11011564494972491,False,100,72,25.707462666666288,12.055606461970532,7.817911391226794,0.37636080870917576
M05,sub-M05_ses-20240729T100000_behavior+ecephys.nwb,RSC,1,LtoR,7,13,0.0991380266117832,0.07124541278635511,0.12313894902918014,False,100,72,49.1753453333331,9.239357013585613,6.133245048025211,0.44878048780487806
M05,sub-M05_ses-20240729T100000_behavior+ecephys.nwb,RSC,1,LtoR,8,15,0.03900435618108451,0.00917754446853808,0.0662225612484877,False,100,72,17.533184261437782,14.45568975107792,11.170219135740389,0.46924829157175396
M05,sub-M05_ses-20240729T100000_behavior+ecephys.nwb,RSC,1,LtoR,9,17,0.11679864564932582,0.08838616625635431,0.14214764495168647,False,100,72,47.54004703267856,8.723711788250242,4.632528737930193,0.35042016806722687
M05,sub-M05_ses-20240729T100000_behavior+ecephys.nwb,RSC,1,LtoR,10,19,0.0701310632845874,0.039278231307921706,0.10278535926891896,False,100,72,19.96328622222154,12.772124831133791,7.764156047616543,0.572
M05,sub-M05_ses-20240729T100000_behavior+ecephys.nwb,RSC,1,LtoR,11,21,0.11403690918489723,0.08291089511313833,0.149102212015805,False,100,72,13.11367600000085,15.932496257879478,11.021968150250427,0.547112462006079
M05,sub-M05_ses-20240729T100000_behavior+ecephys.nwb,RSC,1,LtoR,12,23,0.1419853803061915,0.10554558529813615,0.17004621135188097,False,100,72,19.270461333333515,12.501974869192198,8.10993690437857,0.4968944099378882
M05,sub-M05_ses-20240729T100000_behavior+ecephys.nwb,RSC,1,LtoR,13,25,0.11004695360800074,0.07951588061344769,0.13997941623860533,False,100,72,18.51101866666704,12.122891580680234,8.4595395012863,0.646551724137931
M05,sub-M05_ses-20240729T100000_behavior+ecephys.nwb,RSC,1,LtoR,14,27,0.22185280563987175,0.18463758116111337,0.2523864909839929,False,100,72,15.112167999999656,13.678458221657015,9.25687216025705,0.5857519788918206
M05,sub-M05_ses-20240729T100000_behavior+ecephys.nwb,RSC,1,LtoR,15,29,0.11948969465781001,0.07684104188258263,0.1490566347724217,False,100,72,14.87250266666706,13.981208265315157,9.413905905832797,0.5725806451612904
M05,sub-M05_ses-20240729T100000_behavior+ecephys.nwb,RSC,1,LtoR,16,31,0.05864339190684809,0.019760000040146736,0.09197456031284697,False,100,72,12.748514965986033,16.251708880919704,20.001623333444563,0.5454545454545454
M05,sub-M05_ses-20240729T100000_behavior+ecephys.nwb,RSC,1,LtoR,17,33,0.110273405181437,0.0774998210805466,0.142625488557493,False,100,72,35.53481044898035,10.518820623308311,6.307936814784551,0.4263217097862767
M05,sub-M05_ses-20240729T100000_behavior+ecephys.nwb,RSC,1,LtoR,18,35,0.11359931449687118,0.08777664621567434,0.1354767771290916,False,100,72,16.063133632652352,13.12626057423303,8.769293704066907,0.5845771144278606
M05,sub-M05_ses-20240729T100000_behavior+ecephys.nwb,RSC,1,LtoR,19,37,0.09127279720614942,0.05612023976546885,0.12234740226506256,False,100,72,10.315414666666584,19.922196844263386,21.49422621328699,0.5310077519379846
M05,sub-M05_ses-20240729T100000_behavior+ecephys.nwb,RSC,1,LtoR,20,39,0.1289476404938451,0.09859365788954226,0.1641610137396374,False,100,72,12.313881333333484,13.911232270392228,7.633030603919691,0.6612903225806451
M05,sub-M05_ses-20240729T100000_behavior+ecephys.nwb,RSC,1,LtoR,21,41,0.12175831564855204,0.0791627103640427,0.16172519637374275,False,100,72,11.646456380952259,16.35705375466817,8.885501968166894,0.5802047781569966
M05,sub-M05_ses-20240729T100000_behavior+ecephys.nwb,RSC,1,LtoR,22,43,0.08468007379818815,0.06092634038186631,0.11562329656037641,False,100,72,30.464790666666886,10.231477274683687,5.675631978196898,0.38713910761154857
M05,sub-M05_ses-20240729T100000_behavior+ecephys.nwb,RSC,1,LtoR,23,45,0.13685375944717063,0.10949853393203846,0.1593369582731624,False,100,72,19.007630196078026,13.240526614869673,7.273325258430655,0.4474789915966387
M05,sub-M05_ses-20240729T100000_behavior+ecephys.nwb,RSC,1,LtoR,24,47,0.11603824411067737,0.08680172055399303,0.14525485154146067,False,100,72,14.153972758170312,15.866539324764942,8.85620088425923,0.571830985915493
M05,sub-M05_ses-20240729T100000_behavior+ecephys.nwb,RSC,1,LtoR,25,49,0.11995047181036332,0.08847632536898076,0.14618690705055767,False,100,72,34.33017964519149,12.004517196236232,5.979379022605362,0.4046511627906977
M05,sub-M05_ses-20240729T100000_behavior+ecephys.nwb,RSC,1,LtoR,26,51,0.2072153198171086,0.1677879601927421,0.2391613734068254,False,100,72,31.399533659863664,10.921754207246186,7.73184558086775,0.3893129770992366
M05,sub-M05_ses-20240729T100000_behavior+ecephys.nwb,RSC,1,LtoR,27,53,0.13580279372458376,0.10866702466413138,0.16100189429621223,False,100,72,11.8534138855548,16.740164588443143,12.830626664247331,0.5858585858585859
M05,sub-M05_ses-20240729T100000_behavior+ecephys.nwb,RSC,1,LtoR,28,55,0.1290358832011715,0.09132058702139603,0.15882491942352578,False,100,72,24.386423495550844,11.533787855197536,6.454188951767223,0.4901639344262295
M05,sub-M05_ses-20240729T100000_behavior+ecephys.nwb,RSC,1,LtoR,29,57,0.0646477993832335,0.028232870204978437,0.09810622476223169,False,100,72,15.389046511938432,20.616081627499657,19.833081677050345,0.33678756476683935
M05,sub-M05_ses-20240729T100000_behavior+ecephys.nwb,RSC,1,LtoR,30,59,0.1335424518753316,0.09428184136463247,0.16494040030224943,False,100,72,15.379831292516428,16.269594343155642,15.969591983950426,0.412987012987013
M05,sub-M05_ses-20240729T100000_behavior+ecephys.nwb,RSC,1,LtoR,31,61,0.16525717589847938,0.13694921791087517,0.2003220928849439,False,100,72,23.904941934640192,14.645816429971834,9.063717323815245,0.34615384615384615
M05,sub-M05_ses-20240729T100000_behavior+ecephys.nwb,RSC,1,LtoR,32,63,0.15009996021533137,0.11158300894587331,0.19062138707888782,False,100,72,29.1842046938782,10.173792894168962,7.750054716772905,0.4191780821917808
M05,sub-M05_ses-20240729T100000_behavior+ecephys.nwb,RSC,1,LtoR,33,65,0.17186437822516798,0.14220128464275908,0.20496691428296182,False,100,72,41.140109333333385,10.105305938862044,5.982638453694241,0.358600583090379
M05,sub-M05_ses-20240729T100000_behavior+ecephys.nwb,RSC,1,LtoR,34,67,0.1936125924812654,0.1565053377796138,0.22995049375395568,False,100,72,19.745214965986634,16.70375956722106,14.109777283750567,0.3434343434343434
M05,sub-M05_ses-20240729T100000_behavior+ecephys.nwb,RSC,1,LtoR,35,69,0.17027754297288816,0.14185412732328537,0.1977573932327692,False,100,72,30.46924424489862,12.3586660283781,6.421213065000309,0.33551769331585846
M05,sub-M05_ses-20240729T100000_behavior+ecephys.nwb,RSC,1,LtoR,36,71,0.1704249062119088,0.13165498562268213,0.20198399443916343,False,100,72,24.632717908497398,9.130277939406628,7.111106952024241,0.5526742301458671
M05,sub-M05_ses-20240729T100000_behavior+ecephys.nwb,RSC,1,LtoR,37,73,0.14156302497551795,0.1128951150874673,0.16523739794038747,False,100,72,89.1611463673471,8.014461696663982,5.369725550539661,0.29224562976243834
M05,sub-M05_ses-20240729T100000_behavior+ecephys.nwb,RSC,1,LtoR,38,75,0.08298492557872099,0.032766805492891404,0.12084086615064797,False,100,72,44.21766266666509,13.412442970384769,9.245882213093232,0.46160794941282746
M05,sub-M05_ses-20240729T100000_behavior+ecephys.nwb,RSC,1,LtoR,39,77,0.10867953443059326,0.08708926565338551,0.13425921807144806,False,100,72,27.445436052286823,12.441386487812807,9.556644255495849,0.3435225618631732
M05,sub-M05_ses-20240729T100000_behavior+ecephys.nwb,RSC,1,LtoR,40,79,0.12917290498265194,0.09980545787176269,0.1583627693448008,True,100,72,37.6730837959185,9.544346362413906,7.188404314331196,0.40402969247083775
M05,sub-M05_ses-20240729T100000_behavior+ecephys.nwb,RSC,1,LtoR,41,81,0.09500023136579519,0.06424250417898675,0.1259206498342311,True,100,72,23.883522405229087,13.18489856579991,8.347006814390845,0.38461538461538464
M05,sub-M05_ses-20240729T100000_behavior+ecephys.nwb,RSC,1,LtoR,42,83,0.12533620982132607,0.09926561333176943,0.158932697948695,True,100,72,38.30037066666682,15.356826015443959,10.712016957156203,0.524008350730689
M05,sub-M05_ses-20240729T100000_behavior+ecephys.nwb,RSC,1,LtoR,43,85,0.11767370774113281,0.09187849808804499,0.15065056771929605,True,100,72,12.914534666666441,14.345904546377643,11.925919735774931,0.6191950464396285
M05,sub-M05_ses-20240729T100000_behavior+ecephys.nwb,RSC,1,LtoR,44,87,0.21924978103097031,0.18015580979546225,0.25614373119518763,True,100,72,71.11698672108832,10.07268301143991,7.075514671292872,0.45388076490438695
M05,sub-M05_ses-20240729T100000_behavior+ecephys.nwb,RSC,1,LtoR,45,89,0.11805264132302523,0.08681555671832374,0.15012131569506124,True,100,72,16.191714000000502,13.77513793878421,11.754146073197603,0.5763546798029556
M05,sub-M05_ses-20240729T100000_behavior+ecephys.nwb,RSC,1,LtoR,46,91,0.18381638029119834,0.15490303221065027,0.21859852897148338,True,100,72,12.708846039216041,14.713494315531285,11.640912700248673,0.6081504702194357
M05,sub-M05_ses-20240729T100000_behavior+ecephys.nwb,RSC,1,LtoR,47,93,0.23580740831049182,0.20199919597129185,0.26592406836290117,True,100,72,46.47525307189517,9.572942327683794,6.190534813333251,0.5004299226139295
M05,sub-M05_ses-20240729T100000_behavior+ecephys.nwb,RSC,1,LtoR,48,95,0.1739436651802912,0.13967260585519126,0.20663663944641916,True,100,72,21.86104006936148,9.886608167173469,8.136684695294745,0.5948905109489051
M05,sub-M05_ses-20240729T100000_behavior+ecephys.nwb,RSC,1,LtoR,49,98,0.13193318268989027,0.10795731927391551,0.16177374037788128,True,100,72,20.109225333332688,14.02092462431377,11.693747519559222,0.3948412698412698
M05,sub-M05_ses-20240729T100000_behavior+ecephys.nwb,RSC,1,RtoL,1,2,0.05876071948277975,0.013585933494311902,0.10063312806643035,False,100,72,26.906200000000354,21.460769807615772,23.03557221934374,0.17655786350148367
M05,sub-M05_ses-20240729T100000_behavior+ecephys.nwb,RSC,1,RtoL,2,4,,,,False,100,72,0.39957866666645714,,,0.0
M05,sub-M05_ses-20240729T100000_behavior+ecephys.nwb,RSC,1,RtoL,3,6,0.07478064933598083,0.041246078674339555,0.10580042236233761,False,100,72,19.30773281632628,15.096581661994524,14.28088289875727,0.39337474120082816
M05,sub-M05_ses-20240729T100000_behavior+ecephys.nwb,RSC,1,RtoL,4,8,0.2556662427568972,0.14748739546099904,0.389044632758627,False,100,72,0.40397727891195245,4.577721354645612,4.696873088667678,0.2727272727272727
M05,sub-M05_ses-20240729T100000_behavior+ecephys.nwb,RSC,1,RtoL,5,10,0.15009988346534683,0.11429831801363419,0.17392126334575825,False,100,72,22.508514666666088,14.015276698430126,7.649563045490947,0.4219858156028369
M05,sub-M05_ses-20240729T100000_behavior+ecephys.nwb,RSC,1,RtoL,6,12,0.10711726584656715,0.07427168305611806,0.13277657521931863,False,100,72,18.511306666667224,13.77784150756317,9.04371845575291,0.4482758620689655
M05,sub-M05_ses-20240729T100000_behavior+ecephys.nwb,RSC,1,RtoL,7,14,0.08903950179780346,0.05320808732196456,0.12306041004449719,False,100,72,20.989199999999983,18.584809516566256,7.83948774106136,0.30038022813688214
M05,sub-M05_ses-20240729T100000_behavior+ecephys.nwb,RSC,1,RtoL,8,16,0.07588947576664556,0.04128498574908581,0.11040470752135241,False,100,72,7.251098039216231,24.01489719648278,21.888488608977845,0.6318681318681318
M05,sub-M05_ses-20240729T100000_behavior+ecephys.nwb,RSC,1,RtoL,9,18,0.1354359923569471,0.10081185713918667,0.1614487522971503,False,100,72,38.92644577777901,9.242531317332045,5.711588166781116,0.37679671457905545
M05,sub-M05_ses-20240729T100000_behavior+ecephys.nwb,RSC,1,RtoL,10,20,0.1023575407535827,0.06546813584339178,0.1298832196609692,False,100,72,13.43390666666619,13.273086545672632,10.50834646669045,0.6735905044510386
M05,sub-M05_ses-20240729T100000_behavior+ecephys.nwb,RSC,1,RtoL,11,22,0.11365657665664045,0.08126844947825683,0.13809977013857525,False,100,72,34.70227866666664,12.983739815379193,7.204447034435169,0.2903225806451613
M05,sub-M05_ses-20240729T100000_behavior+ecephys.nwb,RSC,1,RtoL,12,24,0.11027968750408425,0.07835020450830107,0.1377177804522391,False,100,72,24.587459999999737,11.523137228737491,4.519328375938052,0.44805194805194803
M05,sub-M05_ses-20240729T100000_behavior+ecephys.nwb,RSC,1,RtoL,13,26,0.15514507871331215,0.11975713014799157,0.1852208871074029,False,100,72,23.428231999999298,16.8058490867921,11.421636317315759,0.3003412969283277
M05,sub-M05_ses-20240729T100000_behavior+ecephys.nwb,RSC,1,RtoL,14,28,0.16009674148031838,0.13172647512547545,0.18730675777908443,False,100,72,29.386256000000685,10.38671021068048,7.901836068530132,0.4633152173913043
M05,sub-M05_ses-20240729T100000_behavior+ecephys.nwb,RSC,1,RtoL,15,30,0.08605780843344861,0.05615099173833245,0.11899970521113529,False,100,72,13.078461034013344,15.092905491042234,9.505349980456248,0.5896656534954408
M05,sub-M05_ses-20240729T100000_behavior+ecephys.nwb,RSC,1,RtoL,16,32,0.13306251189118737,0.10184644297818252,0.16238022686313197,False,100,72,17.071178666667038,13.222082370197175,6.118372270852219,0.5817757009345794
M05,sub-M05_ses-20240729T100000_behavior+ecephys.nwb,RSC,1,RtoL,17,34,0.12613379385206916,0.09512682966816709,0.15782710155092108,False,100,72,14.809929251699941,11.390567349430768,11.893084761476402,0.6505376344086021
M05,sub-M05_ses-20240729T100000_behavior+ecephys.nwb,RSC,1,RtoL,18,36,0.09451715757076995,0.07230228824650105,0.12193588454845704,False,100,72,23.26733466666701,16.87167798097484,6.077746612533073,0.307032590051458
M05,sub-M05_ses-20240729T100000_behavior+ecephys.nwb,RSC,1,RtoL,19,38,0.15645970979737608,0.11417331113692378,0.19537123800754386,False,100,72,21.549517333333824,13.408687961045791,8.222882778044621,0.4
M05,sub-M05_ses-20240729T100000_behavior+ecephys.nwb,RSC,1,RtoL,20,40,0.18412164498744346,0.14717122181430292,0.21576532391653266,False,100,72,16.951229333332776,17.38104008535214,17.08056016060864,0.3915094339622642
M05,sub-M05_ses-20240729T100000_behavior+ecephys.nwb,RSC,1,RtoL,21,42,0.09029982542309509,0.06106518397798943,0.11977520206941113,False,100,72,12.422384952381435,23.126344127274454,24.266262238756248,0.39228295819935693
M05,sub-M05_ses-20240729T100000_behavior+ecephys.nwb,RSC,1,RtoL,22,44,0.074891435293647,0.044772924311407274,0.10637108411233473,False,100,72,11.296681803921274,19.197564824025733,15.955763714391479,0.5246478873239436
M05,sub-M05_ses-20240729T100000_behavior+ecephys.nwb,RSC,1,RtoL,23,46,0.09207190946003874,0.058019661908305944,0.12522291425672455,False,100,72,15.911982666667427,17.316610087775743,13.296723247366314,0.41854636591478694
M05,sub-M05_ses-20240729T100000_behavior+ecephys.nwb,RSC,1,RtoL,24,48,0.11300470299837322,0.08555614372407547,0.1431342111286179,False,100,72,6.585539215685458,21.78813530251661,23.92945885359716,0.7212121212121212
M05,sub-M05_ses-20240729T100000_behavior+ecephys.nwb,RSC,1,RtoL,25,50,0.13781407292058048,0.09944448882482686,0.17175291725530545,False,100,72,8.499135047619347,20.338408260003085,15.339498434621053,0.6713615023474179
M05,sub-M05_ses-20240729T100000_behavior+ecephys.nwb,RSC,1,RtoL,26,52,0.13005224979756097,0.09425336283004804,0.16267354290841438,False,100,72,12.74690720288072,16.86648919657469,14.285306185916438,0.515625
M05,sub-M05_ses-20240729T100000_behavior+ecephys.nwb,RSC,1,RtoL,27,54,0.11786645694234843,0.08489686898231856,0.1549515405408033,False,100,72,18.449390790162397,11.800436575244005,9.137594564142738,0.5529157667386609
M05,sub-M05_ses-20240729T100000_behavior+ecephys.nwb,RSC,1,RtoL,28,56,0.09522198305672691,0.050385774288147236,0.13523246407220782,False,100,72,16.155078911565397,16.750861802741163,11.714966292861485,0.41975308641975306
M05,sub-M05_ses-20240729T100000_behavior+ecephys.nwb,RSC,1,RtoL,29,58,0.0796436957676716,0.04482968555665743,0.10617936171298523,False,100,72,29.89480859010291,13.245460132824546,4.821649257915537,0.31283422459893045
M05,sub-M05_ses-20240729T100000_behavior+ecephys.nwb,RSC,1,RtoL,30,60,0.0869740467219268,0.05700074084350498,0.11768391912472695,False,100,72,12.694879725223473,15.256355963463653,15.080648332632933,0.5768025078369906
M05,sub-M05_ses-20240729T100000_behavior+ecephys.nwb,RSC,1,RtoL,31,62,0.13439898567403513,0.08942872464221525,0.17061859233003876,False,100,72,19.03062466666688,18.48060649304808,7.44913303671709,0.34591194968553457
M05,sub-M05_ses-20240729T100000_behavior+ecephys.nwb,RSC,1,RtoL,32,64,0.16182622172524774,0.11960621429952557,0.2026211119964917,False,100,72,19.0714026394553,15.348590704515669,11.702111702605276,0.3883089770354906
M05,sub-M05_ses-20240729T100000_behavior+ecephys.nwb,RSC,1,RtoL,33,66,0.11275087785435155,0.06773263117686809,0.1482452226374603,False,100,72,7.26579687074809,22.024245610496646,19.31432914480527,0.7142857142857143
M05,sub-M05_ses-20240729T100000_behavior+ecephys.nwb,RSC,1,RtoL,34,68,0.07298298552497698,0.040209205680693125,0.10235684189308882,False,100,72,24.59972925170041,10.728978898537646,8.151901007431361,0.5113636363636364
M05,sub-M05_ses-20240729T100000_behavior+ecephys.nwb,RSC,1,RtoL,35,70,0.1311532823482804,0.09217942967253269,0.1698678842068362,False,100,72,16.71142133333251,15.082547557685245,9.48595995380088,0.4797136038186158
M05,sub-M05_ses-20240729T100000_behavior+ecephys.nwb,RSC,1,RtoL,36,72,0.11722881531862872,0.09011957086770905,0.14003749693229814,False,100,72,28.055677057489447,9.921939439178962,9.236463149275405,0.43366619115549215
M05,sub-M05_ses-20240729T100000_behavior+ecephys.nwb,RSC,1,RtoL,37,74,0.132791153721094,0.10159871175436672,0.16737982083805833,False,100,72,22.468582666667317,15.548058260589823,14.185299199092032,0.32562277580071175
M05,sub-M05_ses-20240729T100000_behavior+ecephys.nwb,RSC,1,RtoL,38,76,0.11887079899849116,0.08384542654221187,0.153616666747526,False,100,72,13.334062614379945,21.18709984166954,15.077394105335458,0.40119760479041916
M05,sub-M05_ses-20240729T100000_behavior+ecephys.nwb,RSC,1,RtoL,39,78,0.16237547347555142,0.1276343760150763,0.19428032436707074,False,100,72,10.902604870748291,18.727853245605864,15.73516063668482,0.5656934306569343
M05,sub-M05_ses-20240729T100000_behavior+ecephys.nwb,RSC,1,RtoL,40,80,0.1771472200750314,0.14925897504644994,0.2031118321134277,False,100,72,16.272196666666787,14.189678396022224,10.188743381051616,0.5171568627450981
M05,sub-M05_ses-20240729T100000_behavior+ecephys.nwb,RSC,1,RtoL,41,82,0.11823849766408422,0.08491066121137167,0.14828727226986088,True,100,72,16.856765594770877,15.249576327577524,13.248957268918112,0.43601895734597157
M05,sub-M05_ses-20240729T100000_behavior+ecephys.nwb,RSC,1,RtoL,42,84,0.07592068630428539,0.03791836530689279,0.1075432939423808,True,100,72,9.035689333333721,16.070731590603945,12.643599814754428,0.7192982456140351
M05,sub-M05_ses-20240729T100000_behavior+ecephys.nwb,RSC,1,RtoL,43,86,0.19932217021162618,0.17316147067612514,0.23020068243154373,True,100,72,10.033676000000014,16.81134368903949,15.75202789742611,0.6442687747035574
M05,sub-M05_ses-20240729T100000_behavior+ecephys.nwb,RSC,1,RtoL,44,88,0.13542198976435332,0.10660858287487994,0.16301124670198025,True,100,72,6.565099945578368,20.327351915202374,23.52247200329032,0.8181818181818182
M05,sub-M05_ses-20240729T100000_behavior+ecephys.nwb,RSC,1,RtoL,45,90,0.16323412909305715,0.13028087580080341,0.19722561906277725,True,100,72,15.397151960783958,11.79449420775955,7.553345058392032,0.6658031088082902
M05,sub-M05_ses-20240729T100000_behavior+ecephys.nwb,RSC,1,RtoL,46,92,0.013683967263026356,-0.02444196661377591,0.05753284622462902,True,100,72,10.416572261437068,13.442294490646777,12.17388816521312,0.8045977011494253
M05,sub-M05_ses-20240729T100000_behavior+ecephys.nwb,RSC,1,RtoL,47,94,0.09177763391266608,0.0632930455834537,0.12754819262500466,True,100,72,37.4432750326805,9.585464453528177,6.398110645672895,0.34044823906083244
M05,sub-M05_ses-20240729T100000_behavior+ecephys.nwb,RSC,1,RtoL,48,96,0.08740665286949997,0.05724178626849735,0.12258519017806911,True,100,72,33.368212897958074,9.165299495575868,7.672923830816518,0.38083832335329343
M05,sub-M05_ses-20240729T100000_behavior+ecephys.nwb,RSC,1,RtoL,49,97,0.057868744018863716,0.025085237670504443,0.09259377300088403,True,100,72,16.71140533333346,10.89736181792835,9.099125232614599,0.6578947368421053
M05,sub-M05_ses-20240729T100000_behavior+ecephys.nwb,RSC,1,RtoL,50,99,0.15729694111909007,0.1317777604902507,0.184382486528272,True,100,72,29.265824000000066,10.205895749122924,7.6005199467979825,0.5225102319236017
M05,sub-M05_ses-20240730T100000_behavior+ecephys.nwb,CA1,1,LtoR,1,1,-0.004148279981859512,-0.004148279981859525,-0.004148279981859496,False,44,44,9.03041466666673,18.491759495212737,12.4697640005767,0.5155555555555555
M05,sub-M05_ses-20240730T100000_behavior+ecephys.nwb,CA1,1,LtoR,2,3,0.07641327041570127,0.07641327041570121,0.07641327041570134,False,44,44,9.962090248365712,16.028459161703292,12.031223213343303,0.616
M05,sub-M05_ses-20240730T100000_behavior+ecephys.nwb,CA1,1,LtoR,3,5,0.039693352838684096,0.039693352838684054,0.03969335283868413,False,44,44,16.483001523809435,16.23448180165521,8.034193323886473,0.35990338164251207
M05,sub-M05_ses-20240730T100000_behavior+ecephys.nwb,CA1,1,LtoR,4,7,0.08126440620803999,0.08126440620803993,0.08126440620804004,False,44,44,16.185516758169797,12.106575607328182,8.87526678677533,0.5061728395061729
M05,sub-M05_ses-20240730T100000_behavior+ecephys.nwb,CA1,1,LtoR,5,9,0.1399329037955059,0.1399329037955058,0.13993290379550605,False,44,44,16.02456244898076,11.985634035129493,9.209865288162195,0.5199004975124378
M05,sub-M05_ses-20240730T100000_behavior+ecephys.nwb,CA1,1,LtoR,6,11,0.04084536494109855,0.04084536494109853,0.04084536494109856,False,44,44,10.754893333332802,17.580774025470557,10.399202716120765,0.4777777777777778
M05,sub-M05_ses-20240730T100000_behavior+ecephys.nwb,CA1,1,LtoR,7,13,0.16910146514700475,0.1691014651470047,0.16910146514700483,False,44,44,32.78371333333325,8.433285498817764,6.146809163115087,0.3695121951219512
M05,sub-M05_ses-20240730T100000_behavior+ecephys.nwb,CA1,1,LtoR,8,15,0.18945019629729032,0.18945019629729018,0.1894501962972905,False,44,44,10.794697333333716,13.088167957980948,14.07948978491266,0.6494464944649446
M05,sub-M05_ses-20240730T100000_behavior+ecephys.nwb,CA1,1,LtoR,9,17,0.07996223925441906,0.079962239254419,0.07996223925441913,False,44,44,14.912216000000626,13.96358990986896,8.84721659500632,0.49866666666666665
M05,sub-M05_ses-20240730T100000_behavior+ecephys.nwb,CA1,1,LtoR,10,19,0.2178635395563998,0.2178635395563997,0.21786353955639995,False,44,44,23.227929333333122,10.933872829409728,9.910922362235274,0.40893470790378006
M05,sub-M05_ses-20240730T100000_behavior+ecephys.nwb,CA1,1,LtoR,11,21,0.18106418357788787,0.18106418357788773,0.1810641835778881,False,44,44,30.42428266666684,12.424164785879674,5.283556452187678,0.316688567674113
M05,sub-M05_ses-20240730T100000_behavior+ecephys.nwb,CA1,1,LtoR,12,23,0.14651875924397634,0.14651875924397623,0.1465187592439766,False,44,44,23.302547578231497,9.307906817667485,7.656047513405566,0.483704974271012
M05,sub-M05_ses-20240730T100000_behavior+ecephys.nwb,CA1,1,LtoR,13,25,0.2046774342255911,0.20467743422559095,0.2046774342255913,False,44,44,13.8759886394555,15.666129705961353,12.850595237887488,0.46131805157593125
M05,sub-M05_ses-20240730T100000_behavior+ecephys.nwb,CA1,1,LtoR,14,27,0.2026846625310898,0.20268466253108972,0.2026846625310899,False,44,44,18.47133866666627,12.480793778134961,11.835166208326964,0.43844492440604754
M05,sub-M05_ses-20240730T100000_behavior+ecephys.nwb,CA1,1,LtoR,15,29,0.1891822836928915,0.18918228369289136,0.18918228369289164,False,44,44,26.18786266666666,10.073519896931797,7.482645585594404,0.39939024390243905
M05,sub-M05_ses-20240730T100000_behavior+ecephys.nwb,CA1,1,LtoR,16,31,0.24764227201492084,0.2476422720149207,0.24764227201492098,False,44,44,42.49722666666639,11.277608945017418,9.896362427526858,0.20864661654135339
M05,sub-M05_ses-20240730T100000_behavior+ecephys.nwb,CA1,1,LtoR,17,33,0.2918012582164467,0.29180125821644637,0.2918012582164469,False,44,44,28.783924862744243,9.400745331213557,6.191168039629985,0.4597222222222222
M05,sub-M05_ses-20240730T100000_behavior+ecephys.nwb,CA1,1,LtoR,18,35,0.3458848211161721,0.345884821116172,0.3458848211161722,False,44,44,28.23916577777709,9.44575521146828,6.396869739262329,0.3521923620933522
M05,sub-M05_ses-20240730T100000_behavior+ecephys.nwb,CA1,1,LtoR,19,37,0.3262748832492365,0.32627488324923615,0.32627488324923665,False,44,44,28.19283139869276,8.80569930294721,6.239219269157182,0.38526912181303113
M05,sub-M05_ses-20240730T100000_behavior+ecephys.nwb,CA1,1,LtoR,20,39,0.25620402157180205,0.25620402157180194,0.2562040215718024,False,44,44,17.133952380951996,11.240967779477218,9.450833631406661,0.4906976744186046
M05,sub-M05_ses-20240730T100000_behavior+ecephys.nwb,CA1,1,LtoR,21,41,0.21468996992407105,0.21468996992407077,0.21468996992407122,False,44,44,31.663985333333585,10.764414397529736,7.948706052082911,0.30176767676767674
M05,sub-M05_ses-20240730T100000_behavior+ecephys.nwb,CA1,1,LtoR,22,43,0.30379455171932473,0.3037945517193246,0.3037945517193248,False,44,44,8.852480952380574,15.353293983804042,13.42072228041599,0.6576576576576577
M05,sub-M05_ses-20240730T100000_behavior+ecephys.nwb,CA1,1,LtoR,23,45,0.21078622215216383,0.21078622215216364,0.21078622215216414,False,44,44,10.514827999999397,21.95489731532363,13.013271917836464,0.4166666666666667
M05,sub-M05_ses-20240730T100000_behavior+ecephys.nwb,CA1,1,LtoR,24,47,0.2792235806061841,0.2792235806061839,0.2792235806061844,False,44,44,18.237700186741677,13.922119602389515,5.660088103472489,0.424507658643326
M05,sub-M05_ses-20240730T100000_behavior+ecephys.nwb,CA1,1,LtoR,25,49,0.24671559660602954,0.24671559660602935,0.24671559660602982,False,44,44,11.315259727890407,13.337236514990611,10.857375947430853,0.6175438596491228
M05,sub-M05_ses-20240730T100000_behavior+ecephys.nwb,CA1,1,LtoR,26,51,0.22394327576392217,0.22394327576392195,0.22394327576392267,False,44,44,13.874155999999857,22.870928537739886,26.220359169242073,0.2959770114942529
M05,sub-M05_ses-20240730T100000_behavior+ecephys.nwb,CA1,1,LtoR,27,53,0.3376741075782049,0.33767410757820465,0.3376741075782051,False,44,44,22.08542777110779,11.14488071420069,8.600521706049589,0.4566787003610108
M05,sub-M05_ses-20240730T100000_behavior+ecephys.nwb,CA1,1,LtoR,28,55,0.25360753377508044,0.25360753377508033,0.25360753377508066,False,44,44,8.910581904761784,20.253440627433275,8.572294319788933,0.5246636771300448
M05,sub-M05_ses-20240730T100000_behavior+ecephys.nwb,CA1,1,LtoR,29,57,0.20634408422261794,0.20634408422261777,0.2063440842226181,False,44,44,24.908204000001206,8.504048369468634,6.679376799191308,0.4775641025641026
M05,sub-M05_ses-20240730T100000_behavior+ecephys.nwb,CA1,1,LtoR,30,59,0.3161918398355246,0.3161918398355243,0.3161918398355248,True,44,44,29.74443066666754,7.818641629239835,6.3051461349088544,0.5120967741935484
M05,sub-M05_ses-20240730T100000_behavior+ecephys.nwb,CA1,1,LtoR,31,61,0.4144848694695805,0.4144848694695802,0.41448486946958074,True,44,44,36.38023969587812,8.224402273495182,6.345115989795973,0.4456641053787047
M05,sub-M05_ses-20240730T100000_behavior+ecephys.nwb,CA1,1,LtoR,32,63,0.36466959838459556,0.36466959838459523,0.3646695983845958,True,44,44,21.409551313859993,10.504434468362536,8.946155329106315,0.44776119402985076
M05,sub-M05_ses-20240730T100000_behavior+ecephys.nwb,CA1,1,LtoR,33,66,0.2166687212611534,0.21666872126115322,0.21666872126115352,True,44,44,17.933739047617564,13.602580494106292,8.08773951003429,0.42444444444444446
M05,sub-M05_ses-20240730T100000_behavior+ecephys.nwb,CA1,1,LtoR,34,68,0.30151719379931247,0.30151719379931224,0.30151719379931263,True,44,44,13.612658802721853,15.156457581461623,8.056320505503706,0.4633431085043988
M05,sub-M05_ses-20240730T100000_behavior+ecephys.nwb,CA1,1,LtoR,35,70,0.3061545542123345,0.30615455421233423,0.30615455421233473,True,44,44,24.068912000000637,12.394229733328737,4.87121109229849,0.38704318936877075
M05,sub-M05_ses-20240730T100000_behavior+ecephys.nwb,CA1,1,LtoR,36,72,0.2174545380093158,0.21745453800931563,0.21745453800931588,True,44,44,28.425782666667146,8.30482969484818,6.314286881618332,0.449438202247191
M05,sub-M05_ses-20240730T100000_behavior+ecephys.nwb,CA1,1,LtoR,37,74,0.39667275900649274,0.3966727590064925,0.3966727590064931,True,44,44,11.214566718954302,16.518720700843545,11.800227476093381,0.5602836879432624
M05,sub-M05_ses-20240730T100000_behavior+ecephys.nwb,CA1,1,LtoR,38,75,0.2912331247934601,0.2912331247934599,0.2912331247934603,True,44,44,17.765365647059298,11.879513459073625,9.005619433774568,0.4977578475336323
M05,sub-M05_ses-20240730T100000_behavior+ecephys.nwb,CA1,1,LtoR,39,77,0.11214680328011857,0.1121468032801185,0.11214680328011867,True,44,44,6.519140000000334,15.720676000322168,9.570520081852706,0.9079754601226994
M05,sub-M05_ses-20240730T100000_behavior+ecephys.nwb,CA1,1,RtoL,1,2,0.07445662697102362,0.07445662697102358,0.07445662697102366,False,44,44,11.315316000000166,14.083852870405314,12.52184575003613,0.5809859154929577
M05,sub-M05_ses-20240730T100000_behavior+ecephys.nwb,CA1,1,RtoL,2,4,0.11374686780129424,0.11374686780129416,0.11374686780129432,False,44,44,20.46292041830111,11.535490102213595,6.819765979928303,0.4375
M05,sub-M05_ses-20240730T100000_behavior+ecephys.nwb,CA1,1,RtoL,3,6,0.026721437231257455,0.02672143723125743,0.02672143723125748,False,44,44,31.532802476190227,8.184933230623797,5.07811028888175,0.43599493029150826
M05,sub-M05_ses-20240730T100000_behavior+ecephys.nwb,CA1,1,RtoL,4,8,0.05593322908538885,0.05593322908538883,0.055933229085388884,False,44,44,21.27526457516342,10.690117843986677,7.9912424703869025,0.4521575984990619
M05,sub-M05_ses-20240730T100000_behavior+ecephys.nwb,CA1,1,RtoL,5,10,0.10475860533280079,0.10475860533280074,0.10475860533280087,False,44,44,19.07794955101963,12.564439991700862,10.082343603307564,0.4456066945606695
M05,sub-M05_ses-20240730T100000_behavior+ecephys.nwb,CA1,1,RtoL,6,12,0.09231034198491753,0.09231034198491748,0.09231034198491761,False,44,44,25.667264000000614,9.18610330378318,6.485252019788669,0.432348367029549
M05,sub-M05_ses-20240730T100000_behavior+ecephys.nwb,CA1,1,RtoL,7,14,0.192182133763745,0.1921821337637449,0.19218213376374507,False,44,44,20.34980533333328,12.232597061685787,9.268010610928155,0.4235294117647059
M05,sub-M05_ses-20240730T100000_behavior+ecephys.nwb,CA1,1,RtoL,8,16,0.1538787543496665,0.1538787543496664,0.1538787543496666,False,44,44,33.62405199999921,9.422669387761918,7.574192075743957,0.46730083234244946
M05,sub-M05_ses-20240730T100000_behavior+ecephys.nwb,CA1,1,RtoL,9,18,0.16439175507789236,0.16439175507789222,0.1643917550778925,False,44,44,33.46351066666648,8.761290431754613,6.942793388874349,0.43847072879330945
M05,sub-M05_ses-20240730T100000_behavior+ecephys.nwb,CA1,1,RtoL,10,20,0.22775418720419988,0.22775418720419968,0.2277541872042,False,44,44,65.36756666666679,7.306616448666681,5.181914965672163,0.4055045871559633
M05,sub-M05_ses-20240730T100000_behavior+ecephys.nwb,CA1,1,RtoL,11,22,0.13706829148605926,0.13706829148605917,0.13706829148605937,False,44,44,38.06785175510231,8.494777620639018,6.69514784874159,0.391395592864638
M05,sub-M05_ses-20240730T100000_behavior+ecephys.nwb,CA1,1,RtoL,12,24,0.17223563758536756,0.1722356375853674,0.17223563758536764,False,44,44,62.52817466666602,8.30082065247345,6.307691072714896,0.4143222506393862
M05,sub-M05_ses-20240730T100000_behavior+ecephys.nwb,CA1,1,RtoL,13,26,0.11524544151258755,0.1152454415125875,0.11524544151258757,False,44,44,11.631509360544442,14.353996848481328,11.52412959753967,0.5292096219931272
M05,sub-M05_ses-20240730T100000_behavior+ecephys.nwb,CA1,1,RtoL,14,28,0.14226655818858308,0.142266558188583,0.14226655818858316,False,44,44,86.83639466666682,9.156352175101516,7.4248539915902185,0.15377532228360957
M05,sub-M05_ses-20240730T100000_behavior+ecephys.nwb,CA1,1,RtoL,15,30,0.1471724834020774,0.14717248340207736,0.14717248340207742,False,44,44,16.631752000000233,11.8736610670673,9.401930204914414,0.4567307692307692
M05,sub-M05_ses-20240730T100000_behavior+ecephys.nwb,CA1,1,RtoL,16,32,0.2306730493059439,0.23067304930594376,0.230673049305944,False,44,44,22.869549333334362,10.276890628253547,7.49819004777407,0.450261780104712
M05,sub-M05_ses-20240730T100000_behavior+ecephys.nwb,CA1,1,RtoL,17,34,0.2424711355917489,0.24247113559174868,0.2424711355917491,False,44,44,36.94405513725542,9.98910600025447,6.864481698878066,0.33945945945945943
M05,sub-M05_ses-20240730T100000_behavior+ecephys.nwb,CA1,1,RtoL,18,36,0.2709273090353722,0.27092730903537204,0.2709273090353724,False,44,44,18.97059215686295,11.025858284276175,7.145497954646385,0.5431578947368421
M05,sub-M05_ses-20240730T100000_behavior+ecephys.nwb,CA1,1,RtoL,19,38,0.3154089713980846,0.3154089713980843,0.3154089713980847,False,44,44,17.471832000000177,14.392892477012875,7.708733302217092,0.3890160183066362
M05,sub-M05_ses-20240730T100000_behavior+ecephys.nwb,CA1,1,RtoL,20,40,0.13181644337723009,0.13181644337723003,0.1318164433772302,False,44,44,13.930159619048027,12.011571828217624,10.839350330648633,0.6275071633237822
M05,sub-M05_ses-20240730T100000_behavior+ecephys.nwb,CA1,1,RtoL,21,42,0.2949257375134585,0.2949257375134583,0.2949257375134587,False,44,44,34.202442802720725,10.266921981171679,8.44182438637285,0.41073512252042005
M05,sub-M05_ses-20240730T100000_behavior+ecephys.nwb,CA1,1,RtoL,22,44,0.19311095784983937,0.19311095784983934,0.19311095784983942,False,44,44,15.155812244898698,12.324622507473876,7.554996400526781,0.5263157894736842
M05,sub-M05_ses-20240730T100000_behavior+ecephys.nwb,CA1,1,RtoL,23,46,0.22583239050439435,0.22583239050439405,0.22583239050439452,False,44,44,50.494443241830595,8.788203182098579,4.899445608017204,0.2596991290577989
M05,sub-M05_ses-20240730T100000_behavior+ecephys.nwb,CA1,1,RtoL,24,48,0.21862647893087625,0.21862647893087614,0.21862647893087644,False,44,44,29.65814217687057,8.355364762817683,5.624139325310066,0.532345013477089
M05,sub-M05_ses-20240730T100000_behavior+ecephys.nwb,CA1,1,RtoL,25,50,0.2486070358631586,0.24860703586315847,0.24860703586315872,False,44,44,20.069873333333817,9.15412381599395,7.6377280612982466,0.5199203187250996
M05,sub-M05_ses-20240730T100000_behavior+ecephys.nwb,CA1,1,RtoL,26,52,0.2946748808235679,0.2946748808235676,0.2946748808235681,False,44,44,58.28125583673591,7.7952740297643395,5.971086773621977,0.44787379972565156
M05,sub-M05_ses-20240730T100000_behavior+ecephys.nwb,CA1,1,RtoL,27,54,0.2219537643900594,0.2219537643900594,0.22195376439005948,False,44,44,36.620218487394595,9.660396292052438,7.059353948785691,0.34170305676855894
M05,sub-M05_ses-20240730T100000_behavior+ecephys.nwb,CA1,1,RtoL,28,56,0.2355390838998088,0.23553908389980854,0.23553908389980896,False,44,44,42.13820399999895,7.045740775363329,5.808108731704259,0.46161137440758293
M05,sub-M05_ses-20240730T100000_behavior+ecephys.nwb,CA1,1,RtoL,29,58,0.2419675024531138,0.24196750245311358,0.24196750245311394,True,44,44,25.827606666665815,8.679027293548831,6.618913679347851,0.5471406491499228
M05,sub-M05_ses-20240730T100000_behavior+ecephys.nwb,CA1,1,RtoL,30,60,0.30537953914982624,0.30537953914982613,0.3053795391498264,True,44,44,21.94628908843515,10.783374326961095,8.165929991369676,0.5227686703096539
M05,sub-M05_ses-20240730T100000_behavior+ecephys.nwb,CA1,1,RtoL,31,62,0.21516396701461707,0.2151639670146169,0.21516396701461724,True,44,44,45.54604640522848,7.323843353172551,5.041766418994648,0.45263157894736844
M05,sub-M05_ses-20240730T100000_behavior+ecephys.nwb,CA1,1,RtoL,32,64,0.3223213586515739,0.3223213586515738,0.3223213586515741,True,44,44,26.04350016326498,9.187918577091697,8.713098725541837,0.450920245398773
M05,sub-M05_ses-20240730T100000_behavior+ecephys.nwb,CA1,1,RtoL,33,65,0.18765287391455232,0.18765287391455227,0.18765287391455235,True,44,44,36.064051700681375,5.970366901515534,4.528249696007923,0.4312638580931264
M05,sub-M05_ses-20240730T100000_behavior+ecephys.nwb,CA1,1,RtoL,34,67,0.21105327520139136,0.21105327520139125,0.21105327520139164,True,44,44,22.20927319727889,7.71099438266596,6.223383012659445,0.6366906474820144
M05,sub-M05_ses-20240730T100000_behavior+ecephys.nwb,CA1,1,RtoL,35,69,0.23833496825364342,0.23833496825364325,0.2383349682536435,True,44,44,36.9816106666658,8.060768688688862,6.395296400511198,0.4060475161987041
M05,sub-M05_ses-20240730T100000_behavior+ecephys.nwb,CA1,1,RtoL,36,71,0.27558836005795334,0.2755883600579531,0.27558836005795356,True,44,44,63.567906666665294,6.624616098916433,5.10855635198263,0.4349465744814582
M05,sub-M05_ses-20240730T100000_behavior+ecephys.nwb,CA1,1,RtoL,37,73,0.29818419438208665,0.29818419438208643,0.2981841943820868,True,44,44,107.2054719477128,7.907939905456363,5.982981850626246,0.37276119402985075
M05,sub-M05_ses-20240730T100000_behavior+ecephys.nwb,CA1,1,RtoL,38,76,0.2682431377785486,0.2682431377785483,0.26824313777854875,True,44,44,9.915545333331465,18.849001073422016,11.352241812294983,0.5887096774193549
M05,sub-M05_ses-20240730T100000_behavior+ecephys.nwb,CA3,1,LtoR,1,1,0.09330608518052211,0.02955437297643927,0.16883400989373762,False,113,44,9.03041466666673,18.491759495212737,12.4697640005767,0.5155555555555555
M05,sub-M05_ses-20240730T100000_behavior+ecephys.nwb,CA3,1,LtoR,2,3,0.09639939107592893,0.03836779340055741,0.1442490124561452,False,113,44,9.962090248365712,16.028459161703292,12.031223213343303,0.616
M05,sub-M05_ses-20240730T100000_behavior+ecephys.nwb,CA3,1,LtoR,3,5,0.11805747873443294,0.03951829752502217,0.18752300829914345,False,113,44,16.483001523809435,16.23448180165521,8.034193323886473,0.35990338164251207
M05,sub-M05_ses-20240730T100000_behavior+ecephys.nwb,CA3,1,LtoR,4,7,0.20487675929596272,0.1311643988098949,0.2870964327362532,False,113,44,16.185516758169797,12.106575607328182,8.87526678677533,0.5061728395061729
M05,sub-M05_ses-20240730T100000_behavior+ecephys.nwb,CA3,1,LtoR,5,9,0.12188187463567456,0.05318227180464415,0.1906716746406913,False,113,44,16.02456244898076,11.985634035129493,9.209865288162195,0.5199004975124378
M05,sub-M05_ses-20240730T100000_behavior+ecephys.nwb,CA3,1,LtoR,6,11,0.1553973602699209,0.06951441021154436,0.23897377733994427,False,113,44,10.754893333332802,17.580774025470557,10.399202716120765,0.4777777777777778
M05,sub-M05_ses-20240730T100000_behavior+ecephys.nwb,CA3,1,LtoR,7,13,0.1470792472365181,0.07222110501094131,0.20970452363497882,False,113,44,32.78371333333325,8.433285498817764,6.146809163115087,0.3695121951219512
M05,sub-M05_ses-20240730T100000_behavior+ecephys.nwb,CA3,1,LtoR,8,15,0.11953479252669819,0.03614149193975756,0.2062831271343203,False,113,44,10.794697333333716,13.088167957980948,14.07948978491266,0.6494464944649446
M05,sub-M05_ses-20240730T100000_behavior+ecephys.nwb,CA3,1,LtoR,9,17,0.1534957279104751,0.08410323078297446,0.2319067394927034,False,113,44,14.912216000000626,13.96358990986896,8.84721659500632,0.49866666666666665
M05,sub-M05_ses-20240730T100000_behavior+ecephys.nwb,CA3,1,LtoR,10,19,0.1517857250245431,0.05788080415759922,0.2610149838290512,False,113,44,23.227929333333122,10.933872829409728,9.910922362235274,0.40893470790378006
M05,sub-M05_ses-20240730T100000_behavior+ecephys.nwb,CA3,1,LtoR,11,21,0.17304144051115156,0.1015594494535457,0.24405527336935334,False,113,44,30.42428266666684,12.424164785879674,5.283556452187678,0.316688567674113
M05,sub-M05_ses-20240730T100000_behavior+ecephys.nwb,CA3,1,LtoR,12,23,0.2605416539807093,0.19447525094120083,0.3380523283900787,False,113,44,23.302547578231497,9.307906817667485,7.656047513405566,0.483704974271012
M05,sub-M05_ses-20240730T100000_behavior+ecephys.nwb,CA3,1,LtoR,13,25,0.17346863865142453,0.08535018579068299,0.23506176597951448,False,113,44,13.8759886394555,15.666129705961353,12.850595237887488,0.46131805157593125
M05,sub-M05_ses-20240730T100000_behavior+ecephys.nwb,CA3,1,LtoR,14,27,0.2164046796806377,0.13543810225120875,0.2889771863867937,False,113,44,18.47133866666627,12.480793778134961,11.835166208326964,0.43844492440604754
M05,sub-M05_ses-20240730T100000_behavior+ecephys.nwb,CA3,1,LtoR,15,29,0.17375168386661627,0.10683839464321064,0.24217152266095412,False,113,44,26.18786266666666,10.073519896931797,7.482645585594404,0.39939024390243905
M05,sub-M05_ses-20240730T100000_behavior+ecephys.nwb,CA3,1,LtoR,16,31,0.1450082686723083,0.061961258780482746,0.22938278233646894,False,113,44,42.49722666666639,11.277608945017418,9.896362427526858,0.20864661654135339
M05,sub-M05_ses-20240730T100000_behavior+ecephys.nwb,CA3,1,LtoR,17,33,0.13915477304532442,0.059994880701022775,0.2181847574884111,False,113,44,28.783924862744243,9.400745331213557,6.191168039629985,0.4597222222222222
M05,sub-M05_ses-20240730T100000_behavior+ecephys.nwb,CA3,1,LtoR,18,35,0.1658600969674051,0.10510012970837775,0.23425717367089252,False,113,44,28.23916577777709,9.44575521146828,6.396869739262329,0.3521923620933522
M05,sub-M05_ses-20240730T100000_behavior+ecephys.nwb,CA3,1,LtoR,19,37,0.2585390329876044,0.19739570897705835,0.3212326151514109,False,113,44,28.19283139869276,8.80569930294721,6.239219269157182,0.38526912181303113
M05,sub-M05_ses-20240730T100000_behavior+ecephys.nwb,CA3,1,LtoR,20,39,0.19265421159413543,0.12434227589063593,0.27133270771154233,False,113,44,17.133952380951996,11.240967779477218,9.450833631406661,0.4906976744186046
M05,sub-M05_ses-20240730T100000_behavior+ecephys.nwb,CA3,1,LtoR,21,41,0.12704222915404856,0.05655650393200022,0.192731755461067,False,113,44,31.663985333333585,10.764414397529736,7.948706052082911,0.30176767676767674
M05,sub-M05_ses-20240730T100000_behavior+ecephys.nwb,CA3,1,LtoR,22,43,0.15856462865158427,0.06261538228180587,0.2463601359136133,False,113,44,8.852480952380574,15.353293983804042,13.42072228041599,0.6576576576576577
M05,sub-M05_ses-20240730T100000_behavior+ecephys.nwb,CA3,1,LtoR,23,45,0.1062027037951819,0.017488539677711135,0.20644764094051002,False,113,44,10.514827999999397,21.95489731532363,13.013271917836464,0.4166666666666667
M05,sub-M05_ses-20240730T100000_behavior+ecephys.nwb,CA3,1,LtoR,24,47,0.20058728423204505,0.13294831951224514,0.26638868472373495,False,113,44,18.237700186741677,13.922119602389515,5.660088103472489,0.424507658643326
M05,sub-M05_ses-20240730T100000_behavior+ecephys.nwb,CA3,1,LtoR,25,49,0.09150167842945717,0.013228444301620006,0.15782041956968135,False,113,44,11.315259727890407,13.337236514990611,10.857375947430853,0.6175438596491228
M05,sub-M05_ses-20240730T100000_behavior+ecephys.nwb,CA3,1,LtoR,26,51,0.13500815169695324,0.07681698090602813,0.19926848589653587,False,113,44,13.874155999999857,22.870928537739886,26.220359169242073,0.2959770114942529
M05,sub-M05_ses-20240730T100000_behavior+ecephys.nwb,CA3,1,LtoR,27,53,0.17802715999752655,0.09251148588300588,0.2655560822513087,False,113,44,22.08542777110779,11.14488071420069,8.600521706049589,0.4566787003610108
M05,sub-M05_ses-20240730T100000_behavior+ecephys.nwb,CA3,1,LtoR,28,55,0.14128506129779606,0.06583560179419619,0.21402645448069266,False,113,44,8.910581904761784,20.253440627433275,8.572294319788933,0.5246636771300448
M05,sub-M05_ses-20240730T100000_behavior+ecephys.nwb,CA3,1,LtoR,29,57,0.18799378183797366,0.0955895217099603,0.28053582538397354,False,113,44,24.908204000001206,8.504048369468634,6.679376799191308,0.4775641025641026
M05,sub-M05_ses-20240730T100000_behavior+ecephys.nwb,CA3,1,LtoR,30,59,0.2241197540424835,0.1675548084213231,0.2871461922487371,True,113,44,29.74443066666754,7.818641629239835,6.3051461349088544,0.5120967741935484
M05,sub-M05_ses-20240730T100000_behavior+ecephys.nwb,CA3,1,LtoR,31,61,0.21021619340790776,0.14905626123752383,0.2709036810063804,True,113,44,36.38023969587812,8.224402273495182,6.345115989795973,0.4456641053787047
M05,sub-M05_ses-20240730T100000_behavior+ecephys.nwb,CA3,1,LtoR,32,63,0.09161737363222608,0.028897235498466685,0.16015466630959413,True,113,44,21.409551313859993,10.504434468362536,8.946155329106315,0.44776119402985076
M05,sub-M05_ses-20240730T100000_behavior+ecephys.nwb,CA3,1,LtoR,33,66,0.1782340597406466,0.08658727822364358,0.2619400089053665,True,113,44,17.933739047617564,13.602580494106292,8.08773951003429,0.42444444444444446
M05,sub-M05_ses-20240730T100000_behavior+ecephys.nwb,CA3,1,LtoR,34,68,0.19925247100350374,0.13130570857283058,0.27603414740339605,True,113,44,13.612658802721853,15.156457581461623,8.056320505503706,0.4633431085043988
M05,sub-M05_ses-20240730T100000_behavior+ecephys.nwb,CA3,1,LtoR,35,70,0.16627581384625478,0.08230659607382566,0.2318481921860356,True,113,44,24.068912000000637,12.394229733328737,4.87121109229849,0.38704318936877075
M05,sub-M05_ses-20240730T100000_behavior+ecephys.nwb,CA3,1,LtoR,36,72,0.2313740199829496,0.15721911944190695,0.2936036540402954,True,113,44,28.425782666667146,8.30482969484818,6.314286881618332,0.449438202247191
M05,sub-M05_ses-20240730T100000_behavior+ecephys.nwb,CA3,1,LtoR,37,74,0.24151771469709765,0.16313444115853348,0.3001847143753685,True,113,44,11.214566718954302,16.518720700843545,11.800227476093381,0.5602836879432624
M05,sub-M05_ses-20240730T100000_behavior+ecephys.nwb,CA3,1,LtoR,38,75,0.149580292248865,0.09014793333833575,0.208873175070723,True,113,44,17.765365647059298,11.879513459073625,9.005619433774568,0.4977578475336323
M05,sub-M05_ses-20240730T100000_behavior+ecephys.nwb,CA3,1,LtoR,39,77,0.1705388818296514,0.08599211121185396,0.24652485811755068,True,113,44,6.519140000000334,15.720676000322168,9.570520081852706,0.9079754601226994
M05,sub-M05_ses-20240730T100000_behavior+ecephys.nwb,CA3,1,RtoL,1,2,0.07329410460038219,0.011867395084819782,0.13872288709975647,False,113,44,11.315316000000166,14.083852870405314,12.52184575003613,0.5809859154929577
M05,sub-M05_ses-20240730T100000_behavior+ecephys.nwb,CA3,1,RtoL,2,4,0.13453380302987208,0.0764595199644627,0.20168946034184188,False,113,44,20.46292041830111,11.535490102213595,6.819765979928303,0.4375
M05,sub-M05_ses-20240730T100000_behavior+ecephys.nwb,CA3,1,RtoL,3,6,0.10338210298263786,0.041557597937345356,0.17189650303569975,False,113,44,31.532802476190227,8.184933230623797,5.07811028888175,0.43599493029150826
M05,sub-M05_ses-20240730T100000_behavior+ecephys.nwb,CA3,1,RtoL,4,8,0.15320941547401445,0.0765916982851117,0.21591191527802492,False,113,44,21.27526457516342,10.690117843986677,7.9912424703869025,0.4521575984990619
M05,sub-M05_ses-20240730T100000_behavior+ecephys.nwb,CA3,1,RtoL,5,10,0.11768109599150545,0.046383832252283916,0.2019179598508367,False,113,44,19.07794955101963,12.564439991700862,10.082343603307564,0.4456066945606695
M05,sub-M05_ses-20240730T100000_behavior+ecephys.nwb,CA3,1,RtoL,6,12,0.11860939357752323,0.03840446048195533,0.19375668028902196,False,113,44,25.667264000000614,9.18610330378318,6.485252019788669,0.432348367029549
M05,sub-M05_ses-20240730T100000_behavior+ecephys.nwb,CA3,1,RtoL,7,14,0.13110915810330692,0.06768072656835032,0.20598716063931738,False,113,44,20.34980533333328,12.232597061685787,9.268010610928155,0.4235294117647059
M05,sub-M05_ses-20240730T100000_behavior+ecephys.nwb,CA3,1,RtoL,8,16,0.1400401811169394,0.07527217245271547,0.21668665907692036,False,113,44,33.62405199999921,9.422669387761918,7.574192075743957,0.46730083234244946
M05,sub-M05_ses-20240730T100000_behavior+ecephys.nwb,CA3,1,RtoL,9,18,0.16058605332027476,0.09152577918594951,0.22810751636815696,False,113,44,33.46351066666648,8.761290431754613,6.942793388874349,0.43847072879330945
M05,sub-M05_ses-20240730T100000_behavior+ecephys.nwb,CA3,1,RtoL,10,20,0.15839954680493473,0.07878373569893823,0.25129412407046364,False,113,44,65.36756666666679,7.306616448666681,5.181914965672163,0.4055045871559633
M05,sub-M05_ses-20240730T100000_behavior+ecephys.nwb,CA3,1,RtoL,11,22,0.16037290593445125,0.09272756983700917,0.23456777271005655,False,113,44,38.06785175510231,8.494777620639018,6.69514784874159,0.391395592864638
M05,sub-M05_ses-20240730T100000_behavior+ecephys.nwb,CA3,1,RtoL,12,24,0.15993937458681637,0.09340858449564848,0.22962971374758376,False,113,44,62.52817466666602,8.30082065247345,6.307691072714896,0.4143222506393862
M05,sub-M05_ses-20240730T100000_behavior+ecephys.nwb,CA3,1,RtoL,13,26,0.16905109663507367,0.09981360487696063,0.24636723956450848,False,113,44,11.631509360544442,14.353996848481328,11.52412959753967,0.5292096219931272
M05,sub-M05_ses-20240730T100000_behavior+ecephys.nwb,CA3,1,RtoL,14,28,0.18826258114838598,0.12140670275243122,0.27297753913286515,False,113,44,86.83639466666682,9.156352175101516,7.4248539915902185,0.15377532228360957
M05,sub-M05_ses-20240730T100000_behavior+ecephys.nwb,CA3,1,RtoL,15,30,0.17273342521712481,0.09530297012712133,0.2469984321887111,False,113,44,16.631752000000233,11.8736610670673,9.401930204914414,0.4567307692307692
M05,sub-M05_ses-20240730T100000_behavior+ecephys.nwb,CA3,1,RtoL,16,32,0.17628969939402536,0.08457886342544538,0.24451013239863947,False,113,44,22.869549333334362,10.276890628253547,7.49819004777407,0.450261780104712
M05,sub-M05_ses-20240730T100000_behavior+ecephys.nwb,CA3,1,RtoL,17,34,0.2575400180874874,0.19511069004059992,0.317237764422781,False,113,44,36.94405513725542,9.98910600025447,6.864481698878066,0.33945945945945943
M05,sub-M05_ses-20240730T100000_behavior+ecephys.nwb,CA3,1,RtoL,18,36,0.22451865360831882,0.1346719444265252,0.32226729928286574,False,113,44,18.97059215686295,11.025858284276175,7.145497954646385,0.5431578947368421
M05,sub-M05_ses-20240730T100000_behavior+ecephys.nwb,CA3,1,RtoL,19,38,0.17017987833957815,0.0868158449568985,0.2641227212187458,False,113,44,17.471832000000177,14.392892477012875,7.708733302217092,0.3890160183066362
M05,sub-M05_ses-20240730T100000_behavior+ecephys.nwb,CA3,1,RtoL,20,40,0.1810240555659632,0.11292281691624963,0.25866523130161345,False,113,44,13.930159619048027,12.011571828217624,10.839350330648633,0.6275071633237822
M05,sub-M05_ses-20240730T100000_behavior+ecephys.nwb,CA3,1,RtoL,21,42,0.2518341783353,0.18627330227094788,0.32867940043822524,False,113,44,34.202442802720725,10.266921981171679,8.44182438637285,0.41073512252042005
M05,sub-M05_ses-20240730T100000_behavior+ecephys.nwb,CA3,1,RtoL,22,44,0.1106939152084172,0.04519558336377117,0.18057213657652468,False,113,44,15.155812244898698,12.324622507473876,7.554996400526781,0.5263157894736842
M05,sub-M05_ses-20240730T100000_behavior+ecephys.nwb,CA3,1,RtoL,23,46,0.14528984524129424,0.058074081768709915,0.23815329214544745,False,113,44,50.494443241830595,8.788203182098579,4.899445608017204,0.2596991290577989
M05,sub-M05_ses-20240730T100000_behavior+ecephys.nwb,CA3,1,RtoL,24,48,0.3043937204953362,0.22506794237318292,0.3770478740324587,False,113,44,29.65814217687057,8.355364762817683,5.624139325310066,0.532345013477089
M05,sub-M05_ses-20240730T100000_behavior+ecephys.nwb,CA3,1,RtoL,25,50,0.19861007199187786,0.1189077082920322,0.2664980077430556,False,113,44,20.069873333333817,9.15412381599395,7.6377280612982466,0.5199203187250996
M05,sub-M05_ses-20240730T100000_behavior+ecephys.nwb,CA3,1,RtoL,26,52,0.13271276413977384,0.04216975184548418,0.2255589245985679,False,113,44,58.28125583673591,7.7952740297643395,5.971086773621977,0.44787379972565156
M05,sub-M05_ses-20240730T100000_behavior+ecephys.nwb,CA3,1,RtoL,27,54,0.2750106768683638,0.20847787394054892,0.3434264470897254,False,113,44,36.620218487394595,9.660396292052438,7.059353948785691,0.34170305676855894
M05,sub-M05_ses-20240730T100000_behavior+ecephys.nwb,CA3,1,RtoL,28,56,0.19700830994000226,0.11579707792537358,0.26497284353000244,False,113,44,42.13820399999895,7.045740775363329,5.808108731704259,0.46161137440758293
M05,sub-M05_ses-20240730T100000_behavior+ecephys.nwb,CA3,1,RtoL,29,58,0.21487637779438157,0.15586107752103878,0.2853178776094497,True,113,44,25.827606666665815,8.679027293548831,6.618913679347851,0.5471406491499228
M05,sub-M05_ses-20240730T100000_behavior+ecephys.nwb,CA3,1,RtoL,30,60,0.2137544885766599,0.13888411545170382,0.2975360007116891,True,113,44,21.94628908843515,10.783374326961095,8.165929991369676,0.5227686703096539
M05,sub-M05_ses-20240730T100000_behavior+ecephys.nwb,CA3,1,RtoL,31,62,0.21791501167882765,0.14947272070591144,0.28874107339135524,True,113,44,45.54604640522848,7.323843353172551,5.041766418994648,0.45263157894736844
M05,sub-M05_ses-20240730T100000_behavior+ecephys.nwb,CA3,1,RtoL,32,64,0.18317704742153262,0.11736094901447446,0.24265570694275707,True,113,44,26.04350016326498,9.187918577091697,8.713098725541837,0.450920245398773
M05,sub-M05_ses-20240730T100000_behavior+ecephys.nwb,CA3,1,RtoL,33,65,0.1441734446747827,0.06816360822432677,0.21452090879400923,True,113,44,36.064051700681375,5.970366901515534,4.528249696007923,0.4312638580931264
M05,sub-M05_ses-20240730T100000_behavior+ecephys.nwb,CA3,1,RtoL,34,67,0.13082260596248146,0.06418198792557568,0.1927705357692942,True,113,44,22.20927319727889,7.71099438266596,6.223383012659445,0.6366906474820144
M05,sub-M05_ses-20240730T100000_behavior+ecephys.nwb,CA3,1,RtoL,35,69,0.14931707296862384,0.08824942840742325,0.2156487535984943,True,113,44,36.9816106666658,8.060768688688862,6.395296400511198,0.4060475161987041
M05,sub-M05_ses-20240730T100000_behavior+ecephys.nwb,CA3,1,RtoL,36,71,0.20843791885209167,0.13320326908206812,0.2742330377935946,True,113,44,63.567906666665294,6.624616098916433,5.10855635198263,0.4349465744814582
M05,sub-M05_ses-20240730T100000_behavior+ecephys.nwb,CA3,1,RtoL,37,73,0.2608791534354379,0.18963097611191687,0.3332200424834152,True,113,44,107.2054719477128,7.907939905456363,5.982981850626246,0.37276119402985075
M05,sub-M05_ses-20240730T100000_behavior+ecephys.nwb,CA3,1,RtoL,38,76,0.1351927909860099,0.0629441623764744,0.2104755820651667,True,113,44,9.915545333331465,18.849001073422016,11.352241812294983,0.5887096774193549
M05,sub-M05_ses-20240730T100000_behavior+ecephys.nwb,RSC,1,LtoR,1,1,0.04676256533242844,0.004393921547501875,0.10099292765630975,False,67,44,9.03041466666673,18.491759495212737,12.4697640005767,0.5155555555555555
M05,sub-M05_ses-20240730T100000_behavior+ecephys.nwb,RSC,1,LtoR,2,3,0.26682788813860314,0.2148608216759436,0.31686400544642046,False,67,44,9.962090248365712,16.028459161703292,12.031223213343303,0.616
M05,sub-M05_ses-20240730T100000_behavior+ecephys.nwb,RSC,1,LtoR,3,5,0.09614913544807493,0.06431588039358914,0.13495545111680557,False,67,44,16.483001523809435,16.23448180165521,8.034193323886473,0.35990338164251207
M05,sub-M05_ses-20240730T100000_behavior+ecephys.nwb,RSC,1,LtoR,4,7,0.10319708635813116,0.0564658501078854,0.15695469660181327,False,67,44,16.185516758169797,12.106575607328182,8.87526678677533,0.5061728395061729
M05,sub-M05_ses-20240730T100000_behavior+ecephys.nwb,RSC,1,LtoR,5,9,0.20131737225419316,0.14876529886786405,0.2508283330616231,False,67,44,16.02456244898076,11.985634035129493,9.209865288162195,0.5199004975124378
M05,sub-M05_ses-20240730T100000_behavior+ecephys.nwb,RSC,1,LtoR,6,11,0.16854411023037494,0.12729914375233126,0.20673952273829313,False,67,44,10.754893333332802,17.580774025470557,10.399202716120765,0.4777777777777778
M05,sub-M05_ses-20240730T100000_behavior+ecephys.nwb,RSC,1,LtoR,7,13,0.1569051628456216,0.11753081354229818,0.19340359603673124,False,67,44,32.78371333333325,8.433285498817764,6.146809163115087,0.3695121951219512
M05,sub-M05_ses-20240730T100000_behavior+ecephys.nwb,RSC,1,LtoR,8,15,0.36854761141010334,0.3127727739511014,0.41046217786093686,False,67,44,10.794697333333716,13.088167957980948,14.07948978491266,0.6494464944649446
M05,sub-M05_ses-20240730T100000_behavior+ecephys.nwb,RSC,1,LtoR,9,17,0.18753361786518746,0.13401094702259905,0.23314281453632163,False,67,44,14.912216000000626,13.96358990986896,8.84721659500632,0.49866666666666665
M05,sub-M05_ses-20240730T100000_behavior+ecephys.nwb,RSC,1,LtoR,10,19,0.25681423628543254,0.199540605026663,0.3082909923870147,False,67,44,23.227929333333122,10.933872829409728,9.910922362235274,0.40893470790378006
M05,sub-M05_ses-20240730T100000_behavior+ecephys.nwb,RSC,1,LtoR,11,21,0.29753697960687786,0.24233850122029374,0.3403055497796474,False,67,44,30.42428266666684,12.424164785879674,5.283556452187678,0.316688567674113
M05,sub-M05_ses-20240730T100000_behavior+ecephys.nwb,RSC,1,LtoR,12,23,0.18093004537709392,0.1261746273980606,0.2385924483127936,False,67,44,23.302547578231497,9.307906817667485,7.656047513405566,0.483704974271012
M05,sub-M05_ses-20240730T100000_behavior+ecephys.nwb,RSC,1,LtoR,13,25,0.23814514909933188,0.19414888810333145,0.28159172865016563,False,67,44,13.8759886394555,15.666129705961353,12.850595237887488,0.46131805157593125
M05,sub-M05_ses-20240730T100000_behavior+ecephys.nwb,RSC,1,LtoR,14,27,0.330755186129969,0.29187893038002216,0.36785693188394497,False,67,44,18.47133866666627,12.480793778134961,11.835166208326964,0.43844492440604754
M05,sub-M05_ses-20240730T100000_behavior+ecephys.nwb,RSC,1,LtoR,15,29,0.22061225146444338,0.1937151046067253,0.2491955365948611,False,67,44,26.18786266666666,10.073519896931797,7.482645585594404,0.39939024390243905
M05,sub-M05_ses-20240730T100000_behavior+ecephys.nwb,RSC,1,LtoR,16,31,0.23812851452805592,0.19772887529037966,0.27373415466412754,False,67,44,42.49722666666639,11.277608945017418,9.896362427526858,0.20864661654135339
M05,sub-M05_ses-20240730T100000_behavior+ecephys.nwb,RSC,1,LtoR,17,33,0.15758510750346205,0.1192646686447319,0.1940415498085101,False,67,44,28.783924862744243,9.400745331213557,6.191168039629985,0.4597222222222222
M05,sub-M05_ses-20240730T100000_behavior+ecephys.nwb,RSC,1,LtoR,18,35,0.26697131509053296,0.22084066080252943,0.31314662726171466,False,67,44,28.23916577777709,9.44575521146828,6.396869739262329,0.3521923620933522
M05,sub-M05_ses-20240730T100000_behavior+ecephys.nwb,RSC,1,LtoR,19,37,0.26496455341036573,0.2150169293078533,0.3111066559200883,False,67,44,28.19283139869276,8.80569930294721,6.239219269157182,0.38526912181303113
M05,sub-M05_ses-20240730T100000_behavior+ecephys.nwb,RSC,1,LtoR,20,39,0.31651973043909265,0.24657700182832737,0.3565067623826616,False,67,44,17.133952380951996,11.240967779477218,9.450833631406661,0.4906976744186046
M05,sub-M05_ses-20240730T100000_behavior+ecephys.nwb,RSC,1,LtoR,21,41,0.13885907537960895,0.0845184231755179,0.19234809946094952,False,67,44,31.663985333333585,10.764414397529736,7.948706052082911,0.30176767676767674
M05,sub-M05_ses-20240730T100000_behavior+ecephys.nwb,RSC,1,LtoR,22,43,0.2574707107969183,0.20067777817649074,0.30421470942822815,False,67,44,8.852480952380574,15.353293983804042,13.42072228041599,0.6576576576576577
M05,sub-M05_ses-20240730T100000_behavior+ecephys.nwb,RSC,1,LtoR,23,45,0.14333024390010946,0.10700143841562167,0.17898897715234352,False,67,44,10.514827999999397,21.95489731532363,13.013271917836464,0.4166666666666667
M05,sub-M05_ses-20240730T100000_behavior+ecephys.nwb,RSC,1,LtoR,24,47,0.3011170474678642,0.2597549271331587,0.3358734540071702,False,67,44,18.237700186741677,13.922119602389515,5.660088103472489,0.424507658643326
M05,sub-M05_ses-20240730T100000_behavior+ecephys.nwb,RSC,1,LtoR,25,49,0.19431218490041394,0.1412320227363927,0.24863105835224764,False,67,44,11.315259727890407,13.337236514990611,10.857375947430853,0.6175438596491228
M05,sub-M05_ses-20240730T100000_behavior+ecephys.nwb,RSC,1,LtoR,26,51,0.20976415899843076,0.15344274220431098,0.26508403476097014,False,67,44,13.874155999999857,22.870928537739886,26.220359169242073,0.2959770114942529
M05,sub-M05_ses-20240730T100000_behavior+ecephys.nwb,RSC,1,LtoR,27,53,0.17533724421579422,0.11053257142220808,0.2235178560490239,False,67,44,22.08542777110779,11.14488071420069,8.600521706049589,0.4566787003610108
M05,sub-M05_ses-20240730T100000_behavior+ecephys.nwb,RSC,1,LtoR,28,55,0.2536040604289898,0.21396351552043072,0.3006444479432885,False,67,44,8.910581904761784,20.253440627433275,8.572294319788933,0.5246636771300448
M05,sub-M05_ses-20240730T100000_behavior+ecephys.nwb,RSC,1,LtoR,29,57,0.18697611157733549,0.14334591267024102,0.2515829590581058,False,67,44,24.908204000001206,8.504048369468634,6.679376799191308,0.4775641025641026
M05,sub-M05_ses-20240730T100000_behavior+ecephys.nwb,RSC,1,LtoR,30,59,0.2409305539123378,0.19149095524956947,0.2872627715821916,True,67,44,29.74443066666754,7.818641629239835,6.3051461349088544,0.5120967741935484
M05,sub-M05_ses-20240730T100000_behavior+ecephys.nwb,RSC,1,LtoR,31,61,0.34455580840442357,0.2877761856690982,0.3891768474795991,True,67,44,36.38023969587812,8.224402273495182,6.345115989795973,0.4456641053787047
M05,sub-M05_ses-20240730T100000_behavior+ecephys.nwb,RSC,1,LtoR,32,63,0.20899470701901884,0.1651198491680504,0.24993287162057112,True,67,44,21.409551313859993,10.504434468362536,8.946155329106315,0.44776119402985076
M05,sub-M05_ses-20240730T100000_behavior+ecephys.nwb,RSC,1,LtoR,33,66,0.2570823881090172,0.21562381622250493,0.2999280586075142,True,67,44,17.933739047617564,13.602580494106292,8.08773951003429,0.42444444444444446
M05,sub-M05_ses-20240730T100000_behavior+ecephys.nwb,RSC,1,LtoR,34,68,0.23544096689347715,0.1894675027415764,0.2841817658990231,True,67,44,13.612658802721853,15.156457581461623,8.056320505503706,0.4633431085043988
M05,sub-M05_ses-20240730T100000_behavior+ecephys.nwb,RSC,1,LtoR,35,70,0.19273270086301708,0.12554694433349084,0.24672718293629647,True,67,44,24.068912000000637,12.394229733328737,4.87121109229849,0.38704318936877075
M05,sub-M05_ses-20240730T100000_behavior+ecephys.nwb,RSC,1,LtoR,36,72,0.2529249757783234,0.19178070850195467,0.30222426380776446,True,67,44,28.425782666667146,8.30482969484818,6.314286881618332,0.449438202247191
M05,sub-M05_ses-20240730T100000_behavior+ecephys.nwb,RSC,1,LtoR,37,74,0.35901444006677274,0.30336158525962764,0.40909177476974007,True,67,44,11.214566718954302,16.518720700843545,11.800227476093381,0.5602836879432624
M05,sub-M05_ses-20240730T100000_behavior+ecephys.nwb,RSC,1,LtoR,38,75,0.21626186316862162,0.16034263273490224,0.265333313006668,True,67,44,17.765365647059298,11.879513459073625,9.005619433774568,0.4977578475336323
M05,sub-M05_ses-20240730T100000_behavior+ecephys.nwb,RSC,1,LtoR,39,77,0.192295635463977,0.14792316369505387,0.23725539070523938,True,67,44,6.519140000000334,15.720676000322168,9.570520081852706,0.9079754601226994
M05,sub-M05_ses-20240730T100000_behavior+ecephys.nwb,RSC,1,RtoL,1,2,0.29136292155466226,0.24397214914307636,0.3284820319456791,False,67,44,11.315316000000166,14.083852870405314,12.52184575003613,0.5809859154929577
M05,sub-M05_ses-20240730T100000_behavior+ecephys.nwb,RSC,1,RtoL,2,4,0.25258921844568044,0.20909513043160163,0.292731942928777,False,67,44,20.46292041830111,11.535490102213595,6.819765979928303,0.4375
M05,sub-M05_ses-20240730T100000_behavior+ecephys.nwb,RSC,1,RtoL,3,6,0.20866227063593829,0.17777260148059312,0.24252854385707556,False,67,44,31.532802476190227,8.184933230623797,5.07811028888175,0.43599493029150826
M05,sub-M05_ses-20240730T100000_behavior+ecephys.nwb,RSC,1,RtoL,4,8,0.1918074305756164,0.13266312316037784,0.23705598572257333,False,67,44,21.27526457516342,10.690117843986677,7.9912424703869025,0.4521575984990619
M05,sub-M05_ses-20240730T100000_behavior+ecephys.nwb,RSC,1,RtoL,5,10,0.2027325869486538,0.14825474431627791,0.2539674993383655,False,67,44,19.07794955101963,12.564439991700862,10.082343603307564,0.4456066945606695
M05,sub-M05_ses-20240730T100000_behavior+ecephys.nwb,RSC,1,RtoL,6,12,0.26589048956709105,0.22815231471625086,0.29678143920839506,False,67,44,25.667264000000614,9.18610330378318,6.485252019788669,0.432348367029549
M05,sub-M05_ses-20240730T100000_behavior+ecephys.nwb,RSC,1,RtoL,7,14,0.24401643905868475,0.1973485137028891,0.2875431325023567,False,67,44,20.34980533333328,12.232597061685787,9.268010610928155,0.4235294117647059
M05,sub-M05_ses-20240730T100000_behavior+ecephys.nwb,RSC,1,RtoL,8,16,0.2527060982332623,0.2128754555776249,0.2880706184297222,False,67,44,33.62405199999921,9.422669387761918,7.574192075743957,0.46730083234244946
M05,sub-M05_ses-20240730T100000_behavior+ecephys.nwb,RSC,1,RtoL,9,18,0.21410768914105607,0.16611511560513875,0.24887066013904402,False,67,44,33.46351066666648,8.761290431754613,6.942793388874349,0.43847072879330945
M05,sub-M05_ses-20240730T100000_behavior+ecephys.nwb,RSC,1,RtoL,10,20,0.13823646924002392,0.08972467490516926,0.18468842471283273,False,67,44,65.36756666666679,7.306616448666681,5.181914965672163,0.4055045871559633
M05,sub-M05_ses-20240730T100000_behavior+ecephys.nwb,RSC,1,RtoL,11,22,0.1010530479560868,0.03911111068554028,0.15581214138023622,False,67,44,38.06785175510231,8.494777620639018,6.69514784874159,0.391395592864638
M05,sub-M05_ses-20240730T100000_behavior+ecephys.nwb,RSC,1,RtoL,12,24,0.1977198459011028,0.14505366317950025,0.2448815203638537,False,67,44,62.52817466666602,8.30082065247345,6.307691072714896,0.4143222506393862
M05,sub-M05_ses-20240730T100000_behavior+ecephys.nwb,RSC,1,RtoL,13,26,0.2292598498524454,0.18133868478524062,0.26956169079030573,False,67,44,11.631509360544442,14.353996848481328,11.52412959753967,0.5292096219931272
M05,sub-M05_ses-20240730T100000_behavior+ecephys.nwb,RSC,1,RtoL,14,28,0.2206391065308153,0.17071355802478558,0.2661578083116192,False,67,44,86.83639466666682,9.156352175101516,7.4248539915902185,0.15377532228360957
M05,sub-M05_ses-20240730T100000_behavior+ecephys.nwb,RSC,1,RtoL,15,30,0.1641094772287644,0.1267949066508519,0.211019444534468,False,67,44,16.631752000000233,11.8736610670673,9.401930204914414,0.4567307692307692
M05,sub-M05_ses-20240730T100000_behavior+ecephys.nwb,RSC,1,RtoL,16,32,0.27267017692675943,0.23620668911837445,0.32298463540504124,False,67,44,22.869549333334362,10.276890628253547,7.49819004777407,0.450261780104712
M05,sub-M05_ses-20240730T100000_behavior+ecephys.nwb,RSC,1,RtoL,17,34,0.3301202279191593,0.2912301055690956,0.3666282347701726,False,67,44,36.94405513725542,9.98910600025447,6.864481698878066,0.33945945945945943
M05,sub-M05_ses-20240730T100000_behavior+ecephys.nwb,RSC,1,RtoL,18,36,0.3031348413683554,0.2568448315305342,0.34686194345608573,False,67,44,18.97059215686295,11.025858284276175,7.145497954646385,0.5431578947368421
M05,sub-M05_ses-20240730T100000_behavior+ecephys.nwb,RSC,1,RtoL,19,38,0.19479409054509694,0.15337281361210803,0.23094612357874053,False,67,44,17.471832000000177,14.392892477012875,7.708733302217092,0.3890160183066362
M05,sub-M05_ses-20240730T100000_behavior+ecephys.nwb,RSC,1,RtoL,20,40,0.16862383939159928,0.1208633113330793,0.20517198572191322,False,67,44,13.930159619048027,12.011571828217624,10.839350330648633,0.6275071633237822
M05,sub-M05_ses-20240730T100000_behavior+ecephys.nwb,RSC,1,RtoL,21,42,0.3346565904056594,0.2917253299706949,0.3729477172963896,False,67,44,34.202442802720725,10.266921981171679,8.44182438637285,0.41073512252042005
M05,sub-M05_ses-20240730T100000_behavior+ecephys.nwb,RSC,1,RtoL,22,44,0.14516930528381808,0.10534093920505336,0.18692293804966692,False,67,44,15.155812244898698,12.324622507473876,7.554996400526781,0.5263157894736842
M05,sub-M05_ses-20240730T100000_behavior+ecephys.nwb,RSC,1,RtoL,23,46,0.27413178806808236,0.2428737331789206,0.3080474987572986,False,67,44,50.494443241830595,8.788203182098579,4.899445608017204,0.2596991290577989
M05,sub-M05_ses-20240730T100000_behavior+ecephys.nwb,RSC,1,RtoL,24,48,0.24653140935146234,0.20358498759974827,0.2895285775607412,False,67,44,29.65814217687057,8.355364762817683,5.624139325310066,0.532345013477089
M05,sub-M05_ses-20240730T100000_behavior+ecephys.nwb,RSC,1,RtoL,25,50,0.1332051003386019,0.09514941596160013,0.16962999032983897,False,67,44,20.069873333333817,9.15412381599395,7.6377280612982466,0.5199203187250996
M05,sub-M05_ses-20240730T100000_behavior+ecephys.nwb,RSC,1,RtoL,26,52,0.13784317165077864,0.0845894215882048,0.18908307842095357,False,67,44,58.28125583673591,7.7952740297643395,5.971086773621977,0.44787379972565156
M05,sub-M05_ses-20240730T100000_behavior+ecephys.nwb,RSC,1,RtoL,27,54,0.19727003035171814,0.1476087434722837,0.2414990409762655,False,67,44,36.620218487394595,9.660396292052438,7.059353948785691,0.34170305676855894
M05,sub-M05_ses-20240730T100000_behavior+ecephys.nwb,RSC,1,RtoL,28,56,0.22685392056862277,0.17883753548691084,0.27865393952395373,False,67,44,42.13820399999895,7.045740775363329,5.808108731704259,0.46161137440758293
M05,sub-M05_ses-20240730T100000_behavior+ecephys.nwb,RSC,1,RtoL,29,58,0.296293667251824,0.24425443653255446,0.34121240305138306,True,67,44,25.827606666665815,8.679027293548831,6.618913679347851,0.5471406491499228
M05,sub-M05_ses-20240730T100000_behavior+ecephys.nwb,RSC,1,RtoL,30,60,0.23689470561582837,0.18046650617204296,0.28614211783561905,True,67,44,21.94628908843515,10.783374326961095,8.165929991369676,0.5227686703096539
M05,sub-M05_ses-20240730T100000_behavior+ecephys.nwb,RSC,1,RtoL,31,62,0.2908067825191462,0.252014581610635,0.32879186710688674,True,67,44,45.54604640522848,7.323843353172551,5.041766418994648,0.45263157894736844
M05,sub-M05_ses-20240730T100000_behavior+ecephys.nwb,RSC,1,RtoL,32,64,0.27037821920853056,0.22603884796882015,0.3025273121329799,True,67,44,26.04350016326498,9.187918577091697,8.713098725541837,0.450920245398773
M05,sub-M05_ses-20240730T100000_behavior+ecephys.nwb,RSC,1,RtoL,33,65,0.23249084483474164,0.176681089541135,0.2848269279826186,True,67,44,36.064051700681375,5.970366901515534,4.528249696007923,0.4312638580931264
M05,sub-M05_ses-20240730T100000_behavior+ecephys.nwb,RSC,1,RtoL,34,67,0.19210847828024627,0.14353547696857502,0.24625266606167998,True,67,44,22.20927319727889,7.71099438266596,6.223383012659445,0.6366906474820144
M05,sub-M05_ses-20240730T100000_behavior+ecephys.nwb,RSC,1,RtoL,35,69,0.19039223733285876,0.14981873994571623,0.22742647372988015,True,67,44,36.9816106666658,8.060768688688862,6.395296400511198,0.4060475161987041
M05,sub-M05_ses-20240730T100000_behavior+ecephys.nwb,RSC,1,RtoL,36,71,0.23938019651149553,0.20679182507007082,0.28096767167141024,True,67,44,63.567906666665294,6.624616098916433,5.10855635198263,0.4349465744814582
M05,sub-M05_ses-20240730T100000_behavior+ecephys.nwb,RSC,1,RtoL,37,73,0.32137941834809114,0.2777453365360355,0.35645715637946557,True,67,44,107.2054719477128,7.907939905456363,5.982981850626246,0.37276119402985075
M05,sub-M05_ses-20240730T100000_behavior+ecephys.nwb,RSC,1,RtoL,38,76,0.15609984978079217,0.10236847903759237,0.20921223394730248,True,67,44,9.915545333331465,18.849001073422016,11.352241812294983,0.5887096774193549
M05,sub-M05_ses-20240731T100000_behavior+ecephys.nwb,CA1,1,LtoR,1,2,0.05922341937241132,0.04291062692675269,0.06851520670428941,False,57,55,18.599114379085222,12.184780287700109,7.537237266280267,0.5021459227467812
M05,sub-M05_ses-20240731T100000_behavior+ecephys.nwb,CA1,1,LtoR,2,4,0.034329969006606495,0.022686383160822072,0.04552432966575483,False,57,55,36.99054596078531,10.349572880844216,6.526104571477162,0.3207343412526998
M05,sub-M05_ses-20240731T100000_behavior+ecephys.nwb,CA1,1,LtoR,3,5,0.06080133730352569,0.0493970216802751,0.07512859779098326,False,57,55,40.37953333333371,9.41858718095082,7.558227979839524,0.34421364985163205
M05,sub-M05_ses-20240731T100000_behavior+ecephys.nwb,CA1,1,LtoR,4,7,0.06670573795091299,0.030893660765808816,0.08213814482652756,False,57,55,27.066145333333225,13.253006133602177,13.475368655275489,0.3008849557522124
M05,sub-M05_ses-20240731T100000_behavior+ecephys.nwb,CA1,1,LtoR,5,9,0.08594145541166205,0.06380024260906642,0.09945863395491963,False,57,55,21.01008435374206,13.084567421045538,10.839465889710043,0.4068441064638783
M05,sub-M05_ses-20240731T100000_behavior+ecephys.nwb,CA1,1,LtoR,6,11,0.14569026973368548,0.1263466860140603,0.16134978823302656,False,57,55,60.089766000000054,10.233031892227379,7.293459881642961,0.20093147039254824
M05,sub-M05_ses-20240731T100000_behavior+ecephys.nwb,CA1,1,LtoR,7,13,0.09698227472252521,0.07898485023143385,0.1121280674149745,False,57,55,40.358725061224504,11.820498810456636,8.904668341052409,0.2504950495049505
M05,sub-M05_ses-20240731T100000_behavior+ecephys.nwb,CA1,1,LtoR,8,15,0.07914587585785257,0.07100872418851249,0.08768802083217092,False,57,55,45.93664799999988,12.498228355873374,10.117852309006421,0.2010443864229765
M05,sub-M05_ses-20240731T100000_behavior+ecephys.nwb,CA1,1,LtoR,9,17,0.05069314908130915,0.02341660883297522,0.07053805674212386,False,57,55,39.58089800000107,13.39879176901533,12.697199099600095,0.20686175580222
M05,sub-M05_ses-20240731T100000_behavior+ecephys.nwb,CA1,1,LtoR,10,19,0.06401373989661531,0.05390941868058539,0.07267559349151957,False,57,55,42.510113338668816,13.39770815069799,12.156975416003629,0.19567262464722485
M05,sub-M05_ses-20240731T100000_behavior+ecephys.nwb,CA1,1,LtoR,11,21,0.1052896358183309,0.07699079831841917,0.11691500568673927,False,57,55,45.49803599999905,12.137262207156244,12.278102658429097,0.19754170324846357
M05,sub-M05_ses-20240731T100000_behavior+ecephys.nwb,CA1,1,LtoR,12,23,0.06109812938660629,0.03190184933996553,0.07721418126271977,False,57,55,34.12067706122434,13.238157904312464,13.056246533422852,0.24824355971896955
M05,sub-M05_ses-20240731T100000_behavior+ecephys.nwb,CA1,1,LtoR,13,25,0.01697948525516849,0.004657563708111098,0.03165042786125216,False,57,55,46.964209777778706,9.362426596687042,7.17702875943494,0.3225531914893617
M05,sub-M05_ses-20240731T100000_behavior+ecephys.nwb,CA1,1,LtoR,14,27,0.0275094194093949,0.010939411590842349,0.05018822331164741,False,57,55,10.91322133333324,27.921544621779567,31.231181313648882,0.3357664233576642
M05,sub-M05_ses-20240731T100000_behavior+ecephys.nwb,CA1,1,LtoR,15,29,0.11530091158094531,0.0957500175771185,0.1262615765616403,False,57,55,20.349669333333622,18.146378870302517,15.21194137992744,0.296078431372549
M05,sub-M05_ses-20240731T100000_behavior+ecephys.nwb,CA1,1,LtoR,16,31,0.0007821331276150621,-0.012297189587932847,0.017441529074445856,False,57,55,19.350682666666216,13.953296697337365,9.556794574853278,0.38762886597938145
M05,sub-M05_ses-20240731T100000_behavior+ecephys.nwb,CA1,1,LtoR,17,33,-0.0021005610957086094,-0.015760775087565893,0.023280446434195724,False,57,55,9.178990718954083,18.20813771042324,18.837717186449275,0.6173913043478261
M05,sub-M05_ses-20240731T100000_behavior+ecephys.nwb,CA1,1,LtoR,18,35,0.024218770760222177,0.00957461947738278,0.03517508783587058,False,57,55,22.601217850339708,14.750589322786702,13.442421215714102,0.3321554770318021
M05,sub-M05_ses-20240731T100000_behavior+ecephys.nwb,CA1,1,LtoR,19,37,0.07998910083303701,0.0468660981435326,0.09802876358947395,False,57,55,25.86755866666681,11.51531134833879,8.621948626084022,0.3941267387944359
M05,sub-M05_ses-20240731T100000_behavior+ecephys.nwb,CA1,1,LtoR,20,39,0.12203067262704419,0.10829764450183833,0.13414450656241858,False,57,55,21.46899733333339,14.715328044841787,13.289945893419722,0.34386617100371747
M05,sub-M05_ses-20240731T100000_behavior+ecephys.nwb,CA1,1,LtoR,21,41,-0.030746236886921734,-0.04375608663378322,0.001445569707819822,False,57,55,7.3563986666667915,20.741362448247532,19.567840175469858,0.6756756756756757
M05,sub-M05_ses-20240731T100000_behavior+ecephys.nwb,CA1,1,LtoR,22,43,0.1637508983274703,0.15069865374960678,0.17809940748448674,False,57,55,20.508991999999125,12.09491646877347,9.745614434395332,0.45525291828793774
M05,sub-M05_ses-20240731T100000_behavior+ecephys.nwb,CA1,1,LtoR,23,45,0.08615685664127049,0.06700587575943125,0.09864431471837537,False,57,55,25.306736000000456,12.119924644306609,11.445938867124955,0.3722397476340694
M05,sub-M05_ses-20240731T100000_behavior+ecephys.nwb,CA1,1,LtoR,24,47,0.05924164448309572,0.04092613929520365,0.07089666594369062,False,57,55,25.187356000000364,13.817620123136935,10.315363618513844,0.31695721077654515
M05,sub-M05_ses-20240731T100000_behavior+ecephys.nwb,CA1,1,LtoR,25,49,0.00380770440566197,-0.012704601502030722,0.027334457695755682,False,57,55,16.657327372548934,16.308155450426995,14.617830362508132,0.38848920863309355
M05,sub-M05_ses-20240731T100000_behavior+ecephys.nwb,CA1,1,LtoR,26,51,0.04466434080231643,0.03518463519796911,0.05693693982022377,False,57,55,19.750289333333967,13.945639834630395,10.030372504665065,0.40404040404040403
M05,sub-M05_ses-20240731T100000_behavior+ecephys.nwb,CA1,1,LtoR,27,53,0.09497749287739729,0.08295189958415765,0.11261329169859623,False,57,55,14.552449333333243,16.074904659415296,15.575427760378982,0.45604395604395603
M05,sub-M05_ses-20240731T100000_behavior+ecephys.nwb,CA1,1,LtoR,28,55,0.01583209220017129,0.004802275301306485,0.031816516041183476,False,57,55,18.924095183672762,15.399921603661143,15.381998380179732,0.3642105263157895
M05,sub-M05_ses-20240731T100000_behavior+ecephys.nwb,CA1,1,LtoR,29,57,-0.04928958465631413,-0.05967067765114225,-0.03024451852580004,False,57,55,24.936512190476606,14.945669495262086,12.3885897159865,0.296474358974359
M05,sub-M05_ses-20240731T100000_behavior+ecephys.nwb,CA1,1,LtoR,30,59,-0.02340176771931174,-0.036979875931159374,0.006364746103826814,False,57,55,19.138176000000385,14.480548318184761,13.669420511328092,0.3958333333333333
M05,sub-M05_ses-20240731T100000_behavior+ecephys.nwb,CA1,1,LtoR,31,61,0.16026549638966275,0.13948437173471315,0.16746481419829387,False,57,55,12.87328133333267,20.93752095237698,22.83818857249021,0.38580246913580246
M05,sub-M05_ses-20240731T100000_behavior+ecephys.nwb,CA1,1,LtoR,32,63,0.10614685933903614,0.0757122794253187,0.14011426325410925,False,57,55,49.32584180392132,8.751856851670214,7.408798760955953,0.26682887266828875
M05,sub-M05_ses-20240731T100000_behavior+ecephys.nwb,CA1,1,LtoR,33,65,0.13649717145435308,0.11719220940471939,0.14858260576093807,False,57,55,16.751674666667896,12.462894140713274,12.645088324463133,0.5166666666666667
M05,sub-M05_ses-20240731T100000_behavior+ecephys.nwb,CA1,1,LtoR,34,67,0.07110774720733548,0.056236253972630885,0.08819803200402197,False,57,55,19.165463401359375,13.55681883954797,13.748486236529832,0.41164241164241167
M05,sub-M05_ses-20240731T100000_behavior+ecephys.nwb,CA1,1,LtoR,35,69,0.06757957536643674,0.05529157396731155,0.10358295396556937,False,57,55,16.79188666666596,14.573391450456132,15.095272692450393,0.4346793349168646
M05,sub-M05_ses-20240731T100000_behavior+ecephys.nwb,CA1,1,LtoR,36,71,0.08212423400739063,0.06329776556669119,0.09740666885305582,False,57,55,20.790140000000974,11.021162162207736,8.613685952380695,0.508637236084453
M05,sub-M05_ses-20240731T100000_behavior+ecephys.nwb,CA1,1,LtoR,37,73,0.05388692156832173,0.04102446302193786,0.0646312407497963,False,57,55,16.71142133333342,13.544820572050446,13.446577616013048,0.48687350835322196
M05,sub-M05_ses-20240731T100000_behavior+ecephys.nwb,CA1,1,LtoR,38,75,0.0776546855920513,0.05883463075713735,0.09089145285246629,True,57,55,36.61354171428684,8.79559924570305,5.6312233854501486,0.4569247546346783
M05,sub-M05_ses-20240731T100000_behavior+ecephys.nwb,CA1,1,LtoR,39,77,0.12421481867126774,0.09714874987212327,0.13712878591055486,True,57,55,21.707671999998638,10.135343810002912,8.896605687782014,0.5220588235294118
M05,sub-M05_ses-20240731T100000_behavior+ecephys.nwb,CA1,1,LtoR,40,79,0.16138220833140576,0.1393206178651808,0.17185023138715722,True,57,55,22.28191910097121,12.28133418207719,9.80924881093717,0.42397137745974955
M05,sub-M05_ses-20240731T100000_behavior+ecephys.nwb,CA1,1,LtoR,41,81,0.057008092286861864,0.043021399284229316,0.06771695305088646,True,57,55,19.73676777777837,14.085223819591604,14.724438403619331,0.39068825910931176
M05,sub-M05_ses-20240731T100000_behavior+ecephys.nwb,CA1,1,LtoR,42,83,0.09959681180214866,0.08320912699023268,0.1149141195412631,True,57,55,30.184358666665503,10.763459537816214,9.203932351270323,0.376984126984127
M05,sub-M05_ses-20240731T100000_behavior+ecephys.nwb,CA1,1,LtoR,43,85,-0.03434101667179448,-0.046347861989538955,-0.009902067292484761,True,57,55,13.720369307189685,14.259344864668526,9.934693484626354,0.5507246376811594
M05,sub-M05_ses-20240731T100000_behavior+ecephys.nwb,CA1,1,LtoR,44,87,0.027678387872431078,0.015187586996053703,0.04367784334482424,True,57,55,26.84688097905746,13.717565366732265,7.409193802004906,0.3293591654247392
M05,sub-M05_ses-20240731T100000_behavior+ecephys.nwb,CA1,1,LtoR,45,89,0.16069284826205882,0.14330506455619257,0.18503157002708256,True,57,55,15.91198600000098,15.448977248734488,14.14432168830367,0.44862155388471175
M05,sub-M05_ses-20240731T100000_behavior+ecephys.nwb,CA1,1,LtoR,46,91,0.058204511170358575,0.0439411334886048,0.07634274368556206,True,57,55,24.42733066666733,12.09866182882556,8.947963477044981,0.44607843137254904
M05,sub-M05_ses-20240731T100000_behavior+ecephys.nwb,CA1,1,LtoR,47,93,0.03397715490440566,0.023988810412028248,0.0543692506363664,True,57,55,34.64280005442197,9.37292424111124,6.646240723200748,0.3875432525951557
M05,sub-M05_ses-20240731T100000_behavior+ecephys.nwb,CA1,1,RtoL,1,1,0.17862423287914458,0.1601115424707248,0.19211671117663578,False,57,55,44.24647133520011,11.552620908838504,8.58752470293707,0.4936708860759494
M05,sub-M05_ses-20240731T100000_behavior+ecephys.nwb,CA1,1,RtoL,2,3,0.116940275445554,0.09363537720055821,0.13212819424275377,False,57,55,15.423464705881997,11.869096618499697,8.207256015868118,0.627906976744186
M05,sub-M05_ses-20240731T100000_behavior+ecephys.nwb,CA1,1,RtoL,3,6,0.06487483632169458,0.019634439418283967,0.08137405565906881,False,57,55,22.42857333333268,11.345762419437564,9.765689226483985,0.40998217468805703
M05,sub-M05_ses-20240731T100000_behavior+ecephys.nwb,CA1,1,RtoL,4,8,0.06219113975863684,0.04639466641185804,0.07262168479905999,False,57,55,24.070510884354007,11.79654208856481,8.357239803055686,0.41127694859038144
M05,sub-M05_ses-20240731T100000_behavior+ecephys.nwb,CA1,1,RtoL,5,10,0.15083410423259078,0.13322508841352393,0.1652206655184082,False,57,55,50.87207142857096,12.082885644315532,9.792937086362132,0.43676355066771405
M05,sub-M05_ses-20240731T100000_behavior+ecephys.nwb,CA1,1,RtoL,6,12,0.03663802570014037,0.026719845248283774,0.05185431722632326,False,57,55,20.389795333332586,12.014561524767045,8.689851921651837,0.461839530332681
M05,sub-M05_ses-20240731T100000_behavior+ecephys.nwb,CA1,1,RtoL,7,14,0.016116063676535064,0.004762363913682059,0.03520474270876515,False,57,55,21.371334938776272,11.842651718644515,6.901668838246193,0.4747663551401869
M05,sub-M05_ses-20240731T100000_behavior+ecephys.nwb,CA1,1,RtoL,8,16,0.07572683740709912,0.06327495695759082,0.08579378754232551,False,57,55,26.266309333333083,12.402472185190815,8.707048327831934,0.3404255319148936
M05,sub-M05_ses-20240731T100000_behavior+ecephys.nwb,CA1,1,RtoL,9,18,0.05860344074517329,0.04894951315709651,0.06927474590609015,False,57,55,28.8848167973847,10.94664149193981,6.713078295744166,0.41217150760719223
M05,sub-M05_ses-20240731T100000_behavior+ecephys.nwb,CA1,1,RtoL,10,20,0.06926289526919699,0.06015191296315483,0.07802946304598343,False,57,55,29.593909197279572,11.984939163458778,9.965925443135916,0.340080971659919
M05,sub-M05_ses-20240731T100000_behavior+ecephys.nwb,CA1,1,RtoL,11,22,0.04804599363723637,0.0375813961530002,0.058910223744719395,False,57,55,12.415861605442842,16.41312093687384,13.632041187042626,0.5080385852090032
M05,sub-M05_ses-20240731T100000_behavior+ecephys.nwb,CA1,1,RtoL,12,24,0.0471306751114218,0.03640908879879003,0.059268681602721245,False,57,55,28.079164888888045,15.496333590615182,12.750482102844147,0.24324324324324326
M05,sub-M05_ses-20240731T100000_behavior+ecephys.nwb,CA1,1,RtoL,13,26,0.05638907490419392,0.04734365146705441,0.06432228291020901,False,57,55,15.592222666666203,12.400774317653523,8.869728994514965,0.5703324808184144
M05,sub-M05_ses-20240731T100000_behavior+ecephys.nwb,CA1,1,RtoL,14,28,0.049256137460440386,0.040488235952090966,0.05963521538779262,False,57,55,54.77325466666662,13.355714209434499,12.843200265931015,0.1467153284671533
M05,sub-M05_ses-20240731T100000_behavior+ecephys.nwb,CA1,1,RtoL,15,30,0.058391084870194856,0.04787914353096063,0.0729614752787194,False,57,55,23.029124000000593,11.787049228803975,8.756331553870647,0.5
M05,sub-M05_ses-20240731T100000_behavior+ecephys.nwb,CA1,1,RtoL,16,32,0.0016636694574700532,-0.011754645565973377,0.014004221539519574,False,57,55,12.808829281045291,15.574013588193562,14.710502444495889,0.5434782608695652
M05,sub-M05_ses-20240731T100000_behavior+ecephys.nwb,CA1,1,RtoL,17,34,-0.030888109484898108,-0.04067534941391391,-0.019666676417225894,False,57,55,9.676481333333868,16.784646721269556,16.38005807229269,0.6419753086419753
M05,sub-M05_ses-20240731T100000_behavior+ecephys.nwb,CA1,1,RtoL,18,36,0.07295082290194568,0.06077040093889058,0.08613781521613692,False,57,55,17.497560816326768,15.817008586385766,12.101756969175046,0.39635535307517084
M05,sub-M05_ses-20240731T100000_behavior+ecephys.nwb,CA1,1,RtoL,19,38,0.04667728000499604,0.03803947462206055,0.05723406872626395,False,57,55,13.593539999999848,16.038383218475715,15.037299778810876,0.5161290322580645
M05,sub-M05_ses-20240731T100000_behavior+ecephys.nwb,CA1,1,RtoL,20,40,-0.06667088517592826,-0.07799449116470059,-0.05284722327810868,False,57,55,15.392373333333126,15.167154576326132,12.355618820611653,0.4727272727272727
M05,sub-M05_ses-20240731T100000_behavior+ecephys.nwb,CA1,1,RtoL,21,42,-0.02403314040387733,-0.041799817494585015,-0.003878753491589157,False,57,55,17.191650666667556,14.678502869356999,12.787137827146537,0.45243619489559167
M05,sub-M05_ses-20240731T100000_behavior+ecephys.nwb,CA1,1,RtoL,22,44,0.11256465252329037,0.10156716553792819,0.12546536348459206,False,57,55,15.512705333333543,12.75216272243233,11.187212748982052,0.5670103092783505
M05,sub-M05_ses-20240731T100000_behavior+ecephys.nwb,CA1,1,RtoL,23,46,-0.002997816852363613,-0.013298211820827067,0.01444672328929618,False,57,55,60.77055333333283,8.407081753516273,6.336174927185134,0.2638157894736842
M05,sub-M05_ses-20240731T100000_behavior+ecephys.nwb,CA1,1,RtoL,24,48,0.015983140606339104,0.005364037234393356,0.0302158943466255,False,57,55,15.552289333332737,13.1483409248621,7.416459827764913,0.5487179487179488
M05,sub-M05_ses-20240731T100000_behavior+ecephys.nwb,CA1,1,RtoL,25,50,-0.017517187136739453,-0.026944161792191588,-0.002658939488193321,False,57,55,55.86596196078426,13.004882362222743,10.772626005487593,0.15236051502145923
M05,sub-M05_ses-20240731T100000_behavior+ecephys.nwb,CA1,1,RtoL,26,52,0.10447146869314697,0.095920726992878,0.1117326924426414,False,57,55,22.829210666666768,12.220235653759918,9.034163283403098,0.4178321678321678
M05,sub-M05_ses-20240731T100000_behavior+ecephys.nwb,CA1,1,RtoL,27,54,0.06433555795206188,0.03472924766112987,0.08129450688237706,False,57,55,17.991288000000168,11.520434788837887,10.233928270275392,0.5343680709534369
M05,sub-M05_ses-20240731T100000_behavior+ecephys.nwb,CA1,1,RtoL,28,56,-0.03452995817354566,-0.048397921233076124,-0.015731980564824288,False,57,55,19.867231292517317,12.609446890961495,7.599149153939473,0.4386317907444668
M05,sub-M05_ses-20240731T100000_behavior+ecephys.nwb,CA1,1,RtoL,29,58,-0.01547088723097029,-0.035374067930606115,0.004525623063830218,False,57,55,18.630321333333086,13.360793154933413,10.173024588621274,0.4475374732334047
M05,sub-M05_ses-20240731T100000_behavior+ecephys.nwb,CA1,1,RtoL,30,60,0.016749802465055193,0.003442382468259214,0.029842324118613518,False,57,55,23.721403999999893,12.265476238357465,7.090325488009697,0.4806070826306914
M05,sub-M05_ses-20240731T100000_behavior+ecephys.nwb,CA1,1,RtoL,31,62,0.1815343336009542,0.16681833207835148,0.19237330391912386,False,57,55,23.597671529411855,10.816482851763793,9.438052245314887,0.43147208121827413
M05,sub-M05_ses-20240731T100000_behavior+ecephys.nwb,CA1,1,RtoL,32,64,0.058718375031874825,0.043035080100056744,0.06810782090252826,False,57,55,28.46577199999956,12.155330350998502,11.34218880605335,0.3169705469845722
M05,sub-M05_ses-20240731T100000_behavior+ecephys.nwb,CA1,1,RtoL,33,66,0.06993843544243158,0.05855342569475558,0.08287444795084357,False,57,55,27.091684598639404,11.65955690646344,6.879063533981454,0.39085545722713866
M05,sub-M05_ses-20240731T100000_behavior+ecephys.nwb,CA1,1,RtoL,34,68,0.03683402209508982,0.02349135281485382,0.04706640405215702,False,57,55,21.708618666667462,12.18547723380909,9.26852611738728,0.46408839779005523
M05,sub-M05_ses-20240731T100000_behavior+ecephys.nwb,CA1,1,RtoL,35,70,0.033286732359674887,0.01763761016972731,0.04573263174563754,False,57,55,16.47134133333384,12.892702570992157,8.956026926064812,0.5436893203883495
M05,sub-M05_ses-20240731T100000_behavior+ecephys.nwb,CA1,1,RtoL,36,72,-0.04874193342412083,-0.06814663980832437,-0.02641578091651085,False,57,55,22.748733333331984,10.623860359064963,8.26751984726394,0.48596491228070177
M05,sub-M05_ses-20240731T100000_behavior+ecephys.nwb,CA1,1,RtoL,37,74,0.18074390295347842,0.16024989335251827,0.19126689310022968,True,57,55,76.69054628571394,10.421245085733503,7.649150998695414,0.4562043795620438
M05,sub-M05_ses-20240731T100000_behavior+ecephys.nwb,CA1,1,RtoL,38,76,0.1454797874171695,0.12229000484312091,0.1598342873733327,True,57,55,40.940610666666544,12.495672848961874,8.815083545799137,0.5029296875
M05,sub-M05_ses-20240731T100000_behavior+ecephys.nwb,CA1,1,RtoL,39,78,0.18564275347811252,0.17023995852259258,0.1956435027333729,True,57,55,30.462095973858595,12.200353966711369,10.251753623465362,0.49868766404199477
M05,sub-M05_ses-20240731T100000_behavior+ecephys.nwb,CA1,1,RtoL,40,80,0.04612522804089253,0.034089349793014256,0.05476822519030777,True,57,55,26.83033514739327,11.600293895052472,9.453297793548725,0.35469448584202684
M05,sub-M05_ses-20240731T100000_behavior+ecephys.nwb,CA1,1,RtoL,41,82,-0.034384056368656025,-0.04746752490645559,-0.018027168074987533,True,57,55,22.069934000001012,12.844851428446383,10.13730555756718,0.4104882459312839
M05,sub-M05_ses-20240731T100000_behavior+ecephys.nwb,CA1,1,RtoL,42,84,0.05215143341066591,0.0288354950195688,0.0615931222651997,True,57,55,63.001149359477495,12.022698460397597,8.669381815769121,0.37777777777777777
M05,sub-M05_ses-20240731T100000_behavior+ecephys.nwb,CA1,1,RtoL,43,86,0.031574965745505695,0.021460457354015354,0.04400392142204577,True,57,55,22.967665986927386,10.942986586509498,7.039003318174774,0.4608695652173913
M05,sub-M05_ses-20240731T100000_behavior+ecephys.nwb,CA1,1,RtoL,44,88,-0.01718509621112558,-0.027962309953182996,0.003561536232395109,True,57,55,15.913752367347115,11.987776191010598,7.09272561449346,0.6875
M05,sub-M05_ses-20240731T100000_behavior+ecephys.nwb,CA1,1,RtoL,45,90,0.03904562785060199,0.022162040620774984,0.051554716284615575,True,57,55,18.67127733333291,13.307649381421491,8.508019793455833,0.4925053533190578
M05,sub-M05_ses-20240731T100000_behavior+ecephys.nwb,CA1,1,RtoL,46,92,-0.0008149787302589068,-0.011714316303022092,0.017374211786776367,True,57,55,16.052002612244905,13.223078477004465,11.635512755448929,0.5483870967741935
M05,sub-M05_ses-20240731T100000_behavior+ecephys.nwb,CA3,1,LtoR,1,2,0.04662027690261496,-0.0023659171383538825,0.09136308740807536,False,141,55,18.599114379085222,12.184780287700109,7.537237266280267,0.5021459227467812
M05,sub-M05_ses-20240731T100000_behavior+ecephys.nwb,CA3,1,LtoR,2,4,-0.011855662670728347,-0.05335564299759848,0.051309733587440384,False,141,55,36.99054596078531,10.349572880844216,6.526104571477162,0.3207343412526998
M05,sub-M05_ses-20240731T100000_behavior+ecephys.nwb,CA3,1,LtoR,3,5,0.01810425888447245,-0.035884351233576264,0.0733510781752002,False,141,55,40.37953333333371,9.41858718095082,7.558227979839524,0.34421364985163205
M05,sub-M05_ses-20240731T100000_behavior+ecephys.nwb,CA3,1,LtoR,4,7,0.010710488234157359,-0.036327643959719026,0.06565814391975333,False,141,55,27.066145333333225,13.253006133602177,13.475368655275489,0.3008849557522124
M05,sub-M05_ses-20240731T100000_behavior+ecephys.nwb,CA3,1,LtoR,5,9,0.06925720576606872,0.01899473126562042,0.1197213887467736,False,141,55,21.01008435374206,13.084567421045538,10.839465889710043,0.4068441064638783
M05,sub-M05_ses-20240731T100000_behavior+ecephys.nwb,CA3,1,LtoR,6,11,0.03228684166589927,-0.033170202869364236,0.08952995571533949,False,141,55,60.089766000000054,10.233031892227379,7.293459881642961,0.20093147039254824
M05,sub-M05_ses-20240731T100000_behavior+ecephys.nwb,CA3,1,LtoR,7,13,0.10038427802449315,0.040810801752455404,0.1535728623988266,False,141,55,40.358725061224504,11.820498810456636,8.904668341052409,0.2504950495049505
M05,sub-M05_ses-20240731T100000_behavior+ecephys.nwb,CA3,1,LtoR,8,15,0.028439652114587342,-0.03330542700746038,0.10468098807609755,False,141,55,45.93664799999988,12.498228355873374,10.117852309006421,0.2010443864229765
M05,sub-M05_ses-20240731T100000_behavior+ecephys.nwb,CA3,1,LtoR,9,17,0.05753223218043253,-0.0023495635237204128,0.12260002788516118,False,141,55,39.58089800000107,13.39879176901533,12.697199099600095,0.20686175580222
M05,sub-M05_ses-20240731T100000_behavior+ecephys.nwb,CA3,1,LtoR,10,19,0.06852292864033889,-0.0022217660920999605,0.12344906608905643,False,141,55,42.510113338668816,13.39770815069799,12.156975416003629,0.19567262464722485
M05,sub-M05_ses-20240731T100000_behavior+ecephys.nwb,CA3,1,LtoR,11,21,0.07715652572673264,0.031119476787875428,0.1346825848827202,False,141,55,45.49803599999905,12.137262207156244,12.278102658429097,0.19754170324846357
M05,sub-M05_ses-20240731T100000_behavior+ecephys.nwb,CA3,1,LtoR,12,23,0.07700430072217637,0.02538796284151382,0.1370793177051482,False,141,55,34.12067706122434,13.238157904312464,13.056246533422852,0.24824355971896955
M05,sub-M05_ses-20240731T100000_behavior+ecephys.nwb,CA3,1,LtoR,13,25,0.03621461960113395,-0.015019192754707174,0.08432036307243292,False,141,55,46.964209777778706,9.362426596687042,7.17702875943494,0.3225531914893617
M05,sub-M05_ses-20240731T100000_behavior+ecephys.nwb,CA3,1,LtoR,14,27,0.0069653250521355785,-0.04241238740102348,0.07114403722896676,False,141,55,10.91322133333324,27.921544621779567,31.231181313648882,0.3357664233576642
M05,sub-M05_ses-20240731T100000_behavior+ecephys.nwb,CA3,1,LtoR,15,29,0.04913793354760851,0.0018143773723375237,0.10926609358107706,False,141,55,20.349669333333622,18.146378870302517,15.21194137992744,0.296078431372549
M05,sub-M05_ses-20240731T100000_behavior+ecephys.nwb,CA3,1,LtoR,16,31,0.05273532541587603,0.005494008253179899,0.10175280017059037,False,141,55,19.350682666666216,13.953296697337365,9.556794574853278,0.38762886597938145
M05,sub-M05_ses-20240731T100000_behavior+ecephys.nwb,CA3,1,LtoR,17,33,-0.03983555283026241,-0.09527552028533756,0.012968729043211074,False,141,55,9.178990718954083,18.20813771042324,18.837717186449275,0.6173913043478261
M05,sub-M05_ses-20240731T100000_behavior+ecephys.nwb,CA3,1,LtoR,18,35,0.03210469497998979,-0.011976023043353051,0.08711484276628235,False,141,55,22.601217850339708,14.750589322786702,13.442421215714102,0.3321554770318021
M05,sub-M05_ses-20240731T100000_behavior+ecephys.nwb,CA3,1,LtoR,19,37,0.12665814032071898,0.0659783965671347,0.17308371476362008,False,141,55,25.86755866666681,11.51531134833879,8.621948626084022,0.3941267387944359
M05,sub-M05_ses-20240731T100000_behavior+ecephys.nwb,CA3,1,LtoR,20,39,0.06340221821643546,-0.001893253949805117,0.11531628287223666,False,141,55,21.46899733333339,14.715328044841787,13.289945893419722,0.34386617100371747
M05,sub-M05_ses-20240731T100000_behavior+ecephys.nwb,CA3,1,LtoR,21,41,0.027990091919315584,-0.015251634902200504,0.07410888653267886,False,141,55,7.3563986666667915,20.741362448247532,19.567840175469858,0.6756756756756757
M05,sub-M05_ses-20240731T100000_behavior+ecephys.nwb,CA3,1,LtoR,22,43,0.09307829785037308,0.024130383639342477,0.14844588591753635,False,141,55,20.508991999999125,12.09491646877347,9.745614434395332,0.45525291828793774
M05,sub-M05_ses-20240731T100000_behavior+ecephys.nwb,CA3,1,LtoR,23,45,0.05637805540612913,0.01646883235269489,0.1121079605143965,False,141,55,25.306736000000456,12.119924644306609,11.445938867124955,0.3722397476340694
M05,sub-M05_ses-20240731T100000_behavior+ecephys.nwb,CA3,1,LtoR,24,47,0.07012387949351256,0.02204785400752993,0.11322666456763125,False,141,55,25.187356000000364,13.817620123136935,10.315363618513844,0.31695721077654515
M05,sub-M05_ses-20240731T100000_behavior+ecephys.nwb,CA3,1,LtoR,25,49,0.0345566999470876,-0.021072869149888,0.08665586654318619,False,141,55,16.657327372548934,16.308155450426995,14.617830362508132,0.38848920863309355
M05,sub-M05_ses-20240731T100000_behavior+ecephys.nwb,CA3,1,LtoR,26,51,0.07348254958503217,0.02466006578578411,0.125190431596324,False,141,55,19.750289333333967,13.945639834630395,10.030372504665065,0.40404040404040403
M05,sub-M05_ses-20240731T100000_behavior+ecephys.nwb,CA3,1,LtoR,27,53,0.059922372297384646,0.003700157489818969,0.13185937666445025,False,141,55,14.552449333333243,16.074904659415296,15.575427760378982,0.45604395604395603
M05,sub-M05_ses-20240731T100000_behavior+ecephys.nwb,CA3,1,LtoR,28,55,0.031673560119230386,-0.02513483067674713,0.08659605367163546,False,141,55,18.924095183672762,15.399921603661143,15.381998380179732,0.3642105263157895
M05,sub-M05_ses-20240731T100000_behavior+ecephys.nwb,CA3,1,LtoR,29,57,0.0380738831773577,-0.004028401801518728,0.08464409830558672,False,141,55,24.936512190476606,14.945669495262086,12.3885897159865,0.296474358974359
M05,sub-M05_ses-20240731T100000_behavior+ecephys.nwb,CA3,1,LtoR,30,59,-0.01887322271794905,-0.07970035384342952,0.05133655584083924,False,141,55,19.138176000000385,14.480548318184761,13.669420511328092,0.3958333333333333
M05,sub-M05_ses-20240731T100000_behavior+ecephys.nwb,CA3,1,LtoR,31,61,0.08036171239314122,0.007681872263871363,0.14153635454588132,False,141,55,12.87328133333267,20.93752095237698,22.83818857249021,0.38580246913580246
M05,sub-M05_ses-20240731T100000_behavior+ecephys.nwb,CA3,1,LtoR,32,63,0.07716973049641898,0.026949424457825902,0.13438867580417804,False,141,55,49.32584180392132,8.751856851670214,7.408798760955953,0.26682887266828875
M05,sub-M05_ses-20240731T100000_behavior+ecephys.nwb,CA3,1,LtoR,33,65,0.12141602989260727,0.06420820862371053,0.17663391055899905,False,141,55,16.751674666667896,12.462894140713274,12.645088324463133,0.5166666666666667
M05,sub-M05_ses-20240731T100000_behavior+ecephys.nwb,CA3,1,LtoR,34,67,0.08645779135976803,0.01904041918436352,0.1492034749270955,False,141,55,19.165463401359375,13.55681883954797,13.748486236529832,0.41164241164241167
M05,sub-M05_ses-20240731T100000_behavior+ecephys.nwb,CA3,1,LtoR,35,69,0.0504493797622918,-0.019174703930201233,0.11394604230305659,False,141,55,16.79188666666596,14.573391450456132,15.095272692450393,0.4346793349168646
M05,sub-M05_ses-20240731T100000_behavior+ecephys.nwb,CA3,1,LtoR,36,71,0.14469892971468276,0.08409994139906025,0.2137648715169055,False,141,55,20.790140000000974,11.021162162207736,8.613685952380695,0.508637236084453
M05,sub-M05_ses-20240731T100000_behavior+ecephys.nwb,CA3,1,LtoR,37,73,0.048949388019916995,0.005148155236522292,0.1072682520149496,False,141,55,16.71142133333342,13.544820572050446,13.446577616013048,0.48687350835322196
M05,sub-M05_ses-20240731T100000_behavior+ecephys.nwb,CA3,1,LtoR,38,75,0.052205908906575574,0.0067466312579888025,0.10051119080380476,True,141,55,36.61354171428684,8.79559924570305,5.6312233854501486,0.4569247546346783
M05,sub-M05_ses-20240731T100000_behavior+ecephys.nwb,CA3,1,LtoR,39,77,0.045613401732477424,-0.040646534573312125,0.10635585341547592,True,141,55,21.707671999998638,10.135343810002912,8.896605687782014,0.5220588235294118
M05,sub-M05_ses-20240731T100000_behavior+ecephys.nwb,CA3,1,LtoR,40,79,0.055048791977101635,-0.00633695703551041,0.11066341317511433,True,141,55,22.28191910097121,12.28133418207719,9.80924881093717,0.42397137745974955
M05,sub-M05_ses-20240731T100000_behavior+ecephys.nwb,CA3,1,LtoR,41,81,0.047801300387330416,0.000764999428323839,0.09672356823261577,True,141,55,19.73676777777837,14.085223819591604,14.724438403619331,0.39068825910931176
M05,sub-M05_ses-20240731T100000_behavior+ecephys.nwb,CA3,1,LtoR,42,83,0.06577571586786418,0.010004467216442665,0.11685276558536081,True,141,55,30.184358666665503,10.763459537816214,9.203932351270323,0.376984126984127
M05,sub-M05_ses-20240731T100000_behavior+ecephys.nwb,CA3,1,LtoR,43,85,0.07162148510724677,0.005495279856850938,0.14301553942238562,True,141,55,13.720369307189685,14.259344864668526,9.934693484626354,0.5507246376811594
M05,sub-M05_ses-20240731T100000_behavior+ecephys.nwb,CA3,1,LtoR,44,87,0.0007243921101143199,-0.05972515433523849,0.08456621223439877,True,141,55,26.84688097905746,13.717565366732265,7.409193802004906,0.3293591654247392
M05,sub-M05_ses-20240731T100000_behavior+ecephys.nwb,CA3,1,LtoR,45,89,0.09626618005094481,0.03409759532383157,0.14438670043488955,True,141,55,15.91198600000098,15.448977248734488,14.14432168830367,0.44862155388471175
M05,sub-M05_ses-20240731T100000_behavior+ecephys.nwb,CA3,1,LtoR,46,91,0.059866071954849935,0.00501095139246301,0.1336618815256583,True,141,55,24.42733066666733,12.09866182882556,8.947963477044981,0.44607843137254904
M05,sub-M05_ses-20240731T100000_behavior+ecephys.nwb,CA3,1,LtoR,47,93,0.12842320990783657,0.0790214576393558,0.18290905776449323,True,141,55,34.64280005442197,9.37292424111124,6.646240723200748,0.3875432525951557
M05,sub-M05_ses-20240731T100000_behavior+ecephys.nwb,CA3,1,RtoL,1,1,0.06048840437586531,-0.009752804193771437,0.1222521109828687,False,141,55,44.24647133520011,11.552620908838504,8.58752470293707,0.4936708860759494
M05,sub-M05_ses-20240731T100000_behavior+ecephys.nwb,CA3,1,RtoL,2,3,0.04311868582340399,-0.009479564093842943,0.09917834064636866,False,141,55,15.423464705881997,11.869096618499697,8.207256015868118,0.627906976744186
M05,sub-M05_ses-20240731T100000_behavior+ecephys.nwb,CA3,1,RtoL,3,6,0.04036197077269704,-0.013022300737129561,0.10338293844844185,False,141,55,22.42857333333268,11.345762419437564,9.765689226483985,0.40998217468805703
M05,sub-M05_ses-20240731T100000_behavior+ecephys.nwb,CA3,1,RtoL,4,8,0.020988003061225224,-0.019588437968352457,0.06788612753528271,False,141,55,24.070510884354007,11.79654208856481,8.357239803055686,0.41127694859038144
M05,sub-M05_ses-20240731T100000_behavior+ecephys.nwb,CA3,1,RtoL,5,10,0.12696955624700915,0.05270641445540762,0.20303094316833656,False,141,55,50.87207142857096,12.082885644315532,9.792937086362132,0.43676355066771405
M05,sub-M05_ses-20240731T100000_behavior+ecephys.nwb,CA3,1,RtoL,6,12,0.0006407080259459596,-0.057082068171440355,0.0481433253523118,False,141,55,20.389795333332586,12.014561524767045,8.689851921651837,0.461839530332681
M05,sub-M05_ses-20240731T100000_behavior+ecephys.nwb,CA3,1,RtoL,7,14,0.06423548023183359,0.01447106088871868,0.11026038481699828,False,141,55,21.371334938776272,11.842651718644515,6.901668838246193,0.4747663551401869
M05,sub-M05_ses-20240731T100000_behavior+ecephys.nwb,CA3,1,RtoL,8,16,0.030183938314281386,-0.028290018192516506,0.08840510650242511,False,141,55,26.266309333333083,12.402472185190815,8.707048327831934,0.3404255319148936
M05,sub-M05_ses-20240731T100000_behavior+ecephys.nwb,CA3,1,RtoL,9,18,0.007553874573110322,-0.04604211901852516,0.07738191572566368,False,141,55,28.8848167973847,10.94664149193981,6.713078295744166,0.41217150760719223
M05,sub-M05_ses-20240731T100000_behavior+ecephys.nwb,CA3,1,RtoL,10,20,0.01322453823692762,-0.03896814756322278,0.06534506455800722,False,141,55,29.593909197279572,11.984939163458778,9.965925443135916,0.340080971659919
M05,sub-M05_ses-20240731T100000_behavior+ecephys.nwb,CA3,1,RtoL,11,22,0.03421952232780712,-0.007810603218576576,0.08207669842000963,False,141,55,12.415861605442842,16.41312093687384,13.632041187042626,0.5080385852090032
M05,sub-M05_ses-20240731T100000_behavior+ecephys.nwb,CA3,1,RtoL,12,24,0.04513499734102705,-0.009642737507485033,0.095458556260694,False,141,55,28.079164888888045,15.496333590615182,12.750482102844147,0.24324324324324326
M05,sub-M05_ses-20240731T100000_behavior+ecephys.nwb,CA3,1,RtoL,13,26,0.0599105491095831,0.017455607596003595,0.11492512030843192,False,141,55,15.592222666666203,12.400774317653523,8.869728994514965,0.5703324808184144
M05,sub-M05_ses-20240731T100000_behavior+ecephys.nwb,CA3,1,RtoL,14,28,0.05677070390555171,0.013579100791470818,0.09386335494360858,False,141,55,54.77325466666662,13.355714209434499,12.843200265931015,0.1467153284671533
M05,sub-M05_ses-20240731T100000_behavior+ecephys.nwb,CA3,1,RtoL,15,30,0.014473236717216238,-0.04986949109424844,0.0639061326364861,False,141,55,23.029124000000593,11.787049228803975,8.756331553870647,0.5
M05,sub-M05_ses-20240731T100000_behavior+ecephys.nwb,CA3,1,RtoL,16,32,-0.07994928782963806,-0.12676894195714025,-0.01752000635419298,False,141,55,12.808829281045291,15.574013588193562,14.710502444495889,0.5434782608695652
M05,sub-M05_ses-20240731T100000_behavior+ecephys.nwb,CA3,1,RtoL,17,34,0.023836785269938196,-0.028433244239527027,0.07318077119056153,False,141,55,9.676481333333868,16.784646721269556,16.38005807229269,0.6419753086419753
M05,sub-M05_ses-20240731T100000_behavior+ecephys.nwb,CA3,1,RtoL,18,36,0.01308426406540587,-0.04311741677726755,0.061890805552440746,False,141,55,17.497560816326768,15.817008586385766,12.101756969175046,0.39635535307517084
M05,sub-M05_ses-20240731T100000_behavior+ecephys.nwb,CA3,1,RtoL,19,38,0.012817164572981179,-0.034616621278311784,0.05658504483897973,False,141,55,13.593539999999848,16.038383218475715,15.037299778810876,0.5161290322580645
M05,sub-M05_ses-20240731T100000_behavior+ecephys.nwb,CA3,1,RtoL,20,40,-0.003110162860390342,-0.05807399149068458,0.052767843623167124,False,141,55,15.392373333333126,15.167154576326132,12.355618820611653,0.4727272727272727
M05,sub-M05_ses-20240731T100000_behavior+ecephys.nwb,CA3,1,RtoL,21,42,0.010791448670669269,-0.03596596785559765,0.059021983746198506,False,141,55,17.191650666667556,14.678502869356999,12.787137827146537,0.45243619489559167
M05,sub-M05_ses-20240731T100000_behavior+ecephys.nwb,CA3,1,RtoL,22,44,0.04926859116235681,0.001497977627299917,0.10409569287625248,False,141,55,15.512705333333543,12.75216272243233,11.187212748982052,0.5670103092783505
M05,sub-M05_ses-20240731T100000_behavior+ecephys.nwb,CA3,1,RtoL,23,46,0.07836616443661336,0.020637510436436215,0.12359297561200035,False,141,55,60.77055333333283,8.407081753516273,6.336174927185134,0.2638157894736842
M05,sub-M05_ses-20240731T100000_behavior+ecephys.nwb,CA3,1,RtoL,24,48,0.03128326211327857,-0.006131621436569018,0.08752037260916011,False,141,55,15.552289333332737,13.1483409248621,7.416459827764913,0.5487179487179488
M05,sub-M05_ses-20240731T100000_behavior+ecephys.nwb,CA3,1,RtoL,25,50,0.059566768644981706,0.008493050519479958,0.10444411577334269,False,141,55,55.86596196078426,13.004882362222743,10.772626005487593,0.15236051502145923
M05,sub-M05_ses-20240731T100000_behavior+ecephys.nwb,CA3,1,RtoL,26,52,0.07672288118594953,0.023695644271770563,0.12083711404883422,False,141,55,22.829210666666768,12.220235653759918,9.034163283403098,0.4178321678321678
M05,sub-M05_ses-20240731T100000_behavior+ecephys.nwb,CA3,1,RtoL,27,54,0.03229772894325353,-0.01575434733337836,0.08717109698396341,False,141,55,17.991288000000168,11.520434788837887,10.233928270275392,0.5343680709534369
M05,sub-M05_ses-20240731T100000_behavior+ecephys.nwb,CA3,1,RtoL,28,56,0.05160160419436974,0.005020971788556867,0.10754176086670109,False,141,55,19.867231292517317,12.609446890961495,7.599149153939473,0.4386317907444668
M05,sub-M05_ses-20240731T100000_behavior+ecephys.nwb,CA3,1,RtoL,29,58,0.017434851169158078,-0.03489583605068723,0.06412145913073308,False,141,55,18.630321333333086,13.360793154933413,10.173024588621274,0.4475374732334047
M05,sub-M05_ses-20240731T100000_behavior+ecephys.nwb,CA3,1,RtoL,30,60,0.019498287571940897,-0.026596350613743026,0.06329396099612318,False,141,55,23.721403999999893,12.265476238357465,7.090325488009697,0.4806070826306914
M05,sub-M05_ses-20240731T100000_behavior+ecephys.nwb,CA3,1,RtoL,31,62,0.0290879669126873,-0.03518365179851159,0.09113854611292631,False,141,55,23.597671529411855,10.816482851763793,9.438052245314887,0.43147208121827413
M05,sub-M05_ses-20240731T100000_behavior+ecephys.nwb,CA3,1,RtoL,32,64,0.05947534041736368,0.009042772052294121,0.11086170342367305,False,141,55,28.46577199999956,12.155330350998502,11.34218880605335,0.3169705469845722
M05,sub-M05_ses-20240731T100000_behavior+ecephys.nwb,CA3,1,RtoL,33,66,0.07458619857137283,0.028044819133947574,0.11415198071556808,False,141,55,27.091684598639404,11.65955690646344,6.879063533981454,0.39085545722713866
M05,sub-M05_ses-20240731T100000_behavior+ecephys.nwb,CA3,1,RtoL,34,68,0.02919214917238839,-0.015347122908625782,0.08057323804423908,False,141,55,21.708618666667462,12.18547723380909,9.26852611738728,0.46408839779005523
M05,sub-M05_ses-20240731T100000_behavior+ecephys.nwb,CA3,1,RtoL,35,70,0.09008376741020352,0.03538003263612315,0.13863753171697166,False,141,55,16.47134133333384,12.892702570992157,8.956026926064812,0.5436893203883495
M05,sub-M05_ses-20240731T100000_behavior+ecephys.nwb,CA3,1,RtoL,36,72,0.05893339548236978,0.018133486022169177,0.10907213755621178,False,141,55,22.748733333331984,10.623860359064963,8.26751984726394,0.48596491228070177
M05,sub-M05_ses-20240731T100000_behavior+ecephys.nwb,CA3,1,RtoL,37,74,0.14985374932587395,0.07655192438732346,0.20957040957479547,True,141,55,76.69054628571394,10.421245085733503,7.649150998695414,0.4562043795620438
M05,sub-M05_ses-20240731T100000_behavior+ecephys.nwb,CA3,1,RtoL,38,76,0.15645523464260935,0.09235815567756261,0.2090642690317677,True,141,55,40.940610666666544,12.495672848961874,8.815083545799137,0.5029296875
M05,sub-M05_ses-20240731T100000_behavior+ecephys.nwb,CA3,1,RtoL,39,78,0.09460404619763066,0.04119842831031995,0.14072159197885714,True,141,55,30.462095973858595,12.200353966711369,10.251753623465362,0.49868766404199477
M05,sub-M05_ses-20240731T100000_behavior+ecephys.nwb,CA3,1,RtoL,40,80,0.017687332849010112,-0.03203034335173268,0.06784245574498186,True,141,55,26.83033514739327,11.600293895052472,9.453297793548725,0.35469448584202684
M05,sub-M05_ses-20240731T100000_behavior+ecephys.nwb,CA3,1,RtoL,41,82,0.05310532182720773,-0.015063309235113054,0.12138941591770219,True,141,55,22.069934000001012,12.844851428446383,10.13730555756718,0.4104882459312839
M05,sub-M05_ses-20240731T100000_behavior+ecephys.nwb,CA3,1,RtoL,42,84,0.06236203566483586,0.0013382730176151295,0.12019363309009369,True,141,55,63.001149359477495,12.022698460397597,8.669381815769121,0.37777777777777777
M05,sub-M05_ses-20240731T100000_behavior+ecephys.nwb,CA3,1,RtoL,43,86,0.06520324138542119,0.0156609522004153,0.11686884177954046,True,141,55,22.967665986927386,10.942986586509498,7.039003318174774,0.4608695652173913
M05,sub-M05_ses-20240731T100000_behavior+ecephys.nwb,CA3,1,RtoL,44,88,0.06449495075486203,0.01675700452308494,0.11509553859736918,True,141,55,15.913752367347115,11.987776191010598,7.09272561449346,0.6875
M05,sub-M05_ses-20240731T100000_behavior+ecephys.nwb,CA3,1,RtoL,45,90,0.02908817959275853,-0.03277507879391513,0.08244044746282264,True,141,55,18.67127733333291,13.307649381421491,8.508019793455833,0.4925053533190578
M05,sub-M05_ses-20240731T100000_behavior+ecephys.nwb,CA3,1,RtoL,46,92,0.04350358458281027,-0.008698938968753829,0.10265021399755242,True,141,55,16.052002612244905,13.223078477004465,11.635512755448929,0.5483870967741935
M05,sub-M05_ses-20240731T100000_behavior+ecephys.nwb,RSC,1,LtoR,1,2,-0.06467314264229143,-0.06467314264229145,-0.0646731426422914,False,55,55,18.599114379085222,12.184780287700109,7.537237266280267,0.5021459227467812
M05,sub-M05_ses-20240731T100000_behavior+ecephys.nwb,RSC,1,LtoR,2,4,-0.01616901422262814,-0.016169014222628158,-0.016169014222628123,False,55,55,36.99054596078531,10.349572880844216,6.526104571477162,0.3207343412526998
M05,sub-M05_ses-20240731T100000_behavior+ecephys.nwb,RSC,1,LtoR,3,5,-0.06492644322931718,-0.0649264432293172,-0.06492644322931716,False,55,55,40.37953333333371,9.41858718095082,7.558227979839524,0.34421364985163205
M05,sub-M05_ses-20240731T100000_behavior+ecephys.nwb,RSC,1,LtoR,4,7,0.004337736872268113,0.004337736872268098,0.004337736872268127,False,55,55,27.066145333333225,13.253006133602177,13.475368655275489,0.3008849557522124
M05,sub-M05_ses-20240731T100000_behavior+ecephys.nwb,RSC,1,LtoR,5,9,0.05805521362834357,0.05805521362834354,0.058055213628343594,False,55,55,21.01008435374206,13.084567421045538,10.839465889710043,0.4068441064638783
M05,sub-M05_ses-20240731T100000_behavior+ecephys.nwb,RSC,1,LtoR,6,11,0.02961904493653286,0.02961904493653284,0.02961904493653287,False,55,55,60.089766000000054,10.233031892227379,7.293459881642961,0.20093147039254824
M05,sub-M05_ses-20240731T100000_behavior+ecephys.nwb,RSC,1,LtoR,7,13,0.11852406282995062,0.11852406282995057,0.11852406282995065,False,55,55,40.358725061224504,11.820498810456636,8.904668341052409,0.2504950495049505
M05,sub-M05_ses-20240731T100000_behavior+ecephys.nwb,RSC,1,LtoR,8,15,0.060165440302240754,0.06016544030224073,0.06016544030224078,False,55,55,45.93664799999988,12.498228355873374,10.117852309006421,0.2010443864229765
M05,sub-M05_ses-20240731T100000_behavior+ecephys.nwb,RSC,1,LtoR,9,17,0.06521237131358298,0.06521237131358296,0.06521237131358301,False,55,55,39.58089800000107,13.39879176901533,12.697199099600095,0.20686175580222
M05,sub-M05_ses-20240731T100000_behavior+ecephys.nwb,RSC,1,LtoR,10,19,0.04543096030909514,0.045430960309095124,0.04543096030909516,False,55,55,42.510113338668816,13.39770815069799,12.156975416003629,0.19567262464722485
M05,sub-M05_ses-20240731T100000_behavior+ecephys.nwb,RSC,1,LtoR,11,21,-0.05961585433809339,-0.059615854338093424,-0.05961585433809337,False,55,55,45.49803599999905,12.137262207156244,12.278102658429097,0.19754170324846357
M05,sub-M05_ses-20240731T100000_behavior+ecephys.nwb,RSC,1,LtoR,12,23,0.00861736192351095,0.008617361923510935,0.008617361923510963,False,55,55,34.12067706122434,13.238157904312464,13.056246533422852,0.24824355971896955
M05,sub-M05_ses-20240731T100000_behavior+ecephys.nwb,RSC,1,LtoR,13,25,0.10877983703143715,0.10877983703143712,0.10877983703143719,False,55,55,46.964209777778706,9.362426596687042,7.17702875943494,0.3225531914893617
M05,sub-M05_ses-20240731T100000_behavior+ecephys.nwb,RSC,1,LtoR,14,27,0.02439322649712762,0.024393226497127603,0.02439322649712764,False,55,55,10.91322133333324,27.921544621779567,31.231181313648882,0.3357664233576642
M05,sub-M05_ses-20240731T100000_behavior+ecephys.nwb,RSC,1,LtoR,15,29,0.10403976980420776,0.10403976980420773,0.1040397698042078,False,55,55,20.349669333333622,18.146378870302517,15.21194137992744,0.296078431372549
M05,sub-M05_ses-20240731T100000_behavior+ecephys.nwb,RSC,1,LtoR,16,31,-0.042124986604533454,-0.04212498660453348,-0.04212498660453343,False,55,55,19.350682666666216,13.953296697337365,9.556794574853278,0.38762886597938145
M05,sub-M05_ses-20240731T100000_behavior+ecephys.nwb,RSC,1,LtoR,17,33,0.09000179090221763,0.09000179090221758,0.09000179090221766,False,55,55,9.178990718954083,18.20813771042324,18.837717186449275,0.6173913043478261
M05,sub-M05_ses-20240731T100000_behavior+ecephys.nwb,RSC,1,LtoR,18,35,0.04911984938916926,0.04911984938916924,0.04911984938916928,False,55,55,22.601217850339708,14.750589322786702,13.442421215714102,0.3321554770318021
M05,sub-M05_ses-20240731T100000_behavior+ecephys.nwb,RSC,1,LtoR,19,37,0.08799376843490798,0.08799376843490794,0.08799376843490801,False,55,55,25.86755866666681,11.51531134833879,8.621948626084022,0.3941267387944359
M05,sub-M05_ses-20240731T100000_behavior+ecephys.nwb,RSC,1,LtoR,20,39,0.09928078491156962,0.0992807849115696,0.09928078491156968,False,55,55,21.46899733333339,14.715328044841787,13.289945893419722,0.34386617100371747
M05,sub-M05_ses-20240731T100000_behavior+ecephys.nwb,RSC,1,LtoR,21,41,0.0161775834827188,0.016177583482718784,0.016177583482718815,False,55,55,7.3563986666667915,20.741362448247532,19.567840175469858,0.6756756756756757
M05,sub-M05_ses-20240731T100000_behavior+ecephys.nwb,RSC,1,LtoR,22,43,0.10966379746638294,0.1096637974663829,0.10966379746638298,False,55,55,20.508991999999125,12.09491646877347,9.745614434395332,0.45525291828793774
M05,sub-M05_ses-20240731T100000_behavior+ecephys.nwb,RSC,1,LtoR,23,45,0.047126499769750176,0.04712649976975014,0.04712649976975019,False,55,55,25.306736000000456,12.119924644306609,11.445938867124955,0.3722397476340694
M05,sub-M05_ses-20240731T100000_behavior+ecephys.nwb,RSC,1,LtoR,24,47,0.0362326081418961,0.03623260814189607,0.03623260814189611,False,55,55,25.187356000000364,13.817620123136935,10.315363618513844,0.31695721077654515
M05,sub-M05_ses-20240731T100000_behavior+ecephys.nwb,RSC,1,LtoR,25,49,0.029380503949044973,0.029380503949044956,0.029380503949044994,False,55,55,16.657327372548934,16.308155450426995,14.617830362508132,0.38848920863309355
M05,sub-M05_ses-20240731T100000_behavior+ecephys.nwb,RSC,1,LtoR,26,51,0.10998273734085269,0.10998273734085263,0.10998273734085272,False,55,55,19.750289333333967,13.945639834630395,10.030372504665065,0.40404040404040403
M05,sub-M05_ses-20240731T100000_behavior+ecephys.nwb,RSC,1,LtoR,27,53,0.09600255698310858,0.09600255698310856,0.09600255698310863,False,55,55,14.552449333333243,16.074904659415296,15.575427760378982,0.45604395604395603
M05,sub-M05_ses-20240731T100000_behavior+ecephys.nwb,RSC,1,LtoR,28,55,0.08354895262609285,0.08354895262609284,0.0835489526260929,False,55,55,18.924095183672762,15.399921603661143,15.381998380179732,0.3642105263157895
M05,sub-M05_ses-20240731T100000_behavior+ecephys.nwb,RSC,1,LtoR,29,57,-0.0711494703791623,-0.07114947037916235,-0.07114947037916229,False,55,55,24.936512190476606,14.945669495262086,12.3885897159865,0.296474358974359
M05,sub-M05_ses-20240731T100000_behavior+ecephys.nwb,RSC,1,LtoR,30,59,0.03715475119489061,0.03715475119489059,0.03715475119489063,False,55,55,19.138176000000385,14.480548318184761,13.669420511328092,0.3958333333333333
M05,sub-M05_ses-20240731T100000_behavior+ecephys.nwb,RSC,1,LtoR,31,61,0.017295304222891925,0.017295304222891907,0.01729530422289194,False,55,55,12.87328133333267,20.93752095237698,22.83818857249021,0.38580246913580246
M05,sub-M05_ses-20240731T100000_behavior+ecephys.nwb,RSC,1,LtoR,32,63,0.00895135584330784,0.00895135584330782,0.008951355843307857,False,55,55,49.32584180392132,8.751856851670214,7.408798760955953,0.26682887266828875
M05,sub-M05_ses-20240731T100000_behavior+ecephys.nwb,RSC,1,LtoR,33,65,0.1671955847497464,0.16719558474974636,0.16719558474974644,False,55,55,16.751674666667896,12.462894140713274,12.645088324463133,0.5166666666666667
M05,sub-M05_ses-20240731T100000_behavior+ecephys.nwb,RSC,1,LtoR,34,67,0.08357159433946276,0.08357159433946273,0.0835715943394628,False,55,55,19.165463401359375,13.55681883954797,13.748486236529832,0.41164241164241167
M05,sub-M05_ses-20240731T100000_behavior+ecephys.nwb,RSC,1,LtoR,35,69,0.04714506733353949,0.047145067333539466,0.04714506733353951,False,55,55,16.79188666666596,14.573391450456132,15.095272692450393,0.4346793349168646
M05,sub-M05_ses-20240731T100000_behavior+ecephys.nwb,RSC,1,LtoR,36,71,0.0012565855865363986,0.0012565855865363832,0.0012565855865364134,False,55,55,20.790140000000974,11.021162162207736,8.613685952380695,0.508637236084453
M05,sub-M05_ses-20240731T100000_behavior+ecephys.nwb,RSC,1,LtoR,37,73,-0.10079284836053524,-0.10079284836053529,-0.1007928483605352,False,55,55,16.71142133333342,13.544820572050446,13.446577616013048,0.48687350835322196
M05,sub-M05_ses-20240731T100000_behavior+ecephys.nwb,RSC,1,LtoR,38,75,-0.028313069378559392,-0.02831306937855941,-0.028313069378559375,True,55,55,36.61354171428684,8.79559924570305,5.6312233854501486,0.4569247546346783
M05,sub-M05_ses-20240731T100000_behavior+ecephys.nwb,RSC,1,LtoR,39,77,0.01083283549239474,0.010832835492394723,0.010832835492394752,True,55,55,21.707671999998638,10.135343810002912,8.896605687782014,0.5220588235294118
M05,sub-M05_ses-20240731T100000_behavior+ecephys.nwb,RSC,1,LtoR,40,79,0.13277300213960214,0.1327730021396021,0.13277300213960216,True,55,55,22.28191910097121,12.28133418207719,9.80924881093717,0.42397137745974955
M05,sub-M05_ses-20240731T100000_behavior+ecephys.nwb,RSC,1,LtoR,41,81,0.036451779741898886,0.03645177974189887,0.03645177974189891,True,55,55,19.73676777777837,14.085223819591604,14.724438403619331,0.39068825910931176
M05,sub-M05_ses-20240731T100000_behavior+ecephys.nwb,RSC,1,LtoR,42,83,0.01789143005194692,0.017891430051946898,0.017891430051946933,True,55,55,30.184358666665503,10.763459537816214,9.203932351270323,0.376984126984127
M05,sub-M05_ses-20240731T100000_behavior+ecephys.nwb,RSC,1,LtoR,43,85,-0.0951733149427857,-0.09517331494278573,-0.09517331494278568,True,55,55,13.720369307189685,14.259344864668526,9.934693484626354,0.5507246376811594
M05,sub-M05_ses-20240731T100000_behavior+ecephys.nwb,RSC,1,LtoR,44,87,-0.04733178045413833,-0.04733178045413835,-0.04733178045413831,True,55,55,26.84688097905746,13.717565366732265,7.409193802004906,0.3293591654247392
M05,sub-M05_ses-20240731T100000_behavior+ecephys.nwb,RSC,1,LtoR,45,89,0.033836704172812954,0.03383670417281295,0.03383670417281298,True,55,55,15.91198600000098,15.448977248734488,14.14432168830367,0.44862155388471175
M05,sub-M05_ses-20240731T100000_behavior+ecephys.nwb,RSC,1,LtoR,46,91,0.08926648103913051,0.08926648103913049,0.08926648103913054,True,55,55,24.42733066666733,12.09866182882556,8.947963477044981,0.44607843137254904
M05,sub-M05_ses-20240731T100000_behavior+ecephys.nwb,RSC,1,LtoR,47,93,-0.028123016993592747,-0.028123016993592764,-0.028123016993592726,True,55,55,34.64280005442197,9.37292424111124,6.646240723200748,0.3875432525951557
M05,sub-M05_ses-20240731T100000_behavior+ecephys.nwb,RSC,1,RtoL,1,1,0.049096019157182376,0.04909601915718236,0.049096019157182404,False,55,55,44.24647133520011,11.552620908838504,8.58752470293707,0.4936708860759494
M05,sub-M05_ses-20240731T100000_behavior+ecephys.nwb,RSC,1,RtoL,2,3,0.09276365611076462,0.09276365611076458,0.09276365611076463,False,55,55,15.423464705881997,11.869096618499697,8.207256015868118,0.627906976744186
M05,sub-M05_ses-20240731T100000_behavior+ecephys.nwb,RSC,1,RtoL,3,6,0.05468908777133791,0.05468908777133788,0.05468908777133793,False,55,55,22.42857333333268,11.345762419437564,9.765689226483985,0.40998217468805703
M05,sub-M05_ses-20240731T100000_behavior+ecephys.nwb,RSC,1,RtoL,4,8,0.0842819989855618,0.08428199898556177,0.08428199898556182,False,55,55,24.070510884354007,11.79654208856481,8.357239803055686,0.41127694859038144
M05,sub-M05_ses-20240731T100000_behavior+ecephys.nwb,RSC,1,RtoL,5,10,0.13942966796652623,0.1394296679665262,0.13942966796652628,False,55,55,50.87207142857096,12.082885644315532,9.792937086362132,0.43676355066771405
M05,sub-M05_ses-20240731T100000_behavior+ecephys.nwb,RSC,1,RtoL,6,12,0.02923229391786548,0.02923229391786546,0.029232293917865502,False,55,55,20.389795333332586,12.014561524767045,8.689851921651837,0.461839530332681
M05,sub-M05_ses-20240731T100000_behavior+ecephys.nwb,RSC,1,RtoL,7,14,0.09544258067259442,0.0954425806725944,0.09544258067259445,False,55,55,21.371334938776272,11.842651718644515,6.901668838246193,0.4747663551401869
M05,sub-M05_ses-20240731T100000_behavior+ecephys.nwb,RSC,1,RtoL,8,16,0.027013102175365712,0.027013102175365702,0.02701310217536573,False,55,55,26.266309333333083,12.402472185190815,8.707048327831934,0.3404255319148936
M05,sub-M05_ses-20240731T100000_behavior+ecephys.nwb,RSC,1,RtoL,9,18,0.06106467354198987,0.06106467354198984,0.0610646735419899,False,55,55,28.8848167973847,10.94664149193981,6.713078295744166,0.41217150760719223
M05,sub-M05_ses-20240731T100000_behavior+ecephys.nwb,RSC,1,RtoL,10,20,0.02159585402713941,0.021595854027139396,0.02159585402713943,False,55,55,29.593909197279572,11.984939163458778,9.965925443135916,0.340080971659919
M05,sub-M05_ses-20240731T100000_behavior+ecephys.nwb,RSC,1,RtoL,11,22,0.003540416538490802,0.0035404165384907865,0.003540416538490821,False,55,55,12.415861605442842,16.41312093687384,13.632041187042626,0.5080385852090032
M05,sub-M05_ses-20240731T100000_behavior+ecephys.nwb,RSC,1,RtoL,12,24,-0.0173153002074613,-0.017315300207461318,-0.017315300207461286,False,55,55,28.079164888888045,15.496333590615182,12.750482102844147,0.24324324324324326
M05,sub-M05_ses-20240731T100000_behavior+ecephys.nwb,RSC,1,RtoL,13,26,0.09269463777424974,0.0926946377742497,0.09269463777424979,False,55,55,15.592222666666203,12.400774317653523,8.869728994514965,0.5703324808184144
M05,sub-M05_ses-20240731T100000_behavior+ecephys.nwb,RSC,1,RtoL,14,28,0.045224645009672715,0.0452246450096727,0.045224645009672736,False,55,55,54.77325466666662,13.355714209434499,12.843200265931015,0.1467153284671533
M05,sub-M05_ses-20240731T100000_behavior+ecephys.nwb,RSC,1,RtoL,15,30,0.02805862253742806,0.02805862253742804,0.028058622537428073,False,55,55,23.029124000000593,11.787049228803975,8.756331553870647,0.5
M05,sub-M05_ses-20240731T100000_behavior+ecephys.nwb,RSC,1,RtoL,16,32,0.022413814042977525,0.022413814042977508,0.022413814042977542,False,55,55,12.808829281045291,15.574013588193562,14.710502444495889,0.5434782608695652
M05,sub-M05_ses-20240731T100000_behavior+ecephys.nwb,RSC,1,RtoL,17,34,0.0818845611392626,0.08188456113926257,0.08188456113926262,False,55,55,9.676481333333868,16.784646721269556,16.38005807229269,0.6419753086419753
M05,sub-M05_ses-20240731T100000_behavior+ecephys.nwb,RSC,1,RtoL,18,36,0.037350175343443176,0.03735017534344315,0.0373501753434432,False,55,55,17.497560816326768,15.817008586385766,12.101756969175046,0.39635535307517084
M05,sub-M05_ses-20240731T100000_behavior+ecephys.nwb,RSC,1,RtoL,19,38,-0.004726206145743876,-0.004726206145743894,-0.004726206145743863,False,55,55,13.593539999999848,16.038383218475715,15.037299778810876,0.5161290322580645
M05,sub-M05_ses-20240731T100000_behavior+ecephys.nwb,RSC,1,RtoL,20,40,-0.0037216932251231166,-0.003721693225123134,-0.0037216932251231015,False,55,55,15.392373333333126,15.167154576326132,12.355618820611653,0.4727272727272727
M05,sub-M05_ses-20240731T100000_behavior+ecephys.nwb,RSC,1,RtoL,21,42,-0.02423299795958676,-0.024232997959586774,-0.024232997959586743,False,55,55,17.191650666667556,14.678502869356999,12.787137827146537,0.45243619489559167
M05,sub-M05_ses-20240731T100000_behavior+ecephys.nwb,RSC,1,RtoL,22,44,0.0840181961493017,0.08401819614930167,0.08401819614930174,False,55,55,15.512705333333543,12.75216272243233,11.187212748982052,0.5670103092783505
M05,sub-M05_ses-20240731T100000_behavior+ecephys.nwb,RSC,1,RtoL,23,46,0.12145618561742183,0.1214561856174218,0.12145618561742187,False,55,55,60.77055333333283,8.407081753516273,6.336174927185134,0.2638157894736842
M05,sub-M05_ses-20240731T100000_behavior+ecephys.nwb,RSC,1,RtoL,24,48,0.015915554749776798,0.01591555474977678,0.015915554749776815,False,55,55,15.552289333332737,13.1483409248621,7.416459827764913,0.5487179487179488
M05,sub-M05_ses-20240731T100000_behavior+ecephys.nwb,RSC,1,RtoL,25,50,-0.08973391553112904,-0.08973391553112907,-0.08973391553112899,False,55,55,55.86596196078426,13.004882362222743,10.772626005487593,0.15236051502145923
M05,sub-M05_ses-20240731T100000_behavior+ecephys.nwb,RSC,1,RtoL,26,52,0.06305952583472516,0.06305952583472513,0.06305952583472518,False,55,55,22.829210666666768,12.220235653759918,9.034163283403098,0.4178321678321678
M05,sub-M05_ses-20240731T100000_behavior+ecephys.nwb,RSC,1,RtoL,27,54,0.07256289389979745,0.07256289389979742,0.07256289389979749,False,55,55,17.991288000000168,11.520434788837887,10.233928270275392,0.5343680709534369
M05,sub-M05_ses-20240731T100000_behavior+ecephys.nwb,RSC,1,RtoL,28,56,-0.0021570811362506765,-0.0021570811362506947,-0.00215708113625066,False,55,55,19.867231292517317,12.609446890961495,7.599149153939473,0.4386317907444668
M05,sub-M05_ses-20240731T100000_behavior+ecephys.nwb,RSC,1,RtoL,29,58,0.026567926519314815,0.0265679265193148,0.026567926519314836,False,55,55,18.630321333333086,13.360793154933413,10.173024588621274,0.4475374732334047
M05,sub-M05_ses-20240731T100000_behavior+ecephys.nwb,RSC,1,RtoL,30,60,0.06316627465921662,0.06316627465921659,0.06316627465921663,False,55,55,23.721403999999893,12.265476238357465,7.090325488009697,0.4806070826306914
M05,sub-M05_ses-20240731T100000_behavior+ecephys.nwb,RSC,1,RtoL,31,62,0.05444160379011418,0.05444160379011416,0.05444160379011421,False,55,55,23.597671529411855,10.816482851763793,9.438052245314887,0.43147208121827413
M05,sub-M05_ses-20240731T100000_behavior+ecephys.nwb,RSC,1,RtoL,32,64,0.06921807387889795,0.0692180738788979,0.06921807387889797,False,55,55,28.46577199999956,12.155330350998502,11.34218880605335,0.3169705469845722
M05,sub-M05_ses-20240731T100000_behavior+ecephys.nwb,RSC,1,RtoL,33,66,-0.05299679821878499,-0.05299679821878501,-0.05299679821878497,False,55,55,27.091684598639404,11.65955690646344,6.879063533981454,0.39085545722713866
M05,sub-M05_ses-20240731T100000_behavior+ecephys.nwb,RSC,1,RtoL,34,68,-0.02237093103830238,-0.0223709310383024,-0.022370931038302358,False,55,55,21.708618666667462,12.18547723380909,9.26852611738728,0.46408839779005523
M05,sub-M05_ses-20240731T100000_behavior+ecephys.nwb,RSC,1,RtoL,35,70,-0.02376379877969971,-0.023763798779699728,-0.023763798779699693,False,55,55,16.47134133333384,12.892702570992157,8.956026926064812,0.5436893203883495
M05,sub-M05_ses-20240731T100000_behavior+ecephys.nwb,RSC,1,RtoL,36,72,0.002298124853428324,0.0022981248534283097,0.002298124853428344,False,55,55,22.748733333331984,10.623860359064963,8.26751984726394,0.48596491228070177
M05,sub-M05_ses-20240731T100000_behavior+ecephys.nwb,RSC,1,RtoL,37,74,0.03589829411644148,0.03589829411644146,0.035898294116441506,True,55,55,76.69054628571394,10.421245085733503,7.649150998695414,0.4562043795620438
M05,sub-M05_ses-20240731T100000_behavior+ecephys.nwb,RSC,1,RtoL,38,76,0.08141019508971868,0.08141019508971865,0.08141019508971871,True,55,55,40.940610666666544,12.495672848961874,8.815083545799137,0.5029296875
M05,sub-M05_ses-20240731T100000_behavior+ecephys.nwb,RSC,1,RtoL,39,78,0.11597286141322716,0.1159728614132271,0.1159728614132272,True,55,55,30.462095973858595,12.200353966711369,10.251753623465362,0.49868766404199477
M05,sub-M05_ses-20240731T100000_behavior+ecephys.nwb,RSC,1,RtoL,40,80,0.05603721660064055,0.05603721660064053,0.05603721660064058,True,55,55,26.83033514739327,11.600293895052472,9.453297793548725,0.35469448584202684
M05,sub-M05_ses-20240731T100000_behavior+ecephys.nwb,RSC,1,RtoL,41,82,0.01710945284074591,0.01710945284074589,0.017109452840745932,True,55,55,22.069934000001012,12.844851428446383,10.13730555756718,0.4104882459312839
M05,sub-M05_ses-20240731T100000_behavior+ecephys.nwb,RSC,1,RtoL,42,84,0.10504939185300358,0.10504939185300355,0.10504939185300363,True,55,55,63.001149359477495,12.022698460397597,8.669381815769121,0.37777777777777777
M05,sub-M05_ses-20240731T100000_behavior+ecephys.nwb,RSC,1,RtoL,43,86,0.025026520789700687,0.02502652078970067,0.02502652078970071,True,55,55,22.967665986927386,10.942986586509498,7.039003318174774,0.4608695652173913
M05,sub-M05_ses-20240731T100000_behavior+ecephys.nwb,RSC,1,RtoL,44,88,-0.027041019712854397,-0.027041019712854414,-0.027041019712854376,True,55,55,15.913752367347115,11.987776191010598,7.09272561449346,0.6875
M05,sub-M05_ses-20240731T100000_behavior+ecephys.nwb,RSC,1,RtoL,45,90,-0.05661153446038512,-0.056611534460385145,-0.0566115344603851,True,55,55,18.67127733333291,13.307649381421491,8.508019793455833,0.4925053533190578
M05,sub-M05_ses-20240731T100000_behavior+ecephys.nwb,RSC,1,RtoL,46,92,-0.14679015758775515,-0.1467901575877552,-0.14679015758775513,True,55,55,16.052002612244905,13.223078477004465,11.635512755448929,0.5483870967741935
